machine_name,node_id,timestamp,voltage_l1,voltage_l2,voltage_l3,current_l1,current_l2,current_l3,active_power_kw,kwh,kvarh,pf,temperature,vibration,co2_ppm
JMS Industrial,TX-JMS,2026-03-11T08:43:14.187Z,403.4,400.5,404.7,17.77,17.78,15.35,20.50,121.708,12.171,0.93,42.2,1.79,413
EBOOT CNC,TX-EBOOT,2026-03-11T08:43:14.187Z,404.3,402.0,401.6,16.41,17.95,16.76,20.58,86.715,8.672,0.85,41.7,0.33,470
SARA Mill,TX-SARA,2026-03-11T08:43:14.187Z,400.9,401.8,396.2,18.90,16.88,16.31,20.82,151.735,15.174,0.86,64.5,1.48,459
Compressor Array,D-003,2026-03-11T08:43:14.187Z,397.3,403.7,396.2,15.37,19.64,19.83,21.89,46.824,4.682,0.91,62.2,1.55,426
JMS Industrial,TX-JMS,2026-03-11T08:48:14.187Z,401.3,403.7,403.8,15.62,15.27,17.08,19.33,123.319,12.332,0.91,64.8,0.96,409
EBOOT CNC,TX-EBOOT,2026-03-11T08:48:14.187Z,403.9,402.1,404.3,17.13,17.84,19.11,21.82,88.533,8.853,0.94,40.7,2.02,447
SARA Mill,TX-SARA,2026-03-11T08:48:14.187Z,396.3,403.0,401.4,15.32,15.37,15.16,18.35,153.264,15.326,0.85,54.8,1.05,468
Compressor Array,D-003,2026-03-11T08:48:14.187Z,404.9,398.7,404.1,18.47,19.93,16.35,22.03,48.660,4.866,0.93,60.4,0.62,482
JMS Industrial,TX-JMS,2026-03-11T08:53:14.187Z,395.1,401.8,396.4,16.49,19.78,15.57,20.63,125.038,12.504,0.87,52.2,0.55,407
EBOOT CNC,TX-EBOOT,2026-03-11T08:53:14.187Z,398.8,398.7,399.9,15.56,19.55,15.35,20.14,90.212,9.021,0.87,50.0,1.74,468
SARA Mill,TX-SARA,2026-03-11T08:53:14.187Z,396.1,400.3,403.3,15.98,17.11,17.38,20.19,154.947,15.495,0.93,53.8,1.38,455
Compressor Array,D-003,2026-03-11T08:53:14.187Z,395.0,398.9,400.6,18.04,17.67,18.84,21.72,50.471,5.047,0.88,41.4,1.50,437
JMS Industrial,TX-JMS,2026-03-11T08:58:14.187Z,396.6,396.3,395.7,19.57,16.36,17.81,21.29,126.813,12.681,0.90,49.8,1.84,494
EBOOT CNC,TX-EBOOT,2026-03-11T08:58:14.187Z,403.4,395.9,402.6,17.34,16.36,15.25,19.61,91.846,9.185,0.87,56.3,1.24,484
SARA Mill,TX-SARA,2026-03-11T08:58:14.187Z,401.5,399.1,400.3,17.03,18.92,19.82,22.32,156.807,15.681,0.87,48.6,1.97,434
Compressor Array,D-003,2026-03-11T08:58:14.187Z,395.1,402.4,398.8,19.01,16.01,18.12,21.18,52.235,5.224,0.88,55.9,1.31,411
JMS Industrial,TX-JMS,2026-03-11T09:03:14.187Z,404.8,398.0,401.9,19.50,16.18,18.42,21.74,128.624,12.862,0.87,58.2,0.23,476
EBOOT CNC,TX-EBOOT,2026-03-11T09:03:14.187Z,395.9,398.5,396.2,18.72,15.46,19.34,21.23,93.616,9.362,0.95,42.1,2.04,415
SARA Mill,TX-SARA,2026-03-11T09:03:14.187Z,404.2,398.7,402.3,16.81,15.63,17.27,19.98,158.471,15.847,0.93,65.4,1.91,451
Compressor Array,D-003,2026-03-11T09:03:14.187Z,400.7,397.5,402.5,16.08,16.92,17.16,20.07,53.908,5.391,0.92,56.4,1.70,431
JMS Industrial,TX-JMS,2026-03-11T09:08:14.187Z,401.6,404.8,403.1,19.37,18.42,18.60,22.73,130.519,13.052,0.93,54.8,0.92,469
EBOOT CNC,TX-EBOOT,2026-03-11T09:08:14.187Z,399.9,398.4,395.4,16.81,16.50,18.15,20.47,95.322,9.532,0.87,65.1,2.06,484
SARA Mill,TX-SARA,2026-03-11T09:08:14.187Z,396.9,402.0,401.4,15.47,18.41,17.06,20.39,160.170,16.017,0.93,61.8,0.23,466
Compressor Array,D-003,2026-03-11T09:08:14.187Z,397.9,403.2,403.1,15.43,17.09,17.13,19.94,55.570,5.557,0.92,67.3,1.23,416
JMS Industrial,TX-JMS,2026-03-11T09:13:14.187Z,399.6,400.0,404.8,16.11,18.53,19.01,21.54,132.314,13.231,0.87,67.7,0.44,480
EBOOT CNC,TX-EBOOT,2026-03-11T09:13:14.187Z,403.9,399.2,402.0,19.38,19.40,18.77,23.12,97.248,9.725,0.87,69.7,0.54,461
SARA Mill,TX-SARA,2026-03-11T09:13:14.187Z,401.0,399.6,400.4,17.36,19.66,18.20,22.11,162.013,16.201,0.94,49.3,0.46,466
Compressor Array,D-003,2026-03-11T09:13:14.187Z,400.0,399.5,400.5,17.29,18.36,15.11,20.30,57.262,5.726,0.93,43.4,0.29,482
JMS Industrial,TX-JMS,2026-03-11T09:18:14.187Z,396.5,401.1,403.8,17.92,15.00,16.32,19.71,133.956,13.396,0.85,54.8,1.55,500
EBOOT CNC,TX-EBOOT,2026-03-11T09:18:14.187Z,402.4,404.1,396.0,17.04,15.08,17.77,19.99,98.914,9.891,0.90,43.9,1.16,471
SARA Mill,TX-SARA,2026-03-11T09:18:14.187Z,399.2,402.7,402.4,17.96,19.13,16.52,21.52,163.806,16.381,0.92,47.6,1.52,413
Compressor Array,D-003,2026-03-11T09:18:14.187Z,397.5,401.8,397.4,16.41,15.53,17.29,19.63,58.898,5.890,0.91,47.3,0.74,494
JMS Industrial,TX-JMS,2026-03-11T09:23:14.187Z,399.6,403.8,399.4,17.37,18.73,19.00,22.09,135.798,13.580,0.92,52.2,2.14,464
EBOOT CNC,TX-EBOOT,2026-03-11T09:23:14.187Z,395.5,402.9,399.8,19.45,19.12,15.83,21.73,100.724,10.072,0.93,55.2,1.49,419
SARA Mill,TX-SARA,2026-03-11T09:23:14.187Z,404.5,395.2,404.7,17.44,19.89,19.17,22.67,165.695,16.570,0.92,50.1,0.95,406
Compressor Array,D-003,2026-03-11T09:23:14.187Z,395.7,399.4,395.0,15.25,19.23,19.03,21.23,60.668,6.067,0.91,51.6,0.95,419
JMS Industrial,TX-JMS,2026-03-11T09:28:14.187Z,404.0,403.5,397.1,19.89,15.01,15.25,20.15,137.477,13.748,0.88,54.1,0.60,435
EBOOT CNC,TX-EBOOT,2026-03-11T09:28:14.187Z,398.8,396.1,399.2,16.34,15.76,19.97,20.73,102.452,10.245,0.90,56.8,1.08,454
SARA Mill,TX-SARA,2026-03-11T09:28:14.187Z,397.7,395.7,404.3,18.25,16.06,19.53,21.51,167.488,16.749,0.94,48.5,1.73,487
Compressor Array,D-003,2026-03-11T09:28:14.187Z,395.5,396.5,395.0,17.14,18.71,15.31,20.25,62.355,6.235,0.95,64.7,0.73,431
JMS Industrial,TX-JMS,2026-03-11T09:33:14.187Z,401.1,401.3,400.7,18.73,18.01,17.06,21.58,139.275,13.927,0.90,49.4,0.73,492
EBOOT CNC,TX-EBOOT,2026-03-11T09:33:14.187Z,398.9,395.7,402.2,17.30,19.99,16.63,21.50,104.244,10.424,0.93,43.2,1.37,422
SARA Mill,TX-SARA,2026-03-11T09:33:14.187Z,399.1,404.2,397.6,16.42,15.24,18.44,20.04,169.158,16.916,0.88,47.4,1.41,461
Compressor Array,D-003,2026-03-11T09:33:14.187Z,403.2,398.3,396.2,16.86,15.92,17.06,19.90,64.013,6.401,0.90,46.9,1.70,433
JMS Industrial,TX-JMS,2026-03-11T09:38:14.187Z,396.4,396.8,404.0,18.43,18.46,18.36,22.05,141.112,14.111,0.86,51.0,0.30,483
EBOOT CNC,TX-EBOOT,2026-03-11T09:38:14.187Z,401.5,403.0,402.6,17.45,18.66,18.73,22.07,106.083,10.608,0.85,69.1,1.92,490
SARA Mill,TX-SARA,2026-03-11T09:38:14.187Z,403.0,395.6,400.7,19.24,18.45,19.30,22.79,171.057,17.106,0.91,50.1,0.80,413
Compressor Array,D-003,2026-03-11T09:38:14.187Z,404.4,399.0,404.6,15.60,18.10,16.93,20.38,65.712,6.571,0.93,63.8,1.48,475
JMS Industrial,TX-JMS,2026-03-11T09:43:14.187Z,400.6,395.8,400.1,15.10,19.05,15.67,19.86,142.767,14.277,0.86,46.2,1.40,451
EBOOT CNC,TX-EBOOT,2026-03-11T09:43:14.187Z,395.6,404.2,398.8,16.37,19.74,16.40,20.99,107.832,10.783,0.90,49.5,1.69,425
SARA Mill,TX-SARA,2026-03-11T09:43:14.187Z,397.0,395.8,399.5,15.82,16.97,18.49,20.38,172.755,17.276,0.92,41.6,1.13,416
Compressor Array,D-003,2026-03-11T09:43:14.187Z,401.4,398.4,397.0,18.04,17.35,17.77,21.21,67.479,6.748,0.86,57.3,1.36,456
JMS Industrial,TX-JMS,2026-03-11T09:48:14.187Z,401.2,400.0,404.8,18.21,15.45,15.31,19.68,144.407,14.441,0.94,52.9,0.68,486
EBOOT CNC,TX-EBOOT,2026-03-11T09:48:14.187Z,403.0,403.9,398.6,19.71,18.68,19.81,23.38,109.781,10.978,0.94,67.5,2.00,431
SARA Mill,TX-SARA,2026-03-11T09:48:14.187Z,399.6,399.3,404.2,18.13,19.73,19.82,23.13,174.683,17.468,0.88,61.9,0.25,451
Compressor Array,D-003,2026-03-11T09:48:14.187Z,400.9,401.7,403.1,18.14,19.59,18.40,22.56,69.359,6.936,0.88,68.2,1.59,417
JMS Industrial,TX-JMS,2026-03-11T09:53:14.187Z,404.4,403.5,404.5,19.32,16.12,17.45,21.38,146.189,14.619,0.86,42.7,0.22,422
EBOOT CNC,TX-EBOOT,2026-03-11T09:53:14.187Z,398.8,401.4,403.7,16.36,19.57,18.91,22.01,111.615,11.162,0.89,56.3,2.11,409
SARA Mill,TX-SARA,2026-03-11T09:53:14.187Z,401.8,397.6,401.9,17.95,19.42,15.97,21.35,176.462,17.646,0.93,42.5,1.10,434
Compressor Array,D-003,2026-03-11T09:53:14.187Z,404.9,399.3,395.1,18.90,16.39,18.76,21.61,71.160,7.116,0.91,60.9,0.88,439
JMS Industrial,TX-JMS,2026-03-11T09:58:14.187Z,399.4,396.2,395.6,18.73,18.67,18.58,22.23,148.041,14.804,0.91,59.1,0.23,495
EBOOT CNC,TX-EBOOT,2026-03-11T09:58:14.187Z,404.1,403.5,396.5,15.11,19.23,15.58,20.04,113.286,11.329,0.88,48.2,1.54,464
SARA Mill,TX-SARA,2026-03-11T09:58:14.187Z,399.7,399.8,403.1,15.96,18.57,15.21,19.93,178.123,17.812,0.92,43.7,1.01,410
Compressor Array,D-003,2026-03-11T09:58:14.187Z,402.2,400.0,397.0,16.08,17.06,16.75,19.94,72.822,7.282,0.92,52.5,1.74,479
JMS Industrial,TX-JMS,2026-03-11T10:03:14.187Z,404.1,399.9,396.7,19.74,17.46,15.02,20.92,149.784,14.978,0.91,61.3,1.13,402
EBOOT CNC,TX-EBOOT,2026-03-11T10:03:14.187Z,402.1,401.9,398.0,16.10,18.83,19.46,21.79,115.101,11.510,0.91,57.7,0.69,467
SARA Mill,TX-SARA,2026-03-11T10:03:14.187Z,400.9,400.3,402.4,15.76,16.66,18.37,20.38,179.821,17.982,0.91,54.1,0.53,420
Compressor Array,D-003,2026-03-11T10:03:14.187Z,399.5,404.7,404.9,16.41,18.11,17.16,20.83,74.558,7.456,0.92,41.0,0.56,445
JMS Industrial,TX-JMS,2026-03-11T10:08:14.187Z,400.3,404.4,397.2,15.91,16.03,19.43,20.57,151.498,15.150,0.86,48.8,1.24,477
EBOOT CNC,TX-EBOOT,2026-03-11T10:08:14.187Z,404.8,399.2,404.8,19.62,19.30,16.66,22.39,116.967,11.697,0.86,64.0,1.23,432
SARA Mill,TX-SARA,2026-03-11T10:08:14.187Z,403.2,395.3,401.4,17.84,18.32,15.03,20.47,181.527,18.153,0.92,60.8,1.39,496
Compressor Array,D-003,2026-03-11T10:08:14.187Z,395.9,397.4,395.7,17.00,17.73,17.57,20.73,76.285,7.629,0.90,45.1,1.77,457
JMS Industrial,TX-JMS,2026-03-11T10:13:14.187Z,396.2,402.7,402.2,17.87,16.74,15.31,19.98,153.163,15.316,0.88,65.2,0.89,464
EBOOT CNC,TX-EBOOT,2026-03-11T10:13:14.187Z,399.4,400.2,399.7,18.57,16.50,19.94,21.99,118.800,11.880,0.92,65.6,1.44,472
SARA Mill,TX-SARA,2026-03-11T10:13:14.187Z,397.4,403.5,401.2,19.75,16.80,18.99,22.24,183.381,18.338,0.90,46.6,1.13,463
Compressor Array,D-003,2026-03-11T10:13:14.187Z,404.8,402.1,399.1,17.32,15.76,16.66,20.00,77.952,7.795,0.90,69.2,0.46,460
JMS Industrial,TX-JMS,2026-03-11T10:18:14.187Z,396.4,399.1,403.2,19.53,18.42,15.47,21.33,154.941,15.494,0.86,60.7,1.61,419
EBOOT CNC,TX-EBOOT,2026-03-11T10:18:14.187Z,395.6,397.3,400.9,18.03,18.27,18.23,21.70,120.608,12.061,0.92,45.9,0.86,429
SARA Mill,TX-SARA,2026-03-11T10:18:14.187Z,396.4,395.5,396.5,16.57,17.42,18.10,20.64,185.101,18.510,0.89,50.9,2.01,469
Compressor Array,D-003,2026-03-11T10:18:14.187Z,399.8,398.6,396.5,17.22,17.23,18.56,21.11,79.711,7.971,0.87,48.9,0.39,453
JMS Industrial,TX-JMS,2026-03-11T10:23:14.187Z,403.2,404.5,400.8,19.27,16.72,17.56,21.57,156.738,15.674,0.95,67.8,0.56,466
EBOOT CNC,TX-EBOOT,2026-03-11T10:23:14.187Z,404.6,398.1,404.1,17.89,16.49,19.51,21.69,122.416,12.242,0.94,68.7,0.75,451
SARA Mill,TX-SARA,2026-03-11T10:23:14.187Z,401.2,396.6,397.3,16.15,18.19,15.85,19.99,186.767,18.677,0.90,49.7,0.59,416
Compressor Array,D-003,2026-03-11T10:23:14.187Z,398.0,405.0,402.4,17.24,19.89,16.42,21.53,81.505,8.150,0.93,65.8,1.94,476
JMS Industrial,TX-JMS,2026-03-11T10:28:14.187Z,401.2,397.9,401.3,18.49,17.02,16.98,21.01,158.489,15.849,0.92,67.0,1.77,449
EBOOT CNC,TX-EBOOT,2026-03-11T10:28:14.187Z,403.0,397.9,404.9,18.02,19.33,18.46,22.43,124.285,12.428,0.92,45.8,2.13,494
SARA Mill,TX-SARA,2026-03-11T10:28:14.187Z,401.3,396.9,397.5,15.49,15.68,19.42,20.16,188.446,18.845,0.93,52.8,0.62,432
Compressor Array,D-003,2026-03-11T10:28:14.187Z,403.7,403.6,395.8,18.04,17.72,18.77,21.86,83.327,8.333,0.88,62.2,0.71,466
JMS Industrial,TX-JMS,2026-03-11T10:33:14.187Z,402.6,403.2,399.3,16.15,19.91,19.62,22.36,160.352,16.035,0.86,53.2,0.95,498
EBOOT CNC,TX-EBOOT,2026-03-11T10:33:14.187Z,404.6,402.0,403.0,19.00,18.01,16.99,21.77,126.099,12.610,0.87,49.9,1.29,444
SARA Mill,TX-SARA,2026-03-11T10:33:14.187Z,396.3,397.6,398.0,17.61,18.41,16.48,20.86,190.185,19.018,0.86,45.2,1.23,421
Compressor Array,D-003,2026-03-11T10:33:14.187Z,404.6,395.5,401.7,18.71,15.24,18.08,20.86,85.065,8.507,0.89,61.4,1.20,415
JMS Industrial,TX-JMS,2026-03-11T10:38:14.187Z,396.5,401.9,401.6,17.33,15.18,18.54,20.42,162.054,16.205,0.88,61.3,1.44,451
EBOOT CNC,TX-EBOOT,2026-03-11T10:38:14.187Z,399.7,399.7,400.9,18.65,16.55,17.83,21.22,127.868,12.787,0.91,62.8,2.19,485
SARA Mill,TX-SARA,2026-03-11T10:38:14.187Z,397.7,404.8,404.3,15.99,16.64,15.08,19.20,191.784,19.178,0.94,56.1,2.10,421
Compressor Array,D-003,2026-03-11T10:38:14.187Z,402.5,403.6,397.5,18.33,17.46,15.80,20.70,86.791,8.679,0.89,50.8,0.51,439
JMS Industrial,TX-JMS,2026-03-11T10:43:14.187Z,404.4,404.3,403.2,19.13,17.22,18.10,22.00,163.887,16.389,0.94,48.8,0.32,417
EBOOT CNC,TX-EBOOT,2026-03-11T10:43:14.187Z,401.6,398.9,400.1,18.42,16.30,16.52,20.51,129.577,12.958,0.90,59.6,1.53,496
SARA Mill,TX-SARA,2026-03-11T10:43:14.187Z,398.2,396.3,396.9,16.14,15.28,18.36,19.77,193.432,19.343,0.91,47.2,1.70,453
Compressor Array,D-003,2026-03-11T10:43:14.187Z,399.9,398.9,400.5,16.79,15.79,17.04,19.84,88.444,8.844,0.86,57.7,0.97,418
JMS Industrial,TX-JMS,2026-03-11T10:48:14.187Z,397.2,395.4,398.5,15.93,17.13,19.36,20.81,165.622,16.562,0.91,44.9,0.49,463
EBOOT CNC,TX-EBOOT,2026-03-11T10:48:14.187Z,396.3,403.8,396.1,15.27,18.46,19.24,21.13,131.337,13.134,0.91,66.9,1.98,406
SARA Mill,TX-SARA,2026-03-11T10:48:14.187Z,400.0,398.3,396.8,17.38,18.35,19.76,22.10,195.273,19.527,0.94,60.3,0.47,477
Compressor Array,D-003,2026-03-11T10:48:14.187Z,403.4,398.3,398.0,19.19,16.76,19.55,22.20,90.294,9.029,0.93,63.2,1.54,470
JMS Industrial,TX-JMS,2026-03-11T10:53:14.187Z,396.5,403.1,404.9,17.38,15.14,17.81,20.20,167.305,16.731,0.93,68.9,1.47,483
EBOOT CNC,TX-EBOOT,2026-03-11T10:53:14.187Z,401.7,403.8,398.6,15.46,17.39,15.25,19.31,132.947,13.295,0.86,43.0,0.98,475
SARA Mill,TX-SARA,2026-03-11T10:53:14.187Z,396.4,397.7,402.1,15.22,17.02,19.85,20.78,197.005,19.701,0.92,54.1,1.80,417
Compressor Array,D-003,2026-03-11T10:53:14.187Z,401.7,403.2,396.3,18.33,15.74,17.74,20.74,92.022,9.202,0.88,61.0,1.67,496
JMS Industrial,TX-JMS,2026-03-11T10:58:14.187Z,397.7,398.0,400.2,16.19,15.29,19.25,20.23,168.991,16.899,0.91,69.5,0.66,438
EBOOT CNC,TX-EBOOT,2026-03-11T10:58:14.187Z,404.2,395.5,402.4,18.76,18.47,16.01,21.33,134.724,13.472,0.87,64.1,0.30,414
SARA Mill,TX-SARA,2026-03-11T10:58:14.187Z,395.3,395.4,403.1,18.05,16.07,18.22,20.83,198.741,19.874,0.87,65.8,0.44,434
Compressor Array,D-003,2026-03-11T10:58:14.187Z,396.9,402.1,403.5,15.61,15.67,16.32,19.08,93.612,9.361,0.94,59.2,0.72,421
JMS Industrial,TX-JMS,2026-03-11T11:03:14.187Z,399.2,398.4,404.5,16.45,15.18,17.31,19.62,170.626,17.063,0.85,58.5,1.64,461
EBOOT CNC,TX-EBOOT,2026-03-11T11:03:14.187Z,404.5,404.9,402.7,17.59,17.93,16.26,20.92,136.468,13.647,0.93,62.8,1.19,496
SARA Mill,TX-SARA,2026-03-11T11:03:14.187Z,402.6,396.3,395.6,19.34,17.24,16.76,21.25,200.512,20.051,0.87,47.8,1.73,471
Compressor Array,D-003,2026-03-11T11:03:14.187Z,397.4,398.7,399.8,15.87,18.40,19.12,21.29,95.386,9.539,0.89,67.8,0.48,455
JMS Industrial,TX-JMS,2026-03-11T11:08:14.187Z,404.3,396.5,397.9,17.64,16.09,15.08,19.51,172.252,17.225,0.88,55.9,0.73,445
EBOOT CNC,TX-EBOOT,2026-03-11T11:08:14.187Z,403.7,401.1,402.6,17.63,17.32,15.45,20.29,138.158,13.816,0.94,43.2,0.65,400
SARA Mill,TX-SARA,2026-03-11T11:08:14.187Z,402.6,395.4,399.1,18.68,18.79,15.79,21.25,202.283,20.228,0.87,63.6,1.78,476
Compressor Array,D-003,2026-03-11T11:08:14.187Z,396.4,399.6,397.8,19.78,18.73,17.12,22.14,97.230,9.723,0.87,44.6,1.03,478
JMS Industrial,TX-JMS,2026-03-11T11:13:14.187Z,399.0,397.1,402.3,16.38,16.52,17.81,20.26,173.940,17.394,0.90,67.0,0.35,439
EBOOT CNC,TX-EBOOT,2026-03-11T11:13:14.187Z,399.2,400.3,400.6,19.37,17.43,18.91,22.28,140.015,14.002,0.90,51.4,1.61,440
SARA Mill,TX-SARA,2026-03-11T11:13:14.187Z,403.0,396.0,404.7,18.76,17.80,15.75,20.98,204.032,20.403,0.94,46.7,1.61,401
Compressor Array,D-003,2026-03-11T11:13:14.187Z,404.8,395.8,396.6,16.63,17.42,15.44,19.75,98.876,9.888,0.92,60.8,0.40,482
JMS Industrial,TX-JMS,2026-03-11T11:18:14.187Z,395.7,399.5,399.8,17.01,16.74,19.82,21.35,175.719,17.572,0.90,64.1,0.22,468
EBOOT CNC,TX-EBOOT,2026-03-11T11:18:14.187Z,397.6,404.3,403.3,19.15,19.14,15.43,21.57,141.813,14.181,0.94,45.9,0.22,421
SARA Mill,TX-SARA,2026-03-11T11:18:14.187Z,400.6,403.6,398.9,16.41,16.83,19.09,20.98,205.780,20.578,0.90,58.4,1.51,464
Compressor Array,D-003,2026-03-11T11:18:14.187Z,403.5,395.7,396.1,15.32,19.57,16.77,20.57,100.590,10.059,0.88,53.1,0.36,474
JMS Industrial,TX-JMS,2026-03-11T11:23:14.187Z,399.0,402.0,400.9,18.47,17.93,15.54,20.81,177.453,17.745,0.88,50.7,2.16,478
EBOOT CNC,TX-EBOOT,2026-03-11T11:23:14.187Z,403.9,399.0,402.1,17.17,15.38,16.74,19.80,143.464,14.346,0.88,41.4,1.30,462
SARA Mill,TX-SARA,2026-03-11T11:23:14.187Z,403.4,397.0,397.0,16.83,16.77,19.28,21.10,207.539,20.754,0.92,41.1,0.79,495
Compressor Array,D-003,2026-03-11T11:23:14.187Z,398.9,397.4,402.3,15.09,18.59,15.39,19.60,102.224,10.222,0.87,47.8,0.69,473
JMS Industrial,TX-JMS,2026-03-11T11:28:14.187Z,400.2,399.3,398.7,15.28,16.26,16.88,19.34,179.065,17.906,0.90,59.3,0.76,460
EBOOT CNC,TX-EBOOT,2026-03-11T11:28:14.187Z,395.9,399.0,399.6,18.93,15.78,17.73,20.88,145.203,14.520,0.91,61.4,0.63,435
SARA Mill,TX-SARA,2026-03-11T11:28:14.187Z,401.5,403.7,396.5,16.16,18.89,18.38,21.40,209.323,20.932,0.92,62.9,0.25,401
Compressor Array,D-003,2026-03-11T11:28:14.187Z,400.8,404.1,395.1,18.63,15.80,15.38,19.93,103.884,10.388,0.87,59.7,0.89,449
JMS Industrial,TX-JMS,2026-03-11T11:33:14.187Z,399.6,397.2,404.5,17.06,15.96,16.75,19.93,180.726,18.073,0.87,42.5,1.31,453
EBOOT CNC,TX-EBOOT,2026-03-11T11:33:14.187Z,401.6,396.3,403.8,18.06,16.73,16.02,20.35,146.899,14.690,0.86,46.8,0.58,420
SARA Mill,TX-SARA,2026-03-11T11:33:14.187Z,401.8,398.4,401.0,19.88,16.14,19.06,22.06,211.161,21.116,0.88,44.0,0.30,454
Compressor Array,D-003,2026-03-11T11:33:14.187Z,399.4,401.4,404.7,17.10,15.44,15.37,19.25,105.488,10.549,0.89,49.0,2.01,474
JMS Industrial,TX-JMS,2026-03-11T11:38:14.187Z,397.4,400.7,396.6,16.97,17.88,19.51,21.65,182.530,18.253,0.94,55.9,0.82,457
EBOOT CNC,TX-EBOOT,2026-03-11T11:38:14.187Z,404.5,397.3,399.9,18.30,15.69,17.45,20.61,148.617,14.862,0.91,66.9,1.78,479
SARA Mill,TX-SARA,2026-03-11T11:38:14.187Z,398.6,404.1,402.1,19.87,17.39,15.97,21.37,212.942,21.294,0.90,63.4,0.33,479
Compressor Array,D-003,2026-03-11T11:38:14.187Z,395.2,399.4,396.1,16.09,15.65,15.64,18.81,107.056,10.706,0.90,51.6,2.14,471
JMS Industrial,TX-JMS,2026-03-11T11:43:14.187Z,404.2,396.9,404.7,15.67,16.09,18.69,20.29,184.220,18.422,0.92,62.7,1.51,498
EBOOT CNC,TX-EBOOT,2026-03-11T11:43:14.187Z,402.8,399.0,395.3,16.43,15.27,19.22,20.31,150.309,15.031,0.88,59.8,2.10,424
SARA Mill,TX-SARA,2026-03-11T11:43:14.187Z,399.7,396.3,404.8,19.99,17.16,17.29,21.79,214.758,21.476,0.88,42.6,1.58,404
Compressor Array,D-003,2026-03-11T11:43:14.187Z,403.4,396.5,401.4,16.12,18.39,17.33,20.76,108.785,10.879,0.86,65.5,0.46,440
JMS Industrial,TX-JMS,2026-03-11T11:48:14.187Z,403.3,402.4,398.5,18.25,18.16,18.36,21.98,186.052,18.605,0.94,65.1,1.69,467
EBOOT CNC,TX-EBOOT,2026-03-11T11:48:14.187Z,400.9,404.2,403.4,15.03,16.29,17.97,19.86,151.964,15.196,0.94,55.8,1.37,446
SARA Mill,TX-SARA,2026-03-11T11:48:14.187Z,397.4,403.5,400.3,16.88,16.21,15.44,19.43,216.377,21.638,0.95,40.7,1.01,405
Compressor Array,D-003,2026-03-11T11:48:14.187Z,403.6,403.9,404.6,16.20,15.03,16.16,19.15,110.381,11.038,0.85,65.6,1.74,447
JMS Industrial,TX-JMS,2026-03-11T11:53:14.187Z,396.2,401.9,397.2,17.53,18.38,19.91,22.24,187.906,18.791,0.94,51.3,0.79,489
EBOOT CNC,TX-EBOOT,2026-03-11T11:53:14.187Z,396.6,398.7,399.2,17.47,18.08,19.08,21.76,153.777,15.378,0.86,66.5,0.34,469
SARA Mill,TX-SARA,2026-03-11T11:53:14.187Z,397.8,398.7,400.7,17.41,19.34,17.47,21.64,218.181,21.818,0.93,49.1,2.00,474
Compressor Array,D-003,2026-03-11T11:53:14.187Z,398.0,398.9,404.3,19.14,16.06,16.11,20.54,112.092,11.209,0.90,45.2,1.39,442
JMS Industrial,TX-JMS,2026-03-11T11:58:14.187Z,400.4,402.4,403.9,16.78,19.02,19.19,22.13,189.749,18.975,0.88,68.3,2.17,443
EBOOT CNC,TX-EBOOT,2026-03-11T11:58:14.187Z,396.4,401.1,399.5,16.80,17.94,18.49,21.24,155.547,15.555,0.88,50.5,0.25,485
SARA Mill,TX-SARA,2026-03-11T11:58:14.187Z,396.8,398.0,398.9,18.05,15.83,19.11,21.09,219.938,21.994,0.88,67.4,1.07,499
Compressor Array,D-003,2026-03-11T11:58:14.187Z,400.9,400.8,400.3,16.92,18.89,19.51,22.17,113.939,11.394,0.91,52.5,1.35,500
JMS Industrial,TX-JMS,2026-03-11T12:03:14.187Z,403.7,401.2,400.2,18.29,19.71,18.45,22.68,191.639,19.164,0.95,48.6,1.30,494
EBOOT CNC,TX-EBOOT,2026-03-11T12:03:14.187Z,397.1,401.1,401.3,18.63,19.39,16.83,21.93,157.374,15.737,0.87,51.7,1.88,475
SARA Mill,TX-SARA,2026-03-11T12:03:14.187Z,396.9,400.1,397.3,16.76,18.22,15.74,20.20,221.621,22.162,0.88,46.2,1.25,403
Compressor Array,D-003,2026-03-11T12:03:14.187Z,397.9,397.6,395.1,17.49,19.11,17.27,21.38,115.721,11.572,0.91,46.8,0.83,451
JMS Industrial,TX-JMS,2026-03-11T12:08:14.187Z,403.8,395.6,400.4,15.55,18.83,18.56,21.16,193.403,19.340,0.92,55.4,0.52,473
EBOOT CNC,TX-EBOOT,2026-03-11T12:08:14.187Z,397.1,399.0,397.5,16.40,17.01,18.49,20.65,159.095,15.909,0.94,59.5,0.83,423
SARA Mill,TX-SARA,2026-03-11T12:08:14.187Z,403.6,398.2,402.4,18.24,16.91,16.21,20.62,223.340,22.334,0.95,57.8,0.91,427
Compressor Array,D-003,2026-03-11T12:08:14.187Z,399.5,395.4,395.9,19.68,17.36,18.56,22.07,117.560,11.756,0.94,58.8,2.06,407
JMS Industrial,TX-JMS,2026-03-11T12:13:14.187Z,400.8,400.1,395.0,15.03,19.21,19.21,21.30,195.177,19.518,0.86,45.3,1.61,445
EBOOT CNC,TX-EBOOT,2026-03-11T12:13:14.187Z,402.8,401.2,404.3,15.73,17.13,19.15,20.95,160.841,16.084,0.90,42.6,2.03,463
SARA Mill,TX-SARA,2026-03-11T12:13:14.187Z,397.9,396.1,397.4,17.24,17.77,18.41,21.22,225.107,22.511,0.93,48.9,1.17,420
Compressor Array,D-003,2026-03-11T12:13:14.187Z,396.5,398.1,395.3,19.26,15.09,15.50,19.77,119.208,11.921,0.89,49.0,1.86,474
JMS Industrial,TX-JMS,2026-03-11T12:18:14.187Z,398.4,396.4,399.0,16.47,15.47,17.16,19.54,196.806,19.681,0.93,55.9,0.37,463
EBOOT CNC,TX-EBOOT,2026-03-11T12:18:14.187Z,400.3,397.6,404.4,18.73,17.30,18.91,22.02,162.676,16.268,0.88,42.0,1.05,428
SARA Mill,TX-SARA,2026-03-11T12:18:14.187Z,396.8,401.6,399.3,17.31,19.81,18.43,22.18,226.956,22.696,0.95,57.7,1.40,476
Compressor Array,D-003,2026-03-11T12:18:14.187Z,401.3,398.7,401.5,18.06,17.13,19.23,21.80,121.025,12.102,0.93,40.3,2.00,401
JMS Industrial,TX-JMS,2026-03-11T12:23:14.187Z,400.9,399.4,401.2,16.83,19.39,15.09,20.55,198.518,19.852,0.92,49.5,0.53,482
EBOOT CNC,TX-EBOOT,2026-03-11T12:23:14.187Z,399.8,404.4,397.1,15.64,18.70,17.91,20.92,164.419,16.442,0.87,60.6,2.02,442
SARA Mill,TX-SARA,2026-03-11T12:23:14.187Z,403.2,402.4,400.0,19.16,16.67,17.34,21.37,228.737,22.874,0.88,55.3,0.50,432
Compressor Array,D-003,2026-03-11T12:23:14.187Z,400.2,400.0,398.2,17.19,17.04,15.86,20.01,122.692,12.269,0.88,55.0,1.26,463
JMS Industrial,TX-JMS,2026-03-11T12:28:14.187Z,396.8,398.1,401.4,16.16,15.85,19.14,20.40,200.218,20.022,0.87,53.4,0.58,424
EBOOT CNC,TX-EBOOT,2026-03-11T12:28:14.187Z,401.7,404.7,399.5,19.74,18.98,19.22,23.29,166.360,16.636,0.93,50.3,1.93,447
SARA Mill,TX-SARA,2026-03-11T12:28:14.187Z,399.5,397.9,396.2,18.60,16.55,17.77,21.06,230.492,23.049,0.91,62.7,0.78,417
Compressor Array,D-003,2026-03-11T12:28:14.187Z,400.0,400.8,404.0,18.49,19.41,17.84,22.38,124.557,12.456,0.91,48.8,0.58,485
JMS Industrial,TX-JMS,2026-03-11T12:33:14.187Z,397.8,398.2,402.4,17.31,17.64,19.03,21.57,202.016,20.202,0.91,44.8,0.67,458
EBOOT CNC,TX-EBOOT,2026-03-11T12:33:14.187Z,403.7,403.3,398.1,17.13,15.69,18.80,20.72,168.087,16.809,0.93,51.6,1.45,424
SARA Mill,TX-SARA,2026-03-11T12:33:14.187Z,401.8,402.9,396.1,15.77,15.43,18.77,19.99,232.157,23.216,0.89,60.8,0.25,404
Compressor Array,D-003,2026-03-11T12:33:14.187Z,395.2,403.3,398.7,18.56,19.54,18.49,22.59,126.440,12.644,0.88,62.7,0.47,405
JMS Industrial,TX-JMS,2026-03-11T12:38:14.187Z,401.6,398.6,403.3,17.54,18.23,16.04,20.78,203.747,20.375,0.89,43.6,0.75,413
EBOOT CNC,TX-EBOOT,2026-03-11T12:38:14.187Z,398.3,397.6,401.6,17.91,16.68,18.18,21.06,169.842,16.984,0.90,41.2,1.45,438
SARA Mill,TX-SARA,2026-03-11T12:38:14.187Z,395.4,398.2,402.5,16.10,16.04,15.75,19.09,233.748,23.375,0.88,47.3,2.15,405
Compressor Array,D-003,2026-03-11T12:38:14.187Z,404.8,398.9,402.0,19.92,15.72,19.10,22.01,128.274,12.827,0.92,42.2,0.65,470
JMS Industrial,TX-JMS,2026-03-11T12:43:14.187Z,399.8,401.5,397.8,16.90,19.95,17.69,21.80,205.564,20.556,0.94,43.0,1.00,421
EBOOT CNC,TX-EBOOT,2026-03-11T12:43:14.187Z,401.6,396.7,395.8,19.42,18.71,16.26,21.66,171.647,17.165,0.85,59.0,2.06,437
SARA Mill,TX-SARA,2026-03-11T12:43:14.187Z,396.1,401.1,401.2,18.94,17.67,15.64,20.86,235.487,23.549,0.87,55.5,0.78,496
Compressor Array,D-003,2026-03-11T12:43:14.187Z,399.1,399.2,400.7,19.79,16.22,17.70,21.46,130.063,13.006,0.86,58.4,2.05,402
JMS Industrial,TX-JMS,2026-03-11T12:48:14.187Z,398.3,404.0,402.8,19.48,15.05,15.64,20.14,207.243,20.724,0.91,48.5,1.63,415
EBOOT CNC,TX-EBOOT,2026-03-11T12:48:14.187Z,403.6,401.9,401.2,18.17,17.45,15.53,20.58,173.362,17.336,0.94,58.8,1.72,431
SARA Mill,TX-SARA,2026-03-11T12:48:14.187Z,401.7,400.1,398.2,15.46,17.81,19.90,21.26,237.259,23.726,0.86,48.2,1.39,495
Compressor Array,D-003,2026-03-11T12:48:14.187Z,399.0,395.8,399.4,17.29,17.50,15.18,19.89,131.720,13.172,0.90,62.5,0.62,416
JMS Industrial,TX-JMS,2026-03-11T12:53:14.187Z,398.0,396.7,404.9,16.13,18.37,19.47,21.59,209.042,20.904,0.94,47.3,1.31,497
EBOOT CNC,TX-EBOOT,2026-03-11T12:53:14.187Z,402.5,395.6,397.5,16.31,18.13,18.12,20.94,175.107,17.511,0.85,68.3,0.63,459
SARA Mill,TX-SARA,2026-03-11T12:53:14.187Z,397.7,398.1,397.1,17.44,15.32,16.97,19.77,238.906,23.891,0.92,60.5,1.13,488
Compressor Array,D-003,2026-03-11T12:53:14.187Z,403.4,403.5,395.1,17.65,18.59,15.71,20.83,133.456,13.346,0.87,64.9,0.50,403
JMS Industrial,TX-JMS,2026-03-11T12:58:14.187Z,397.9,397.2,396.5,19.91,16.31,17.28,21.25,210.812,21.081,0.93,57.9,1.59,414
EBOOT CNC,TX-EBOOT,2026-03-11T12:58:14.187Z,396.2,398.6,397.7,17.15,15.60,15.43,19.15,176.703,17.670,0.92,64.7,0.67,494
SARA Mill,TX-SARA,2026-03-11T12:58:14.187Z,400.7,401.8,401.8,17.54,17.82,16.64,20.88,240.646,24.065,0.94,54.8,1.95,465
Compressor Array,D-003,2026-03-11T12:58:14.187Z,402.6,401.6,400.7,16.96,19.45,15.18,20.72,135.183,13.518,0.94,56.3,1.04,498
JMS Industrial,TX-JMS,2026-03-11T13:03:14.187Z,396.2,399.0,402.4,15.28,19.83,19.27,21.72,212.622,21.262,0.89,63.7,1.07,454
EBOOT CNC,TX-EBOOT,2026-03-11T13:03:14.187Z,402.6,400.6,395.1,18.40,19.46,18.71,22.59,178.586,17.859,0.93,67.8,1.02,464
SARA Mill,TX-SARA,2026-03-11T13:03:14.187Z,397.3,395.0,400.3,15.94,15.53,17.25,19.37,242.260,24.226,0.93,51.5,2.08,436
Compressor Array,D-003,2026-03-11T13:03:14.187Z,399.2,399.7,402.4,18.96,19.83,17.12,22.38,137.048,13.705,0.87,58.5,1.10,489
JMS Industrial,TX-JMS,2026-03-11T13:08:14.187Z,398.6,399.2,403.7,15.69,16.60,18.15,20.20,214.306,21.431,0.93,58.1,0.96,411
EBOOT CNC,TX-EBOOT,2026-03-11T13:08:14.187Z,397.7,395.2,399.9,17.17,19.40,19.60,22.33,180.447,18.045,0.92,52.8,1.75,419
SARA Mill,TX-SARA,2026-03-11T13:08:14.187Z,400.2,397.3,399.6,16.47,19.09,16.21,20.66,243.981,24.398,0.85,61.9,1.26,480
Compressor Array,D-003,2026-03-11T13:08:14.187Z,403.4,400.6,403.8,17.71,19.43,18.12,22.24,138.901,13.890,0.90,66.9,0.53,435
JMS Industrial,TX-JMS,2026-03-11T13:13:14.187Z,403.8,402.9,401.2,18.22,16.29,17.96,21.13,216.066,21.607,0.88,42.1,0.25,441
EBOOT CNC,TX-EBOOT,2026-03-11T13:13:14.187Z,397.1,399.8,403.7,18.72,19.31,15.94,21.59,182.245,18.225,0.94,54.8,0.29,494
SARA Mill,TX-SARA,2026-03-11T13:13:14.187Z,401.4,396.4,404.0,19.03,17.91,16.06,21.23,245.750,24.575,0.91,47.7,2.15,407
Compressor Array,D-003,2026-03-11T13:13:14.187Z,403.5,395.3,397.0,19.45,17.89,17.28,21.78,140.716,14.072,0.94,45.2,0.70,421
JMS Industrial,TX-JMS,2026-03-11T13:18:14.187Z,397.4,403.1,397.7,15.08,16.53,15.26,18.72,217.627,21.763,0.90,49.5,2.15,416
EBOOT CNC,TX-EBOOT,2026-03-11T13:18:14.187Z,398.6,397.0,396.4,18.39,18.76,15.71,21.01,183.996,18.400,0.91,57.1,1.56,438
SARA Mill,TX-SARA,2026-03-11T13:18:14.187Z,398.7,398.8,398.4,18.36,19.84,15.34,21.34,247.529,24.753,0.88,61.6,1.32,469
Compressor Array,D-003,2026-03-11T13:18:14.187Z,398.8,397.9,405.0,17.43,18.62,19.48,22.25,142.570,14.257,0.92,56.3,1.74,475
JMS Industrial,TX-JMS,2026-03-11T13:23:14.187Z,401.7,399.6,399.4,15.91,17.54,17.88,20.54,219.338,21.934,0.86,43.6,1.06,490
EBOOT CNC,TX-EBOOT,2026-03-11T13:23:14.187Z,398.3,403.4,396.7,19.14,17.28,15.27,20.65,185.717,18.572,0.91,63.9,1.51,410
SARA Mill,TX-SARA,2026-03-11T13:23:14.187Z,399.7,402.2,402.9,16.96,16.96,15.96,20.03,249.198,24.920,0.87,47.5,1.40,489
Compressor Array,D-003,2026-03-11T13:23:14.187Z,402.7,400.6,403.3,17.69,18.86,18.96,22.32,144.430,14.443,0.89,43.1,1.64,451
JMS Industrial,TX-JMS,2026-03-11T13:28:14.187Z,398.9,398.5,398.0,15.41,16.11,15.40,18.70,220.896,22.090,0.92,62.9,1.44,464
EBOOT CNC,TX-EBOOT,2026-03-11T13:28:14.187Z,398.4,402.3,401.3,18.94,18.99,18.82,22.74,187.612,18.761,0.95,66.8,2.20,455
SARA Mill,TX-SARA,2026-03-11T13:28:14.187Z,398.6,403.4,403.1,18.35,18.29,15.11,20.78,250.930,25.093,0.89,47.4,1.73,451
Compressor Array,D-003,2026-03-11T13:28:14.187Z,403.0,401.8,397.1,18.22,19.76,18.70,22.71,146.323,14.632,0.92,48.2,1.43,466
JMS Industrial,TX-JMS,2026-03-11T13:33:14.187Z,404.1,396.9,404.6,19.97,16.08,18.79,22.06,222.734,22.273,0.88,40.3,1.53,468
EBOOT CNC,TX-EBOOT,2026-03-11T13:33:14.187Z,404.1,402.7,404.3,15.67,15.92,16.38,19.37,189.226,18.923,0.92,52.1,1.39,486
SARA Mill,TX-SARA,2026-03-11T13:33:14.187Z,400.5,403.4,399.9,18.45,19.25,19.20,22.84,252.833,25.283,0.87,63.2,1.97,463
Compressor Array,D-003,2026-03-11T13:33:14.187Z,395.2,402.9,396.8,16.45,15.59,19.61,20.56,148.036,14.804,0.94,69.1,0.61,450
JMS Industrial,TX-JMS,2026-03-11T13:38:14.187Z,404.9,398.0,401.8,17.57,16.16,15.31,19.70,224.376,22.438,0.91,51.0,2.10,466
EBOOT CNC,TX-EBOOT,2026-03-11T13:38:14.187Z,401.7,403.8,399.3,17.29,15.46,19.48,20.97,190.973,19.097,0.94,45.7,2.15,486
SARA Mill,TX-SARA,2026-03-11T13:38:14.187Z,404.4,398.5,402.0,15.81,15.30,15.66,18.78,254.398,25.440,0.92,55.0,0.83,411
Compressor Array,D-003,2026-03-11T13:38:14.187Z,399.2,401.4,396.4,19.58,19.90,18.38,23.09,149.961,14.996,0.89,43.1,1.65,433
JMS Industrial,TX-JMS,2026-03-11T13:43:14.187Z,396.3,398.4,395.1,19.56,15.34,19.54,21.58,226.175,22.617,0.89,66.9,1.54,418
EBOOT CNC,TX-EBOOT,2026-03-11T13:43:14.187Z,400.9,404.4,399.2,17.75,19.86,19.61,22.98,192.888,19.289,0.95,56.0,0.34,477
SARA Mill,TX-SARA,2026-03-11T13:43:14.187Z,399.1,395.8,403.4,15.72,15.98,17.26,19.56,256.028,25.603,0.91,64.5,1.80,435
Compressor Array,D-003,2026-03-11T13:43:14.187Z,397.9,402.9,400.3,17.38,19.40,18.87,22.28,151.818,15.182,0.90,41.1,1.44,422
JMS Industrial,TX-JMS,2026-03-11T13:48:14.187Z,398.4,396.3,396.6,17.28,17.00,18.46,20.94,227.920,22.792,0.86,65.5,1.12,422
EBOOT CNC,TX-EBOOT,2026-03-11T13:48:14.187Z,400.8,400.8,398.6,18.54,19.74,17.29,22.24,194.741,19.474,0.90,61.8,2.15,441
SARA Mill,TX-SARA,2026-03-11T13:48:14.187Z,401.3,403.9,400.7,15.61,17.95,15.91,19.89,257.685,25.769,0.90,56.4,0.26,466
Compressor Array,D-003,2026-03-11T13:48:14.187Z,397.1,395.3,397.6,19.77,18.55,15.20,21.23,153.587,15.359,0.91,42.8,2.18,402
JMS Industrial,TX-JMS,2026-03-11T13:53:14.187Z,395.3,397.4,402.7,15.14,19.08,15.01,19.61,229.554,22.955,0.91,44.9,1.38,477
EBOOT CNC,TX-EBOOT,2026-03-11T13:53:14.187Z,396.1,400.0,404.4,18.35,16.05,18.99,21.37,196.522,19.652,0.87,41.0,0.27,449
SARA Mill,TX-SARA,2026-03-11T13:53:14.187Z,395.5,395.6,398.5,16.85,16.89,18.55,20.74,259.414,25.941,0.87,51.5,0.41,419
Compressor Array,D-003,2026-03-11T13:53:14.187Z,404.3,399.8,397.3,17.40,15.59,16.44,19.80,155.237,15.524,0.88,40.5,1.45,498
JMS Industrial,TX-JMS,2026-03-11T13:58:14.187Z,404.2,404.0,398.4,15.68,17.82,17.98,20.70,231.280,23.128,0.89,59.0,0.42,453
EBOOT CNC,TX-EBOOT,2026-03-11T13:58:14.187Z,398.0,404.3,399.8,15.45,16.94,16.39,19.55,198.151,19.815,0.86,51.7,1.06,411
SARA Mill,TX-SARA,2026-03-11T13:58:14.187Z,401.0,395.8,395.4,18.21,18.32,15.81,20.81,261.148,26.115,0.91,46.6,0.26,451
Compressor Array,D-003,2026-03-11T13:58:14.187Z,396.1,401.7,395.2,17.43,18.06,18.13,21.32,157.014,15.701,0.94,45.5,1.27,496
JMS Industrial,TX-JMS,2026-03-11T14:03:14.187Z,399.2,403.9,403.8,19.82,17.13,17.99,22.10,233.121,23.312,0.95,60.6,0.25,452
EBOOT CNC,TX-EBOOT,2026-03-11T14:03:14.187Z,396.0,396.1,396.5,16.49,16.00,19.57,20.63,199.870,19.987,0.91,62.5,0.22,434
SARA Mill,TX-SARA,2026-03-11T14:03:14.187Z,401.0,404.1,396.7,17.63,17.54,15.89,20.46,262.853,26.285,0.92,66.3,1.12,481
Compressor Array,D-003,2026-03-11T14:03:14.187Z,401.7,404.3,403.3,19.82,17.41,18.60,22.50,158.889,15.889,0.89,56.9,2.10,434
JMS Industrial,TX-JMS,2026-03-11T14:08:14.187Z,397.0,398.2,396.7,15.43,15.96,17.29,19.34,234.733,23.473,0.90,53.7,1.72,439
EBOOT CNC,TX-EBOOT,2026-03-11T14:08:14.187Z,403.5,398.6,398.7,17.97,15.22,18.57,20.72,201.597,20.160,0.87,48.3,1.17,419
SARA Mill,TX-SARA,2026-03-11T14:08:14.187Z,403.1,400.0,404.2,18.56,17.25,17.38,21.41,264.637,26.464,0.95,65.8,1.46,497
Compressor Array,D-003,2026-03-11T14:08:14.187Z,397.7,399.6,398.7,15.36,18.84,17.80,20.74,160.617,16.062,0.89,68.1,0.66,443
JMS Industrial,TX-JMS,2026-03-11T14:13:14.187Z,400.0,403.1,403.1,19.80,16.89,17.36,21.73,236.543,23.654,0.91,51.4,1.04,437
EBOOT CNC,TX-EBOOT,2026-03-11T14:13:14.187Z,401.9,395.5,397.8,17.40,19.71,16.69,21.43,203.383,20.338,0.85,60.2,0.81,482
SARA Mill,TX-SARA,2026-03-11T14:13:14.187Z,400.0,396.2,395.6,18.15,15.59,19.10,20.99,266.386,26.639,0.92,55.8,2.19,408
Compressor Array,D-003,2026-03-11T14:13:14.187Z,400.4,396.7,397.6,17.41,16.82,17.49,20.60,162.333,16.233,0.86,44.8,2.04,440
JMS Industrial,TX-JMS,2026-03-11T14:18:14.187Z,404.4,398.9,404.4,17.10,16.19,15.71,19.73,238.187,23.819,0.86,62.9,0.88,448
EBOOT CNC,TX-EBOOT,2026-03-11T14:18:14.187Z,404.1,396.2,400.9,16.95,18.56,16.71,20.90,205.125,20.512,0.89,41.8,0.84,407
SARA Mill,TX-SARA,2026-03-11T14:18:14.187Z,395.0,403.1,404.0,17.60,16.93,18.20,21.13,268.147,26.815,0.89,56.6,2.17,477
Compressor Array,D-003,2026-03-11T14:18:14.187Z,403.4,395.5,403.7,19.79,15.72,19.40,22.04,164.170,16.417,0.89,55.1,1.61,483
JMS Industrial,TX-JMS,2026-03-11T14:23:14.187Z,400.1,396.0,396.3,18.73,15.76,19.75,21.56,239.984,23.998,0.90,62.7,0.25,470
EBOOT CNC,TX-EBOOT,2026-03-11T14:23:14.187Z,402.5,401.6,403.3,15.33,16.78,16.55,19.58,206.757,20.676,0.87,67.8,2.04,404
SARA Mill,TX-SARA,2026-03-11T14:23:14.187Z,400.1,398.8,402.4,15.79,16.96,19.62,20.98,269.895,26.990,0.95,57.1,1.11,482
Compressor Array,D-003,2026-03-11T14:23:14.187Z,398.0,401.2,397.0,19.80,15.90,18.13,21.46,165.958,16.596,0.91,62.7,0.30,419
JMS Industrial,TX-JMS,2026-03-11T14:28:14.187Z,402.1,395.1,397.3,17.01,17.04,16.69,20.20,241.668,24.167,0.92,51.3,1.46,474
EBOOT CNC,TX-EBOOT,2026-03-11T14:28:14.187Z,402.2,402.3,400.8,18.93,18.04,19.21,22.57,208.637,20.864,0.91,48.7,0.35,436
SARA Mill,TX-SARA,2026-03-11T14:28:14.187Z,396.0,404.2,401.4,16.07,19.37,18.45,21.60,271.695,27.170,0.93,57.7,2.13,415
Compressor Array,D-003,2026-03-11T14:28:14.187Z,395.2,404.4,396.5,15.26,17.82,16.79,19.89,167.616,16.762,0.94,41.6,1.49,429
JMS Industrial,TX-JMS,2026-03-11T14:33:14.187Z,395.7,398.0,396.5,17.74,18.52,18.57,21.75,243.480,24.348,0.92,40.7,1.29,473
EBOOT CNC,TX-EBOOT,2026-03-11T14:33:14.187Z,402.9,398.3,399.4,19.15,19.67,19.13,23.19,210.570,21.057,0.94,68.1,0.69,470
SARA Mill,TX-SARA,2026-03-11T14:33:14.187Z,404.0,404.4,403.1,19.20,16.04,15.62,20.54,273.407,27.341,0.93,67.3,2.00,405
Compressor Array,D-003,2026-03-11T14:33:14.187Z,399.7,403.1,396.4,17.72,19.07,16.47,21.30,169.391,16.939,0.91,69.2,1.77,409
JMS Industrial,TX-JMS,2026-03-11T14:38:14.187Z,403.1,402.0,404.9,16.16,19.32,18.89,21.93,245.308,24.531,0.86,60.1,0.21,403
EBOOT CNC,TX-EBOOT,2026-03-11T14:38:14.187Z,402.4,395.7,397.5,17.67,19.55,16.19,21.28,212.343,21.234,0.87,67.8,1.64,431
SARA Mill,TX-SARA,2026-03-11T14:38:14.187Z,401.6,400.8,399.7,17.03,17.84,20.00,21.98,275.239,27.524,0.87,53.9,0.39,401
Compressor Array,D-003,2026-03-11T14:38:14.187Z,404.2,404.3,400.1,16.31,17.02,15.06,19.50,171.016,17.102,0.95,51.8,0.60,422
JMS Industrial,TX-JMS,2026-03-11T14:43:14.187Z,398.9,399.4,395.9,15.66,17.15,18.00,20.22,246.993,24.699,0.94,40.8,1.07,438
EBOOT CNC,TX-EBOOT,2026-03-11T14:43:14.187Z,397.6,400.6,395.1,18.91,16.50,15.52,20.26,214.032,21.403,0.93,58.6,0.35,461
SARA Mill,TX-SARA,2026-03-11T14:43:14.187Z,399.6,396.7,401.3,15.67,17.08,18.49,20.46,276.944,27.694,0.87,52.1,0.87,458
Compressor Array,D-003,2026-03-11T14:43:14.187Z,403.1,402.7,401.7,19.39,15.64,19.52,21.96,172.846,17.285,0.94,43.6,0.38,443
JMS Industrial,TX-JMS,2026-03-11T14:48:14.187Z,400.3,404.5,398.2,17.56,18.94,19.27,22.36,248.857,24.886,0.94,45.7,0.54,428
EBOOT CNC,TX-EBOOT,2026-03-11T14:48:14.187Z,404.5,397.3,395.3,19.00,19.49,16.21,21.84,215.851,21.585,0.92,67.7,0.67,476
SARA Mill,TX-SARA,2026-03-11T14:48:14.187Z,399.5,396.1,401.3,18.60,18.28,19.06,22.32,278.804,27.880,0.89,51.7,1.46,410
Compressor Array,D-003,2026-03-11T14:48:14.187Z,400.8,396.0,400.3,19.85,18.60,16.68,22.00,174.679,17.468,0.88,59.8,0.80,484
JMS Industrial,TX-JMS,2026-03-11T14:53:14.187Z,401.8,399.6,404.2,19.13,16.35,18.25,21.60,250.657,25.066,0.94,53.1,1.88,425
EBOOT CNC,TX-EBOOT,2026-03-11T14:53:14.187Z,404.5,396.8,395.8,16.09,17.81,17.66,20.56,217.565,21.756,0.91,48.1,0.48,402
SARA Mill,TX-SARA,2026-03-11T14:53:14.187Z,403.3,403.0,399.6,19.04,15.59,17.64,21.01,280.555,28.056,0.86,68.3,1.62,456
Compressor Array,D-003,2026-03-11T14:53:14.187Z,404.5,402.3,397.4,17.17,17.05,15.34,19.90,176.337,17.634,0.93,45.9,0.49,426
JMS Industrial,TX-JMS,2026-03-11T14:58:14.187Z,403.8,405.0,395.9,15.13,17.48,15.41,19.29,252.264,25.226,0.90,66.6,0.50,496
EBOOT CNC,TX-EBOOT,2026-03-11T14:58:14.187Z,399.1,404.1,397.9,19.37,19.28,15.37,21.64,219.368,21.937,0.92,43.7,0.22,419
SARA Mill,TX-SARA,2026-03-11T14:58:14.187Z,399.8,400.6,396.7,17.83,16.14,17.44,20.51,282.265,28.226,0.95,62.0,0.92,456
Compressor Array,D-003,2026-03-11T14:58:14.187Z,398.7,401.7,401.3,18.70,17.38,16.18,20.93,178.081,17.808,0.86,69.9,1.85,437
JMS Industrial,TX-JMS,2026-03-11T15:03:14.187Z,397.8,402.1,402.7,19.21,18.71,15.17,21.27,254.037,25.404,0.89,44.9,0.54,436
EBOOT CNC,TX-EBOOT,2026-03-11T15:03:14.187Z,401.5,400.9,395.9,15.56,16.69,16.11,19.31,220.977,22.098,0.91,58.3,2.01,428
SARA Mill,TX-SARA,2026-03-11T15:03:14.187Z,402.1,400.7,404.0,19.70,18.91,19.74,23.48,284.221,28.422,0.91,46.9,1.56,453
Compressor Array,D-003,2026-03-11T15:03:14.187Z,396.0,404.5,399.2,19.64,16.30,17.20,21.24,179.851,17.985,0.95,47.5,0.93,424
JMS Industrial,TX-JMS,2026-03-11T15:08:14.187Z,395.4,400.5,395.2,18.28,16.71,19.30,21.55,255.832,25.583,0.85,49.7,0.66,446
EBOOT CNC,TX-EBOOT,2026-03-11T15:08:14.187Z,395.9,402.9,400.8,17.94,18.32,17.80,21.62,222.779,22.278,0.93,47.9,0.60,427
SARA Mill,TX-SARA,2026-03-11T15:08:14.187Z,403.5,401.5,401.1,15.07,19.03,17.32,20.67,285.943,28.594,0.90,58.3,2.18,466
Compressor Array,D-003,2026-03-11T15:08:14.187Z,398.6,399.3,404.0,16.12,16.20,17.57,19.99,181.517,18.152,0.86,50.1,0.73,410
JMS Industrial,TX-JMS,2026-03-11T15:13:14.187Z,395.6,403.7,399.7,17.77,18.46,16.54,21.09,257.590,25.759,0.93,40.4,0.93,463
EBOOT CNC,TX-EBOOT,2026-03-11T15:13:14.187Z,402.7,398.7,396.1,18.02,15.91,15.82,19.86,224.434,22.443,0.94,44.3,1.75,448
SARA Mill,TX-SARA,2026-03-11T15:13:14.187Z,400.4,399.2,404.0,16.71,19.96,18.64,22.19,287.792,28.779,0.93,66.9,1.18,462
Compressor Array,D-003,2026-03-11T15:13:14.187Z,400.5,399.2,398.8,19.94,18.34,16.87,22.03,183.354,18.335,0.91,47.7,1.58,478
JMS Industrial,TX-JMS,2026-03-11T15:18:14.187Z,403.5,402.8,400.0,16.37,16.71,18.97,20.92,259.334,25.933,0.88,41.9,0.81,427
EBOOT CNC,TX-EBOOT,2026-03-11T15:18:14.187Z,404.2,395.0,402.0,18.29,17.29,15.48,20.45,226.138,22.614,0.86,45.3,0.31,435
SARA Mill,TX-SARA,2026-03-11T15:18:14.187Z,400.9,398.1,398.5,17.05,18.25,18.44,21.45,289.580,28.958,0.90,54.7,2.20,406
Compressor Array,D-003,2026-03-11T15:18:14.187Z,395.3,398.8,400.1,15.46,17.94,15.62,19.52,184.980,18.498,0.87,56.6,1.12,434
JMS Industrial,TX-JMS,2026-03-11T15:23:14.187Z,404.9,398.7,396.6,16.41,17.85,18.10,20.94,261.079,26.108,0.92,65.2,0.46,478
EBOOT CNC,TX-EBOOT,2026-03-11T15:23:14.187Z,396.2,400.5,400.1,18.12,18.56,17.76,21.72,227.948,22.795,0.88,52.9,2.07,452
SARA Mill,TX-SARA,2026-03-11T15:23:14.187Z,401.1,402.5,395.8,15.43,15.50,17.21,19.24,291.183,29.118,0.89,46.8,1.36,425
Compressor Array,D-003,2026-03-11T15:23:14.187Z,399.7,403.4,399.6,16.06,15.08,17.92,19.66,186.618,18.662,0.91,60.0,1.79,488
JMS Industrial,TX-JMS,2026-03-11T15:28:14.187Z,403.8,397.4,404.9,17.70,18.07,18.06,21.64,262.882,26.288,0.87,49.2,0.96,460
EBOOT CNC,TX-EBOOT,2026-03-11T15:28:14.187Z,404.5,398.5,398.8,16.87,19.18,15.09,20.48,229.655,22.965,0.89,54.5,0.40,478
SARA Mill,TX-SARA,2026-03-11T15:28:14.187Z,404.1,401.7,397.2,19.81,16.57,19.37,22.35,293.046,29.305,0.91,54.6,0.30,429
Compressor Array,D-003,2026-03-11T15:28:14.187Z,398.8,398.2,402.5,18.67,18.51,17.59,21.89,188.443,18.844,0.86,55.8,0.99,447
JMS Industrial,TX-JMS,2026-03-11T15:33:14.187Z,403.5,404.7,398.0,15.26,18.40,16.32,20.10,264.557,26.456,0.85,43.8,1.93,417
EBOOT CNC,TX-EBOOT,2026-03-11T15:33:14.187Z,403.2,398.3,396.5,16.19,16.50,17.35,19.98,231.320,23.132,0.95,41.2,0.59,438
SARA Mill,TX-SARA,2026-03-11T15:33:14.187Z,399.6,399.9,401.1,19.76,19.47,15.39,21.85,294.867,29.487,0.92,60.7,0.27,431
Compressor Array,D-003,2026-03-11T15:33:14.187Z,403.2,399.8,397.5,15.89,18.84,19.78,21.80,190.260,19.026,0.89,69.6,0.53,429
JMS Industrial,TX-JMS,2026-03-11T15:38:14.187Z,405.0,396.2,395.9,15.92,16.05,18.75,20.23,266.243,26.624,0.94,40.9,0.30,488
EBOOT CNC,TX-EBOOT,2026-03-11T15:38:14.187Z,399.9,397.4,395.9,18.62,16.21,19.35,21.55,233.115,23.312,0.89,57.9,1.01,486
SARA Mill,TX-SARA,2026-03-11T15:38:14.187Z,396.6,401.4,403.1,19.09,15.42,15.69,20.09,296.541,29.654,0.87,49.2,1.39,450
Compressor Array,D-003,2026-03-11T15:38:14.187Z,398.0,399.6,402.9,17.36,18.68,17.73,21.51,192.053,19.205,0.89,42.9,0.43,456
JMS Industrial,TX-JMS,2026-03-11T15:43:14.187Z,402.2,397.8,395.9,17.13,17.68,18.53,21.26,268.015,26.801,0.94,53.2,0.72,432
EBOOT CNC,TX-EBOOT,2026-03-11T15:43:14.187Z,402.6,402.2,399.6,15.44,16.66,16.80,19.63,234.751,23.475,0.94,58.8,0.22,499
SARA Mill,TX-SARA,2026-03-11T15:43:14.187Z,396.6,400.9,401.9,15.73,15.41,16.33,18.98,298.123,29.812,0.90,45.1,1.99,490
Compressor Array,D-003,2026-03-11T15:43:14.187Z,404.7,396.3,400.7,16.19,19.16,18.79,21.68,193.859,19.386,0.86,44.9,0.29,493
JMS Industrial,TX-JMS,2026-03-11T15:48:14.187Z,398.7,401.1,403.1,15.09,17.02,15.65,19.15,269.611,26.961,0.86,55.8,1.57,446
EBOOT CNC,TX-EBOOT,2026-03-11T15:48:14.187Z,398.9,396.8,397.6,16.05,18.68,17.21,20.65,236.472,23.647,0.89,64.9,1.26,426
SARA Mill,TX-SARA,2026-03-11T15:48:14.187Z,404.8,400.9,402.3,16.63,16.35,19.29,21.05,299.877,29.988,0.88,43.4,0.83,459
Compressor Array,D-003,2026-03-11T15:48:14.187Z,395.2,399.9,396.7,16.90,16.85,17.26,20.26,195.548,19.555,0.91,44.2,0.70,424
JMS Industrial,TX-JMS,2026-03-11T15:53:14.187Z,397.5,402.3,403.6,18.45,16.29,17.52,20.96,271.357,27.136,0.88,67.3,0.31,480
EBOOT CNC,TX-EBOOT,2026-03-11T15:53:14.187Z,402.4,404.3,402.7,15.41,15.02,19.81,20.25,238.160,23.816,0.87,53.7,0.27,498
SARA Mill,TX-SARA,2026-03-11T15:53:14.187Z,399.7,402.4,398.2,15.25,16.93,16.86,19.62,301.512,30.151,0.93,59.4,1.07,429
Compressor Array,D-003,2026-03-11T15:53:14.187Z,398.3,402.1,402.5,16.60,19.25,18.72,21.89,197.372,19.737,0.89,52.4,0.84,455
JMS Industrial,TX-JMS,2026-03-11T15:58:14.187Z,404.0,404.3,401.0,17.11,17.79,18.22,21.41,273.141,27.314,0.86,67.3,1.57,471
EBOOT CNC,TX-EBOOT,2026-03-11T15:58:14.187Z,401.6,397.0,403.3,16.44,16.87,17.38,20.31,239.852,23.985,0.87,55.8,0.54,464
SARA Mill,TX-SARA,2026-03-11T15:58:14.187Z,395.4,397.1,400.2,17.47,18.92,18.86,21.97,303.343,30.334,0.91,47.1,0.35,405
Compressor Array,D-003,2026-03-11T15:58:14.187Z,402.7,403.7,396.4,18.07,18.14,18.07,21.76,199.185,19.919,0.86,54.4,1.15,468
JMS Industrial,TX-JMS,2026-03-11T16:03:14.187Z,404.5,404.4,403.6,16.75,19.02,19.86,22.48,275.015,27.502,0.86,51.1,1.47,449
EBOOT CNC,TX-EBOOT,2026-03-11T16:03:14.187Z,398.3,404.2,396.0,16.10,15.12,17.66,19.52,241.479,24.148,0.88,41.4,1.68,440
SARA Mill,TX-SARA,2026-03-11T16:03:14.187Z,400.4,402.0,403.8,16.45,16.22,19.73,21.07,305.099,30.510,0.86,49.6,0.86,450
Compressor Array,D-003,2026-03-11T16:03:14.187Z,398.3,396.3,397.6,15.09,16.30,19.51,20.23,200.871,20.087,0.93,54.6,0.60,495
JMS Industrial,TX-JMS,2026-03-11T16:08:14.187Z,395.9,399.2,402.7,19.63,16.98,16.46,21.18,276.780,27.678,0.87,54.6,1.64,472
EBOOT CNC,TX-EBOOT,2026-03-11T16:08:14.187Z,396.7,400.9,401.2,15.91,16.09,15.90,19.14,243.074,24.307,0.93,41.4,1.28,425
SARA Mill,TX-SARA,2026-03-11T16:08:14.187Z,401.5,399.3,397.7,19.35,16.17,19.16,21.85,306.919,30.692,0.92,46.7,0.74,411
Compressor Array,D-003,2026-03-11T16:08:14.187Z,398.6,397.6,401.0,16.37,16.12,15.43,19.12,202.464,20.246,0.86,66.8,0.69,462
JMS Industrial,TX-JMS,2026-03-11T16:13:14.187Z,396.5,400.0,398.5,18.45,17.30,17.45,21.19,278.546,27.855,0.93,44.5,0.54,451
EBOOT CNC,TX-EBOOT,2026-03-11T16:13:14.187Z,399.2,403.1,398.0,18.99,16.46,19.83,22.11,244.916,24.492,0.89,48.5,1.85,466
SARA Mill,TX-SARA,2026-03-11T16:13:14.187Z,400.1,401.7,399.0,15.43,17.44,19.07,20.79,308.651,30.865,0.91,43.2,0.32,450
Compressor Array,D-003,2026-03-11T16:13:14.187Z,400.7,404.4,402.3,18.70,18.04,15.08,20.86,204.202,20.420,0.95,48.7,0.32,497
JMS Industrial,TX-JMS,2026-03-11T16:18:14.187Z,400.6,399.1,403.7,17.66,17.60,18.34,21.50,280.338,28.034,0.88,65.0,0.77,484
EBOOT CNC,TX-EBOOT,2026-03-11T16:18:14.187Z,400.0,401.0,395.0,17.58,16.89,16.12,20.17,246.598,24.660,0.86,60.3,0.67,475
SARA Mill,TX-SARA,2026-03-11T16:18:14.187Z,399.2,403.8,403.6,19.65,18.66,15.30,21.55,310.448,31.045,0.90,57.6,0.83,475
Compressor Array,D-003,2026-03-11T16:18:14.187Z,402.2,403.2,403.5,16.03,16.88,17.74,20.41,205.903,20.590,0.88,68.9,1.52,484
JMS Industrial,TX-JMS,2026-03-11T16:23:14.187Z,399.1,396.2,402.6,17.10,19.95,17.41,21.74,282.149,28.215,0.93,63.7,0.51,494
EBOOT CNC,TX-EBOOT,2026-03-11T16:23:14.187Z,400.9,398.2,400.9,18.37,15.12,19.23,21.09,248.355,24.836,0.91,69.1,0.49,432
SARA Mill,TX-SARA,2026-03-11T16:23:14.187Z,396.9,398.0,403.8,15.40,17.00,18.03,20.16,312.127,31.213,0.92,58.6,1.20,497
Compressor Array,D-003,2026-03-11T16:23:14.187Z,397.3,402.4,401.8,16.40,15.37,18.31,20.06,207.575,20.757,0.93,52.3,1.73,469
JMS Industrial,TX-JMS,2026-03-11T16:28:14.187Z,399.0,398.5,400.1,17.87,19.28,17.45,21.80,283.966,28.397,0.91,53.7,1.71,466
EBOOT CNC,TX-EBOOT,2026-03-11T16:28:14.187Z,398.4,398.8,402.9,17.18,19.95,17.66,21.92,250.182,25.018,0.88,44.4,1.18,427
SARA Mill,TX-SARA,2026-03-11T16:28:14.187Z,398.0,395.7,398.5,15.13,16.27,18.54,19.85,313.781,31.378,0.86,65.9,1.49,434
Compressor Array,D-003,2026-03-11T16:28:14.187Z,397.2,404.3,400.0,15.02,16.17,16.21,18.98,209.156,20.916,0.94,63.1,1.85,443
JMS Industrial,TX-JMS,2026-03-11T16:33:14.187Z,396.7,400.3,397.2,17.24,16.17,19.81,21.18,285.730,28.573,0.86,54.7,0.62,471
EBOOT CNC,TX-EBOOT,2026-03-11T16:33:14.187Z,404.6,399.4,395.0,15.66,15.89,16.84,19.34,251.793,25.179,0.91,51.3,1.03,471
SARA Mill,TX-SARA,2026-03-11T16:33:14.187Z,397.7,404.3,399.1,17.29,17.19,15.98,20.20,315.465,31.546,0.92,56.0,1.16,418
Compressor Array,D-003,2026-03-11T16:33:14.187Z,395.7,400.1,400.7,18.66,16.70,15.30,20.19,210.839,21.084,0.88,50.8,1.84,407
JMS Industrial,TX-JMS,2026-03-11T16:38:14.187Z,398.4,402.2,403.4,19.51,19.95,15.44,22.03,287.566,28.757,0.95,49.7,2.15,459
EBOOT CNC,TX-EBOOT,2026-03-11T16:38:14.187Z,395.4,396.5,396.2,19.41,15.41,17.92,20.89,253.534,25.353,0.89,68.9,1.42,460
SARA Mill,TX-SARA,2026-03-11T16:38:14.187Z,401.0,397.6,401.4,19.72,15.88,18.40,21.61,317.265,31.727,0.89,62.8,0.55,479
Compressor Array,D-003,2026-03-11T16:38:14.187Z,397.2,398.7,398.2,16.91,15.97,15.37,19.20,212.440,21.244,0.91,50.5,0.76,476
JMS Industrial,TX-JMS,2026-03-11T16:43:14.187Z,399.1,402.5,397.2,18.52,15.64,19.60,21.47,289.355,28.936,0.92,54.9,1.71,469
EBOOT CNC,TX-EBOOT,2026-03-11T16:43:14.187Z,396.0,403.3,397.5,17.62,18.16,16.19,20.73,255.262,25.526,0.86,42.0,1.21,499
SARA Mill,TX-SARA,2026-03-11T16:43:14.187Z,403.9,402.2,403.1,17.77,16.22,18.45,21.14,319.027,31.903,0.88,65.5,1.48,484
Compressor Array,D-003,2026-03-11T16:43:14.187Z,397.7,399.8,404.4,16.92,19.44,16.52,21.18,214.205,21.420,0.90,59.1,0.56,419
JMS Industrial,TX-JMS,2026-03-11T16:48:14.187Z,399.9,402.3,401.0,18.62,18.12,17.48,21.75,291.167,29.117,0.88,67.9,0.77,419
EBOOT CNC,TX-EBOOT,2026-03-11T16:48:14.187Z,397.7,404.4,400.0,17.94,15.54,16.18,19.89,256.919,25.692,0.86,53.4,0.80,445
SARA Mill,TX-SARA,2026-03-11T16:48:14.187Z,395.0,400.1,400.2,17.33,15.05,17.51,19.88,320.683,32.068,0.93,46.9,1.31,467
Compressor Array,D-003,2026-03-11T16:48:14.187Z,401.6,395.3,402.0,17.95,15.99,19.60,21.41,215.989,21.599,0.92,69.9,0.26,476
JMS Industrial,TX-JMS,2026-03-11T16:53:14.187Z,399.6,402.6,399.6,19.76,15.05,19.91,21.91,292.993,29.299,0.92,68.7,0.60,493
EBOOT CNC,TX-EBOOT,2026-03-11T16:53:14.187Z,395.7,399.9,401.0,17.82,17.18,18.38,21.29,258.693,25.869,0.88,68.4,1.68,429
SARA Mill,TX-SARA,2026-03-11T16:53:14.187Z,405.0,398.0,399.0,18.45,19.14,19.48,22.87,322.589,32.259,0.90,62.3,0.56,495
Compressor Array,D-003,2026-03-11T16:53:14.187Z,398.2,401.4,399.3,19.98,15.97,17.05,21.18,217.753,21.775,0.89,55.6,1.13,464
JMS Industrial,TX-JMS,2026-03-11T16:58:14.187Z,396.1,399.3,401.2,15.94,15.32,18.25,19.76,294.640,29.464,0.90,52.2,1.32,438
EBOOT CNC,TX-EBOOT,2026-03-11T16:58:14.187Z,401.0,403.0,398.4,17.97,15.52,19.15,21.09,260.451,26.045,0.88,69.8,0.97,474
SARA Mill,TX-SARA,2026-03-11T16:58:14.187Z,400.5,403.5,399.0,19.66,16.53,15.56,20.75,324.318,32.432,0.88,58.2,0.33,464
Compressor Array,D-003,2026-03-11T16:58:14.187Z,398.9,400.7,401.5,19.99,15.06,15.98,20.43,219.456,21.946,0.95,63.6,0.46,403
JMS Industrial,TX-JMS,2026-03-11T17:03:14.187Z,398.8,402.6,397.6,19.04,17.37,19.00,22.14,296.485,29.649,0.86,61.0,0.82,456
EBOOT CNC,TX-EBOOT,2026-03-11T17:03:14.187Z,397.0,401.1,402.2,18.79,17.83,15.50,20.85,262.188,26.219,0.90,66.9,1.26,409
SARA Mill,TX-SARA,2026-03-11T17:03:14.187Z,400.6,403.7,402.8,19.23,15.96,17.11,21.04,326.071,32.607,0.85,69.9,1.87,485
Compressor Array,D-003,2026-03-11T17:03:14.187Z,396.8,400.0,400.6,19.87,17.71,15.20,21.06,221.210,22.121,0.95,61.4,1.48,407
JMS Industrial,TX-JMS,2026-03-11T17:08:14.187Z,395.5,399.3,396.0,19.96,15.66,17.14,20.93,298.229,29.823,0.90,67.6,0.22,475
EBOOT CNC,TX-EBOOT,2026-03-11T17:08:14.187Z,395.6,397.2,402.4,16.39,18.62,18.17,21.19,263.954,26.395,0.86,60.4,1.40,401
SARA Mill,TX-SARA,2026-03-11T17:08:14.187Z,402.1,398.1,401.6,19.49,19.62,19.72,23.57,328.035,32.803,0.90,60.5,0.68,454
Compressor Array,D-003,2026-03-11T17:08:14.187Z,400.9,398.3,402.0,15.56,17.71,18.16,20.59,222.926,22.293,0.87,65.3,0.37,495
JMS Industrial,TX-JMS,2026-03-11T17:13:14.187Z,397.7,397.1,399.5,16.76,18.96,16.80,20.91,299.972,29.997,0.94,63.6,0.99,456
EBOOT CNC,TX-EBOOT,2026-03-11T17:13:14.187Z,396.3,400.5,401.2,17.68,17.21,16.47,20.51,265.663,26.566,0.91,56.4,2.10,476
SARA Mill,TX-SARA,2026-03-11T17:13:14.187Z,404.9,399.2,395.7,15.28,15.45,19.73,20.16,329.715,32.972,0.86,58.8,0.29,430
Compressor Array,D-003,2026-03-11T17:13:14.187Z,395.2,399.6,395.9,15.30,18.80,16.57,20.12,224.603,22.460,0.89,41.3,1.33,491
JMS Industrial,TX-JMS,2026-03-11T17:18:14.187Z,403.7,399.6,401.5,18.45,15.64,16.84,20.46,301.676,30.168,0.95,57.0,0.69,442
EBOOT CNC,TX-EBOOT,2026-03-11T17:18:14.187Z,399.3,404.3,403.9,19.70,15.58,16.27,20.73,267.390,26.739,0.87,64.7,0.82,414
SARA Mill,TX-SARA,2026-03-11T17:18:14.187Z,399.1,397.8,395.0,19.39,15.67,15.71,20.18,331.397,33.140,0.93,55.7,1.85,415
Compressor Array,D-003,2026-03-11T17:18:14.187Z,401.6,396.2,401.6,19.11,17.69,17.23,21.60,226.403,22.640,0.89,44.6,1.29,415
JMS Industrial,TX-JMS,2026-03-11T17:23:14.187Z,398.2,395.9,401.6,18.30,15.29,16.68,20.04,303.346,30.335,0.92,60.8,2.02,459
EBOOT CNC,TX-EBOOT,2026-03-11T17:23:14.187Z,404.7,400.0,395.4,19.80,18.16,19.33,22.92,269.300,26.930,0.94,57.2,0.90,467
SARA Mill,TX-SARA,2026-03-11T17:23:14.187Z,399.6,401.1,399.3,19.34,17.40,17.88,21.84,333.217,33.322,0.91,41.3,1.43,419
Compressor Array,D-003,2026-03-11T17:23:14.187Z,400.3,402.9,399.0,19.48,17.31,17.85,21.89,228.228,22.823,0.90,47.8,1.43,459
JMS Industrial,TX-JMS,2026-03-11T17:28:14.187Z,398.9,396.7,404.9,16.13,17.61,16.41,20.06,305.018,30.502,0.85,42.9,1.98,426
EBOOT CNC,TX-EBOOT,2026-03-11T17:28:14.187Z,398.1,399.0,397.9,19.20,16.60,15.83,20.57,271.014,27.101,0.95,54.1,0.91,422
SARA Mill,TX-SARA,2026-03-11T17:28:14.187Z,401.6,398.0,403.0,19.33,15.05,19.97,21.80,335.033,33.503,0.87,63.9,0.99,415
Compressor Array,D-003,2026-03-11T17:28:14.187Z,396.1,404.1,395.9,16.09,17.24,17.79,20.38,229.926,22.993,0.87,69.8,0.47,455
JMS Industrial,TX-JMS,2026-03-11T17:33:14.187Z,403.5,395.1,399.4,18.61,18.29,19.14,22.38,306.883,30.688,0.91,54.3,0.92,484
EBOOT CNC,TX-EBOOT,2026-03-11T17:33:14.187Z,395.3,402.4,400.3,19.38,16.39,18.99,21.86,272.836,27.284,0.93,53.5,1.57,440
SARA Mill,TX-SARA,2026-03-11T17:33:14.187Z,402.0,401.6,404.2,17.80,18.08,17.50,21.49,336.824,33.682,0.93,41.1,0.40,418
Compressor Array,D-003,2026-03-11T17:33:14.187Z,398.9,400.9,395.8,18.47,17.74,15.37,20.57,231.640,23.164,0.93,55.7,2.10,448
JMS Industrial,TX-JMS,2026-03-11T17:38:14.187Z,399.0,404.3,404.6,18.65,18.39,16.56,21.57,308.681,30.868,0.94,51.5,0.59,414
EBOOT CNC,TX-EBOOT,2026-03-11T17:38:14.187Z,399.0,395.5,395.3,17.15,15.38,16.04,19.27,274.441,27.444,0.87,54.6,0.59,422
SARA Mill,TX-SARA,2026-03-11T17:38:14.187Z,400.2,396.5,396.4,16.35,16.41,16.50,19.59,338.457,33.846,0.94,69.2,2.08,447
Compressor Array,D-003,2026-03-11T17:38:14.187Z,398.6,397.3,402.1,16.39,18.57,16.42,20.51,233.349,23.335,0.86,68.7,1.23,496
JMS Industrial,TX-JMS,2026-03-11T17:43:14.187Z,401.5,395.2,398.6,17.10,18.20,18.30,21.35,310.460,31.046,0.85,41.0,1.38,455
EBOOT CNC,TX-EBOOT,2026-03-11T17:43:14.187Z,396.0,404.7,402.7,19.33,15.74,15.67,20.33,276.136,27.614,0.89,48.7,1.95,402
SARA Mill,TX-SARA,2026-03-11T17:43:14.187Z,401.4,396.7,401.6,15.22,17.02,18.53,20.30,340.149,34.015,0.91,64.4,1.67,440
Compressor Array,D-003,2026-03-11T17:43:14.187Z,402.9,396.8,397.2,18.81,17.90,16.63,21.29,235.123,23.512,0.92,55.7,1.65,445
JMS Industrial,TX-JMS,2026-03-11T17:48:14.187Z,402.7,402.9,404.7,19.53,19.03,15.42,21.77,312.274,31.227,0.90,62.3,1.14,422
EBOOT CNC,TX-EBOOT,2026-03-11T17:48:14.187Z,404.1,400.5,397.4,16.52,16.38,16.90,19.95,277.799,27.780,0.91,45.2,1.99,498
SARA Mill,TX-SARA,2026-03-11T17:48:14.187Z,403.7,402.7,402.7,16.26,16.00,17.20,19.94,341.810,34.181,0.85,45.0,0.61,444
Compressor Array,D-003,2026-03-11T17:48:14.187Z,399.6,395.7,404.1,17.11,16.82,16.92,20.33,236.818,23.682,0.91,52.7,0.43,471
JMS Industrial,TX-JMS,2026-03-11T17:53:14.187Z,403.0,398.6,397.5,16.13,17.96,19.29,21.33,314.052,31.405,0.89,41.6,0.70,455
EBOOT CNC,TX-EBOOT,2026-03-11T17:53:14.187Z,399.4,403.3,398.6,19.44,19.20,18.23,22.78,279.697,27.970,0.89,62.8,0.93,422
SARA Mill,TX-SARA,2026-03-11T17:53:14.187Z,396.2,403.9,395.7,16.97,16.14,16.61,19.81,343.461,34.346,0.92,69.7,0.76,483
Compressor Array,D-003,2026-03-11T17:53:14.187Z,399.9,404.9,401.9,15.61,15.47,16.03,18.95,238.396,23.840,0.88,68.4,0.77,441
JMS Industrial,TX-JMS,2026-03-11T17:58:14.187Z,399.0,400.9,400.1,18.57,15.51,19.53,21.44,315.838,31.584,0.88,64.2,0.28,424
EBOOT CNC,TX-EBOOT,2026-03-11T17:58:14.187Z,400.1,395.3,399.4,19.87,18.29,16.71,21.85,281.518,28.152,0.90,69.2,1.18,469
SARA Mill,TX-SARA,2026-03-11T17:58:14.187Z,404.7,401.6,404.1,15.15,16.35,17.49,19.77,345.108,34.511,0.85,40.1,1.71,474
Compressor Array,D-003,2026-03-11T17:58:14.187Z,404.5,398.0,397.2,16.71,18.14,18.73,21.42,240.182,24.018,0.86,50.2,1.85,456
JMS Industrial,TX-JMS,2026-03-11T18:03:14.187Z,403.3,396.3,395.2,18.98,17.01,19.12,21.95,317.668,31.767,0.95,51.8,1.85,433
EBOOT CNC,TX-EBOOT,2026-03-11T18:03:14.187Z,401.7,404.5,395.7,17.92,15.95,19.31,21.29,283.292,28.329,0.90,60.9,1.78,443
SARA Mill,TX-SARA,2026-03-11T18:03:14.187Z,404.5,403.0,395.7,15.51,19.66,16.49,20.72,346.835,34.684,0.92,43.7,0.41,405
Compressor Array,D-003,2026-03-11T18:03:14.187Z,402.8,395.4,403.6,17.56,18.13,16.15,20.76,241.912,24.191,0.88,56.2,1.35,420
JMS Industrial,TX-JMS,2026-03-11T18:08:14.187Z,397.5,395.2,404.9,18.22,19.25,16.91,21.69,319.475,31.948,0.94,52.0,1.43,448
EBOOT CNC,TX-EBOOT,2026-03-11T18:08:14.187Z,396.1,399.0,401.3,18.01,17.82,19.35,22.01,285.126,28.513,0.85,47.5,1.18,465
SARA Mill,TX-SARA,2026-03-11T18:08:14.187Z,396.2,404.0,401.7,19.38,16.57,19.77,22.31,348.695,34.869,0.87,68.2,0.23,456
Compressor Array,D-003,2026-03-11T18:08:14.187Z,400.4,403.9,399.7,15.85,19.57,19.47,22.04,243.748,24.375,0.89,44.3,0.40,430
JMS Industrial,TX-JMS,2026-03-11T18:13:14.187Z,396.5,400.0,397.6,18.24,18.36,16.48,21.13,321.236,32.124,0.88,58.2,1.60,440
EBOOT CNC,TX-EBOOT,2026-03-11T18:13:14.187Z,400.4,402.3,402.5,18.57,15.55,18.80,21.26,286.897,28.690,0.88,41.2,1.45,487
SARA Mill,TX-SARA,2026-03-11T18:13:14.187Z,402.9,396.0,402.3,16.89,18.66,16.22,20.72,350.422,35.042,0.90,60.5,0.39,423
Compressor Array,D-003,2026-03-11T18:13:14.187Z,400.6,396.8,402.3,15.38,17.64,16.51,19.80,245.398,24.540,0.86,56.5,1.93,422
JMS Industrial,TX-JMS,2026-03-11T18:18:14.187Z,402.3,401.4,403.2,19.26,19.60,16.55,22.29,323.093,32.309,0.86,57.1,0.26,460
EBOOT CNC,TX-EBOOT,2026-03-11T18:18:14.187Z,403.6,404.6,396.8,16.83,18.14,16.17,20.55,288.610,28.861,0.94,64.4,1.31,454
SARA Mill,TX-SARA,2026-03-11T18:18:14.187Z,396.5,399.8,399.0,19.43,18.61,18.73,22.62,352.307,35.231,0.88,42.2,0.22,402
Compressor Array,D-003,2026-03-11T18:18:14.187Z,405.0,402.6,399.5,15.29,18.93,17.42,20.77,247.129,24.713,0.92,44.8,2.01,496
JMS Industrial,TX-JMS,2026-03-11T18:23:14.187Z,402.4,404.2,403.3,19.50,16.28,18.04,21.70,324.902,32.490,0.86,50.8,1.28,478
EBOOT CNC,TX-EBOOT,2026-03-11T18:23:14.187Z,399.0,396.6,399.7,15.01,15.10,16.82,18.70,290.168,29.017,0.91,42.4,0.56,452
SARA Mill,TX-SARA,2026-03-11T18:23:14.187Z,401.9,396.5,395.0,19.21,15.93,19.03,21.56,354.103,35.410,0.91,69.6,1.00,431
Compressor Array,D-003,2026-03-11T18:23:14.187Z,397.4,402.9,399.4,18.55,16.34,15.95,20.32,248.823,24.882,0.86,66.9,0.50,408
JMS Industrial,TX-JMS,2026-03-11T18:28:14.187Z,398.2,397.3,402.6,15.68,16.87,15.31,19.11,326.494,32.649,0.94,60.9,0.75,442
EBOOT CNC,TX-EBOOT,2026-03-11T18:28:14.187Z,404.0,403.1,402.8,18.65,17.84,16.44,21.35,291.947,29.195,0.88,65.9,0.76,464
SARA Mill,TX-SARA,2026-03-11T18:28:14.187Z,398.4,397.5,398.9,18.21,15.82,17.79,20.64,355.823,35.582,0.94,44.0,0.27,461
Compressor Array,D-003,2026-03-11T18:28:14.187Z,395.9,403.1,399.0,18.84,15.27,18.67,21.07,250.578,25.058,0.95,41.1,0.31,429
JMS Industrial,TX-JMS,2026-03-11T18:33:14.187Z,397.5,400.7,403.9,17.73,16.41,19.25,21.40,328.278,32.828,0.94,69.4,0.36,460
EBOOT CNC,TX-EBOOT,2026-03-11T18:33:14.187Z,398.1,401.8,402.1,18.95,17.32,16.98,21.33,293.724,29.372,0.87,62.7,0.46,439
SARA Mill,TX-SARA,2026-03-11T18:33:14.187Z,398.5,404.4,395.1,16.92,16.20,19.02,20.81,357.557,35.756,0.90,45.9,1.21,456
Compressor Array,D-003,2026-03-11T18:33:14.187Z,395.9,398.0,403.0,17.17,16.98,15.90,19.96,252.241,25.224,0.93,42.5,1.54,401
JMS Industrial,TX-JMS,2026-03-11T18:38:14.187Z,396.3,401.3,398.9,16.67,19.61,19.90,22.41,330.145,33.015,0.93,48.0,1.93,495
EBOOT CNC,TX-EBOOT,2026-03-11T18:38:14.187Z,399.4,402.6,401.7,17.37,19.95,15.58,21.23,295.493,29.549,0.89,56.1,1.83,431
SARA Mill,TX-SARA,2026-03-11T18:38:14.187Z,399.2,401.9,403.4,16.37,16.76,16.99,20.12,359.234,35.923,0.85,50.9,1.77,456
Compressor Array,D-003,2026-03-11T18:38:14.187Z,399.5,398.3,396.1,17.97,17.31,19.32,21.73,254.052,25.405,0.92,52.0,0.31,433
JMS Industrial,TX-JMS,2026-03-11T18:43:14.187Z,399.7,403.0,397.3,15.64,17.36,16.90,19.96,331.808,33.181,0.95,65.0,0.48,478
EBOOT CNC,TX-EBOOT,2026-03-11T18:43:14.187Z,399.8,398.5,395.8,19.58,19.67,19.44,23.36,297.440,29.744,0.91,59.7,1.66,489
SARA Mill,TX-SARA,2026-03-11T18:43:14.187Z,397.2,396.4,401.5,18.89,16.62,17.29,21.04,360.987,36.099,0.91,61.9,1.59,405
Compressor Array,D-003,2026-03-11T18:43:14.187Z,400.4,399.6,396.9,15.99,16.77,19.75,20.94,255.797,25.580,0.89,44.8,1.24,419
JMS Industrial,TX-JMS,2026-03-11T18:48:14.187Z,397.1,395.2,399.6,17.23,15.60,19.54,20.82,333.543,33.354,0.89,62.1,0.91,464
EBOOT CNC,TX-EBOOT,2026-03-11T18:48:14.187Z,404.7,402.3,405.0,17.51,19.02,19.11,22.48,299.313,29.931,0.89,51.5,1.46,432
SARA Mill,TX-SARA,2026-03-11T18:48:14.187Z,395.3,401.9,396.8,15.03,15.97,19.33,20.03,362.656,36.266,0.87,56.2,2.00,478
Compressor Array,D-003,2026-03-11T18:48:14.187Z,403.4,398.0,401.1,19.36,19.97,16.49,22.37,257.661,25.766,0.87,43.0,1.33,413
JMS Industrial,TX-JMS,2026-03-11T18:53:14.187Z,401.3,395.5,396.8,16.37,18.75,16.09,20.37,335.241,33.524,0.93,57.7,0.63,431
EBOOT CNC,TX-EBOOT,2026-03-11T18:53:14.187Z,397.0,402.6,398.0,15.60,16.72,17.43,19.86,300.968,30.097,0.89,56.2,1.58,421
SARA Mill,TX-SARA,2026-03-11T18:53:14.187Z,395.9,399.9,404.2,17.40,15.95,17.41,20.30,364.348,36.435,0.88,62.2,0.40,499
Compressor Array,D-003,2026-03-11T18:53:14.187Z,401.1,401.3,395.5,17.76,15.60,16.29,19.83,259.313,25.931,0.94,52.5,0.87,423
JMS Industrial,TX-JMS,2026-03-11T18:58:14.187Z,400.1,398.2,403.3,18.80,17.03,15.98,20.75,336.970,33.697,0.88,46.1,0.91,433
EBOOT CNC,TX-EBOOT,2026-03-11T18:58:14.187Z,404.8,403.6,403.5,19.64,15.06,17.89,21.25,302.739,30.274,0.86,69.1,0.83,423
SARA Mill,TX-SARA,2026-03-11T18:58:14.187Z,396.7,404.8,404.2,18.77,15.88,18.51,21.35,366.128,36.613,0.89,46.6,0.65,496
Compressor Array,D-003,2026-03-11T18:58:14.187Z,395.2,404.7,395.7,17.59,17.65,18.26,21.32,261.090,26.109,0.86,53.6,1.58,462
JMS Industrial,TX-JMS,2026-03-11T19:03:14.187Z,399.7,398.6,401.6,19.53,15.40,18.61,21.42,338.755,33.875,0.92,61.2,0.62,474
EBOOT CNC,TX-EBOOT,2026-03-11T19:03:14.187Z,398.0,404.5,400.4,17.05,16.67,17.53,20.55,304.451,30.445,0.92,68.8,0.32,413
SARA Mill,TX-SARA,2026-03-11T19:03:14.187Z,398.0,396.2,400.5,15.00,19.41,19.52,21.48,367.918,36.792,0.86,40.5,1.36,442
Compressor Array,D-003,2026-03-11T19:03:14.187Z,402.0,403.9,404.5,15.69,17.95,16.80,20.35,262.786,26.279,0.89,54.1,1.61,408
JMS Industrial,TX-JMS,2026-03-11T19:08:14.187Z,400.4,399.8,402.2,18.53,18.22,19.98,22.74,340.650,34.065,0.90,65.8,0.61,457
EBOOT CNC,TX-EBOOT,2026-03-11T19:08:14.187Z,403.1,402.7,402.7,16.55,17.69,19.66,21.71,306.260,30.626,0.89,66.6,1.57,476
SARA Mill,TX-SARA,2026-03-11T19:08:14.187Z,395.6,400.1,401.9,17.79,15.49,19.53,21.09,369.675,36.967,0.94,40.4,1.32,476
Compressor Array,D-003,2026-03-11T19:08:14.187Z,403.2,402.3,395.1,18.49,16.08,15.00,19.85,264.440,26.444,0.85,66.1,1.93,409
JMS Industrial,TX-JMS,2026-03-11T19:13:14.187Z,399.1,399.4,395.1,17.47,17.31,16.71,20.48,342.357,34.236,0.95,48.5,1.03,447
EBOOT CNC,TX-EBOOT,2026-03-11T19:13:14.187Z,402.8,399.7,398.4,19.70,15.19,15.98,20.38,307.958,30.796,0.91,45.9,1.27,433
SARA Mill,TX-SARA,2026-03-11T19:13:14.187Z,400.0,395.0,399.2,15.78,18.50,17.83,20.74,371.403,37.140,0.94,44.5,1.05,431
Compressor Array,D-003,2026-03-11T19:13:14.187Z,401.9,399.7,397.5,19.46,17.30,19.70,22.57,266.321,26.632,0.91,67.7,1.96,446
JMS Industrial,TX-JMS,2026-03-11T19:18:14.187Z,395.3,397.9,397.9,16.78,15.30,17.85,19.82,344.009,34.401,0.85,42.6,0.54,428
EBOOT CNC,TX-EBOOT,2026-03-11T19:18:14.187Z,397.5,400.9,398.6,19.01,16.28,18.46,21.44,309.746,30.975,0.91,65.8,1.71,443
SARA Mill,TX-SARA,2026-03-11T19:18:14.187Z,396.2,397.6,397.6,18.64,16.73,17.54,21.01,373.154,37.315,0.92,52.7,1.53,448
Compressor Array,D-003,2026-03-11T19:18:14.187Z,395.9,403.7,403.6,15.97,19.71,17.09,21.18,268.085,26.809,0.92,59.5,0.49,459
JMS Industrial,TX-JMS,2026-03-11T19:23:14.187Z,397.4,399.9,397.9,16.74,18.41,19.13,21.63,345.811,34.581,0.88,53.5,1.29,496
EBOOT CNC,TX-EBOOT,2026-03-11T19:23:14.187Z,395.1,398.5,404.9,17.28,19.19,18.05,21.78,311.561,31.156,0.86,47.7,1.52,499
SARA Mill,TX-SARA,2026-03-11T19:23:14.187Z,395.5,399.7,395.9,17.28,15.61,16.08,19.44,374.774,37.477,0.94,55.6,1.93,475
Compressor Array,D-003,2026-03-11T19:23:14.187Z,404.4,400.5,402.8,15.68,15.82,15.68,19.00,269.668,26.967,0.92,67.8,0.77,491
JMS Industrial,TX-JMS,2026-03-11T19:28:14.187Z,401.3,404.1,399.3,19.51,17.68,15.58,21.19,347.577,34.758,0.92,49.3,0.70,450
EBOOT CNC,TX-EBOOT,2026-03-11T19:28:14.187Z,399.4,402.3,403.1,17.71,17.06,16.96,20.78,313.292,31.329,0.95,68.8,1.34,438
SARA Mill,TX-SARA,2026-03-11T19:28:14.187Z,397.2,400.5,398.0,19.60,18.03,18.88,22.52,376.650,37.665,0.85,42.6,1.12,435
Compressor Array,D-003,2026-03-11T19:28:14.187Z,401.1,403.7,402.8,17.95,16.74,15.05,20.02,271.337,27.134,0.92,58.2,0.32,484
JMS Industrial,TX-JMS,2026-03-11T19:33:14.187Z,395.7,396.1,397.9,18.95,16.71,16.16,20.55,349.290,34.929,0.88,56.6,2.02,436
EBOOT CNC,TX-EBOOT,2026-03-11T19:33:14.187Z,399.1,396.5,402.0,17.97,16.41,15.44,19.89,314.949,31.495,0.91,58.3,1.20,431
SARA Mill,TX-SARA,2026-03-11T19:33:14.187Z,400.1,401.9,404.4,18.67,18.30,18.01,22.11,378.493,37.849,0.93,67.0,0.21,491
Compressor Array,D-003,2026-03-11T19:33:14.187Z,403.3,396.8,397.7,19.55,17.37,18.43,22.11,273.179,27.318,0.90,43.8,0.98,453
JMS Industrial,TX-JMS,2026-03-11T19:38:14.187Z,401.4,404.8,397.6,16.33,18.89,18.83,21.69,351.097,35.110,0.90,49.0,2.18,452
EBOOT CNC,TX-EBOOT,2026-03-11T19:38:14.187Z,396.0,398.4,401.6,15.29,18.90,19.56,21.44,316.736,31.674,0.93,53.7,2.15,487
SARA Mill,TX-SARA,2026-03-11T19:38:14.187Z,397.1,396.3,403.8,19.50,19.31,17.20,22.34,380.355,38.035,0.87,41.4,1.28,414
Compressor Array,D-003,2026-03-11T19:38:14.187Z,399.9,401.2,400.4,16.39,18.69,18.62,21.51,274.971,27.497,0.94,67.6,1.99,410
JMS Industrial,TX-JMS,2026-03-11T19:43:14.187Z,399.6,404.6,404.3,16.35,18.37,16.38,20.59,352.812,35.281,0.91,50.6,2.00,444
EBOOT CNC,TX-EBOOT,2026-03-11T19:43:14.187Z,396.4,403.3,398.5,16.50,16.89,18.35,20.66,318.458,31.846,0.88,41.4,1.33,452
SARA Mill,TX-SARA,2026-03-11T19:43:14.187Z,397.0,403.1,404.3,18.36,19.93,17.64,22.46,382.226,38.223,0.91,69.7,0.34,417
Compressor Array,D-003,2026-03-11T19:43:14.187Z,400.7,398.5,395.7,16.54,18.66,19.27,21.69,276.779,27.678,0.87,55.1,1.54,402
JMS Industrial,TX-JMS,2026-03-11T19:48:14.187Z,404.8,398.6,402.7,16.46,15.56,18.83,20.45,354.516,35.452,0.87,42.3,1.70,409
EBOOT CNC,TX-EBOOT,2026-03-11T19:48:14.187Z,398.4,395.6,403.9,18.76,15.03,17.41,20.45,320.162,32.016,0.92,42.1,1.68,401
SARA Mill,TX-SARA,2026-03-11T19:48:14.187Z,397.5,396.3,397.5,16.94,17.35,19.26,21.26,383.998,38.400,0.89,61.7,0.98,415
Compressor Array,D-003,2026-03-11T19:48:14.187Z,404.1,402.9,400.4,15.74,18.22,15.66,19.97,278.444,27.844,0.88,67.9,1.21,434
JMS Industrial,TX-JMS,2026-03-11T19:53:14.187Z,403.3,397.8,398.0,19.38,15.15,16.59,20.45,356.220,35.622,0.91,52.5,0.95,438
EBOOT CNC,TX-EBOOT,2026-03-11T19:53:14.187Z,399.0,396.4,395.8,15.05,19.27,16.95,20.35,321.858,32.186,0.93,47.6,2.11,457
SARA Mill,TX-SARA,2026-03-11T19:53:14.187Z,401.4,401.2,397.5,16.87,19.33,16.55,21.10,385.757,38.576,0.94,54.9,1.03,471
Compressor Array,D-003,2026-03-11T19:53:14.187Z,401.2,399.6,403.9,16.49,16.80,18.27,20.71,280.169,28.017,0.87,43.2,1.87,418
JMS Industrial,TX-JMS,2026-03-11T19:58:14.187Z,401.1,396.5,399.7,17.39,15.62,15.43,19.34,357.832,35.783,0.90,51.6,0.65,486
EBOOT CNC,TX-EBOOT,2026-03-11T19:58:14.187Z,403.5,404.6,396.3,17.35,17.97,19.08,21.83,323.678,32.368,0.94,45.7,1.52,401
SARA Mill,TX-SARA,2026-03-11T19:58:14.187Z,401.0,400.2,399.9,19.92,15.05,15.49,20.20,387.441,38.744,0.87,46.2,1.16,495
Compressor Array,D-003,2026-03-11T19:58:14.187Z,396.3,398.6,397.5,19.89,17.12,17.05,21.49,281.960,28.196,0.86,63.7,2.00,406
JMS Industrial,TX-JMS,2026-03-11T20:03:14.187Z,397.3,395.2,399.0,17.76,17.85,17.21,20.98,359.580,35.958,0.95,45.7,0.83,402
EBOOT CNC,TX-EBOOT,2026-03-11T20:03:14.187Z,404.7,395.7,398.5,18.80,17.79,19.20,22.30,325.536,32.554,0.91,68.0,1.60,475
SARA Mill,TX-SARA,2026-03-11T20:03:14.187Z,399.2,404.6,397.2,19.38,17.53,16.44,21.36,389.221,38.922,0.90,46.0,0.56,419
Compressor Array,D-003,2026-03-11T20:03:14.187Z,403.4,400.7,397.5,19.78,15.06,17.11,20.81,283.694,28.369,0.86,49.8,1.83,441
JMS Industrial,TX-JMS,2026-03-11T20:08:14.187Z,402.8,404.1,399.5,16.93,15.97,18.47,20.65,361.301,36.130,0.89,55.9,1.15,488
EBOOT CNC,TX-EBOOT,2026-03-11T20:08:14.187Z,400.0,402.4,395.6,15.08,18.13,15.53,19.47,327.158,32.716,0.87,40.7,1.95,437
SARA Mill,TX-SARA,2026-03-11T20:08:14.187Z,403.7,396.5,404.9,15.64,19.31,16.89,20.81,390.955,39.095,0.91,56.7,1.42,474
Compressor Array,D-003,2026-03-11T20:08:14.187Z,402.7,400.2,399.9,19.94,19.73,18.88,23.48,285.651,28.565,0.87,51.8,0.21,499
JMS Industrial,TX-JMS,2026-03-11T20:13:14.187Z,397.3,402.5,397.9,19.29,18.01,18.07,22.10,363.143,36.314,0.87,59.0,0.32,470
EBOOT CNC,TX-EBOOT,2026-03-11T20:13:14.187Z,400.8,397.5,397.4,19.70,16.61,17.13,21.30,328.934,32.893,0.89,57.7,0.24,440
SARA Mill,TX-SARA,2026-03-11T20:13:14.187Z,399.4,398.8,403.9,17.38,18.07,18.88,21.78,392.770,39.277,0.88,45.9,1.92,480
Compressor Array,D-003,2026-03-11T20:13:14.187Z,403.7,400.5,402.9,16.92,18.23,17.63,21.23,287.420,28.742,0.85,51.4,0.32,430
JMS Industrial,TX-JMS,2026-03-11T20:18:14.187Z,399.9,396.4,396.3,18.42,15.40,19.03,21.01,364.894,36.489,0.86,43.8,2.03,405
EBOOT CNC,TX-EBOOT,2026-03-11T20:18:14.187Z,401.1,400.8,401.5,17.90,15.26,15.91,19.69,330.574,33.057,0.93,42.7,1.52,412
SARA Mill,TX-SARA,2026-03-11T20:18:14.187Z,404.5,397.5,399.1,18.36,19.68,17.86,22.38,394.634,39.463,0.88,51.7,1.39,477
Compressor Array,D-003,2026-03-11T20:18:14.187Z,398.4,399.2,398.1,16.30,17.36,18.69,20.87,289.159,28.916,0.87,43.8,1.07,403
JMS Industrial,TX-JMS,2026-03-11T20:23:14.187Z,398.9,397.4,403.8,17.40,15.51,15.31,19.29,366.501,36.650,0.90,52.0,0.24,451
EBOOT CNC,TX-EBOOT,2026-03-11T20:23:14.187Z,396.3,400.8,400.2,16.01,15.46,19.78,20.46,332.279,33.228,0.91,50.9,1.72,464
SARA Mill,TX-SARA,2026-03-11T20:23:14.187Z,399.7,396.1,396.2,15.48,18.61,17.98,20.68,396.358,39.636,0.90,50.9,1.20,435
Compressor Array,D-003,2026-03-11T20:23:14.187Z,395.7,404.8,398.9,17.91,16.60,17.86,20.93,290.903,29.090,0.88,44.0,2.09,432
JMS Industrial,TX-JMS,2026-03-11T20:28:14.187Z,400.1,397.4,395.1,19.00,16.70,15.68,20.43,368.204,36.820,0.93,42.0,0.83,427
EBOOT CNC,TX-EBOOT,2026-03-11T20:28:14.187Z,396.5,401.9,397.7,15.29,17.54,16.82,19.80,333.928,33.393,0.91,56.0,1.06,404
SARA Mill,TX-SARA,2026-03-11T20:28:14.187Z,396.6,399.5,402.3,18.08,15.28,19.51,21.12,398.118,39.812,0.91,46.7,1.92,491
Compressor Array,D-003,2026-03-11T20:28:14.187Z,396.6,402.0,404.3,17.37,19.06,16.00,21.02,292.655,29.265,0.87,40.3,0.72,413
JMS Industrial,TX-JMS,2026-03-11T20:33:14.187Z,395.6,399.1,399.3,15.52,15.56,17.73,19.43,369.823,36.982,0.93,67.8,0.96,494
EBOOT CNC,TX-EBOOT,2026-03-11T20:33:14.187Z,404.5,402.1,404.5,19.46,19.81,18.96,23.50,335.887,33.589,0.86,47.9,1.14,403
SARA Mill,TX-SARA,2026-03-11T20:33:14.187Z,401.5,399.9,398.6,15.38,17.57,19.53,20.98,399.867,39.987,0.87,55.8,1.36,451
Compressor Array,D-003,2026-03-11T20:33:14.187Z,395.5,395.4,396.2,16.67,19.86,17.56,21.40,294.438,29.444,0.86,43.4,1.68,405
JMS Industrial,TX-JMS,2026-03-11T20:38:14.187Z,403.0,399.6,395.5,15.88,16.92,17.17,19.95,371.485,37.149,0.93,62.8,0.33,426
EBOOT CNC,TX-EBOOT,2026-03-11T20:38:14.187Z,401.2,396.0,397.8,17.24,17.45,16.27,20.30,337.578,33.758,0.91,59.6,0.87,416
SARA Mill,TX-SARA,2026-03-11T20:38:14.187Z,398.6,395.2,402.2,15.11,16.58,16.92,19.38,401.482,40.148,0.94,59.9,0.57,412
Compressor Array,D-003,2026-03-11T20:38:14.187Z,403.5,404.5,398.1,17.42,16.83,15.67,20.08,296.111,29.611,0.89,58.6,1.94,459
JMS Industrial,TX-JMS,2026-03-11T20:43:14.187Z,398.0,396.3,395.6,16.10,18.04,17.93,20.65,373.206,37.321,0.88,59.9,1.53,445
EBOOT CNC,TX-EBOOT,2026-03-11T20:43:14.187Z,400.4,402.1,401.1,19.89,17.26,16.01,21.33,339.356,33.936,0.88,66.2,1.76,497
SARA Mill,TX-SARA,2026-03-11T20:43:14.187Z,395.4,401.3,397.6,19.62,16.59,19.74,22.27,403.338,40.334,0.94,57.3,0.97,420
Compressor Array,D-003,2026-03-11T20:43:14.187Z,397.3,402.4,401.4,19.21,17.60,15.39,20.89,297.851,29.785,0.93,51.3,1.70,437
JMS Industrial,TX-JMS,2026-03-11T20:48:14.187Z,404.9,402.5,403.3,17.02,15.07,17.42,19.99,374.872,37.487,0.95,64.9,1.42,427
EBOOT CNC,TX-EBOOT,2026-03-11T20:48:14.187Z,396.9,395.8,403.4,17.72,18.31,15.17,20.40,341.056,34.106,0.93,43.7,1.62,420
SARA Mill,TX-SARA,2026-03-11T20:48:14.187Z,404.8,398.1,404.7,16.06,19.74,15.85,20.78,405.069,40.507,0.95,64.6,2.01,464
Compressor Array,D-003,2026-03-11T20:48:14.187Z,396.9,399.6,401.6,18.59,16.10,18.64,21.29,299.626,29.963,0.93,40.3,1.46,432
JMS Industrial,TX-JMS,2026-03-11T20:53:14.187Z,403.1,402.8,399.2,18.94,17.49,15.47,20.85,376.610,37.661,0.88,61.9,0.43,439
EBOOT CNC,TX-EBOOT,2026-03-11T20:53:14.187Z,403.6,404.7,403.2,17.89,17.31,15.34,20.41,342.757,34.276,0.95,67.0,2.02,434
SARA Mill,TX-SARA,2026-03-11T20:53:14.187Z,399.2,403.8,402.5,17.82,19.92,17.21,22.09,406.910,40.691,0.90,58.1,0.91,465
Compressor Array,D-003,2026-03-11T20:53:14.187Z,401.9,400.5,401.4,19.38,16.74,17.65,21.58,301.424,30.142,0.89,67.1,1.96,415
JMS Industrial,TX-JMS,2026-03-11T20:58:14.187Z,395.6,398.5,395.5,17.22,17.00,19.18,21.18,378.374,37.837,0.89,48.0,1.60,486
EBOOT CNC,TX-EBOOT,2026-03-11T20:58:14.187Z,403.8,401.8,403.9,16.84,19.47,15.87,21.03,344.509,34.451,0.85,54.5,0.45,409
SARA Mill,TX-SARA,2026-03-11T20:58:14.187Z,399.8,397.4,395.6,18.25,18.59,16.48,21.21,408.677,40.868,0.87,52.3,1.88,479
Compressor Array,D-003,2026-03-11T20:58:14.187Z,396.3,399.3,398.9,17.98,17.81,16.26,20.73,303.151,30.315,0.94,54.2,0.42,465
JMS Industrial,TX-JMS,2026-03-11T21:03:14.187Z,397.0,397.3,400.3,15.93,15.99,19.84,20.62,380.093,38.009,0.94,55.4,0.79,404
EBOOT CNC,TX-EBOOT,2026-03-11T21:03:14.187Z,396.2,401.0,395.3,15.21,18.65,18.03,20.63,346.229,34.623,0.87,43.4,0.35,467
SARA Mill,TX-SARA,2026-03-11T21:03:14.187Z,401.6,403.8,404.7,16.13,18.70,17.17,20.98,410.425,41.043,0.86,57.6,1.73,473
Compressor Array,D-003,2026-03-11T21:03:14.187Z,403.2,396.5,403.0,17.61,18.62,19.68,22.41,305.019,30.502,0.91,52.2,1.46,450
JMS Industrial,TX-JMS,2026-03-11T21:08:14.187Z,404.6,395.3,400.7,18.89,19.11,18.06,22.43,381.962,38.196,0.88,69.5,1.87,424
EBOOT CNC,TX-EBOOT,2026-03-11T21:08:14.187Z,400.4,397.4,398.7,15.91,15.81,18.67,20.10,347.904,34.790,0.87,54.5,2.13,403
SARA Mill,TX-SARA,2026-03-11T21:08:14.187Z,396.8,403.0,400.6,15.22,15.59,18.67,19.80,412.075,41.208,0.95,43.7,0.22,436
Compressor Array,D-003,2026-03-11T21:08:14.187Z,397.4,398.6,395.6,19.81,17.59,18.93,22.37,306.883,30.688,0.88,68.8,0.79,494
JMS Industrial,TX-JMS,2026-03-11T21:13:14.187Z,397.3,404.1,397.2,18.46,18.67,18.21,22.11,383.804,38.380,0.87,67.5,1.70,479
EBOOT CNC,TX-EBOOT,2026-03-11T21:13:14.187Z,402.8,396.4,397.2,17.27,18.05,18.34,21.40,349.687,34.969,0.93,58.1,1.27,471
SARA Mill,TX-SARA,2026-03-11T21:13:14.187Z,395.8,402.3,397.0,16.42,15.51,19.34,20.42,413.777,41.378,0.90,51.9,0.94,445
Compressor Array,D-003,2026-03-11T21:13:14.187Z,395.7,398.8,395.3,16.31,18.06,17.08,20.41,308.584,30.858,0.89,57.3,0.49,421
JMS Industrial,TX-JMS,2026-03-11T21:18:14.187Z,395.2,401.9,397.1,17.55,16.50,18.13,20.77,385.535,38.554,0.87,61.9,0.30,418
EBOOT CNC,TX-EBOOT,2026-03-11T21:18:14.187Z,404.4,398.9,396.7,19.35,16.10,16.42,20.76,351.417,35.142,0.86,56.1,0.51,468
SARA Mill,TX-SARA,2026-03-11T21:18:14.187Z,396.6,404.9,395.3,19.40,19.86,16.14,22.11,415.619,41.562,0.89,49.3,2.05,434
Compressor Array,D-003,2026-03-11T21:18:14.187Z,402.5,399.7,402.2,16.10,17.29,15.91,19.79,310.233,31.023,0.93,63.4,0.36,408
JMS Industrial,TX-JMS,2026-03-11T21:23:14.187Z,397.2,396.2,395.2,17.22,16.24,15.74,19.49,387.159,38.716,0.88,42.7,0.44,479
EBOOT CNC,TX-EBOOT,2026-03-11T21:23:14.187Z,399.8,398.5,399.7,18.48,15.98,16.92,20.52,353.127,35.313,0.94,41.7,0.65,447
SARA Mill,TX-SARA,2026-03-11T21:23:14.187Z,396.1,397.9,397.5,17.04,17.63,18.47,21.11,417.378,41.738,0.94,69.8,2.14,449
Compressor Array,D-003,2026-03-11T21:23:14.187Z,395.4,404.9,397.0,15.97,18.15,16.79,20.33,311.927,31.193,0.94,44.9,1.30,444
JMS Industrial,TX-JMS,2026-03-11T21:28:14.187Z,400.1,395.4,404.2,16.04,15.01,17.75,19.53,388.787,38.879,0.94,61.2,1.38,423
EBOOT CNC,TX-EBOOT,2026-03-11T21:28:14.187Z,395.7,399.5,399.9,16.40,18.42,16.55,20.47,354.832,35.483,0.95,55.4,1.69,456
SARA Mill,TX-SARA,2026-03-11T21:28:14.187Z,404.1,402.4,403.8,17.94,18.53,18.05,21.99,419.211,41.921,0.88,45.5,0.41,481
Compressor Array,D-003,2026-03-11T21:28:14.187Z,401.7,403.8,404.0,16.59,19.85,17.00,21.55,313.722,31.372,0.90,42.8,1.83,459
JMS Industrial,TX-JMS,2026-03-11T21:33:14.187Z,398.2,398.3,400.9,19.76,18.56,17.70,22.35,390.650,39.065,0.91,53.6,1.60,468
EBOOT CNC,TX-EBOOT,2026-03-11T21:33:14.187Z,398.5,404.5,397.3,18.69,18.57,16.50,21.52,356.625,35.663,0.85,45.7,0.42,477
SARA Mill,TX-SARA,2026-03-11T21:33:14.187Z,403.2,396.4,403.7,16.80,18.41,17.05,20.96,420.958,42.096,0.93,58.1,2.04,467
Compressor Array,D-003,2026-03-11T21:33:14.187Z,403.8,398.3,397.5,16.44,16.33,15.02,19.11,315.315,31.532,0.92,43.9,2.12,489
JMS Industrial,TX-JMS,2026-03-11T21:38:14.187Z,401.4,402.5,398.8,19.19,15.64,15.18,20.05,392.321,39.232,0.89,57.7,1.14,401
EBOOT CNC,TX-EBOOT,2026-03-11T21:38:14.187Z,397.7,402.4,401.0,17.54,15.65,17.36,20.24,358.312,35.831,0.91,64.2,0.40,445
SARA Mill,TX-SARA,2026-03-11T21:38:14.187Z,402.9,402.6,402.8,16.75,18.45,16.54,20.84,422.694,42.269,0.91,67.4,0.42,416
Compressor Array,D-003,2026-03-11T21:38:14.187Z,395.8,395.6,403.5,18.13,16.46,17.62,20.80,317.048,31.705,0.89,54.1,1.07,408
JMS Industrial,TX-JMS,2026-03-11T21:43:14.187Z,395.9,397.4,398.8,18.32,16.30,19.06,21.33,394.099,39.410,0.88,57.0,1.29,473
EBOOT CNC,TX-EBOOT,2026-03-11T21:43:14.187Z,397.4,402.0,398.6,16.16,17.55,18.29,20.77,360.042,36.004,0.92,45.0,1.80,463
SARA Mill,TX-SARA,2026-03-11T21:43:14.187Z,400.5,399.6,404.9,16.99,19.32,16.19,21.08,424.451,42.445,0.92,60.1,0.99,421
Compressor Array,D-003,2026-03-11T21:43:14.187Z,397.2,404.6,399.0,18.27,17.17,17.61,21.23,318.818,31.882,0.91,52.6,1.29,415
JMS Industrial,TX-JMS,2026-03-11T21:48:14.187Z,396.8,399.6,396.3,15.99,16.53,19.67,20.74,395.827,39.583,0.85,60.8,2.07,414
EBOOT CNC,TX-EBOOT,2026-03-11T21:48:14.187Z,399.2,398.4,402.0,18.96,15.26,18.95,21.26,361.814,36.181,0.89,48.9,2.18,420
SARA Mill,TX-SARA,2026-03-11T21:48:14.187Z,401.6,397.5,399.0,15.44,19.56,17.97,21.15,426.213,42.621,0.85,63.9,0.51,445
Compressor Array,D-003,2026-03-11T21:48:14.187Z,404.7,399.2,400.4,17.26,18.48,16.67,21.04,320.571,32.057,0.93,65.2,2.00,482
JMS Industrial,TX-JMS,2026-03-11T21:53:14.187Z,404.1,399.1,395.8,15.85,17.19,16.64,19.85,397.481,39.748,0.92,55.1,1.30,483
EBOOT CNC,TX-EBOOT,2026-03-11T21:53:14.187Z,401.5,402.0,403.1,16.73,15.34,17.70,20.02,363.482,36.348,0.87,46.9,2.02,430
SARA Mill,TX-SARA,2026-03-11T21:53:14.187Z,400.6,401.5,401.1,15.30,16.88,19.70,20.81,427.947,42.795,0.93,55.7,1.53,448
Compressor Array,D-003,2026-03-11T21:53:14.187Z,404.3,396.3,403.1,16.49,19.80,17.69,21.65,322.375,32.237,0.93,67.8,0.77,445
JMS Industrial,TX-JMS,2026-03-11T21:58:14.187Z,397.0,397.1,401.7,19.36,15.68,15.19,20.01,399.149,39.915,0.92,46.9,1.95,444
EBOOT CNC,TX-EBOOT,2026-03-11T21:58:14.187Z,400.6,395.0,400.4,19.21,15.36,18.85,21.31,365.258,36.526,0.89,65.2,0.74,486
SARA Mill,TX-SARA,2026-03-11T21:58:14.187Z,403.5,403.3,398.7,15.56,17.78,19.05,21.04,429.701,42.970,0.93,61.1,2.17,418
Compressor Array,D-003,2026-03-11T21:58:14.187Z,397.9,403.9,397.9,15.16,17.05,16.46,19.47,323.997,32.400,0.92,68.4,1.78,452
JMS Industrial,TX-JMS,2026-03-11T22:03:14.187Z,399.7,403.2,403.9,15.11,15.93,17.43,19.50,400.775,40.077,0.87,44.2,1.60,480
EBOOT CNC,TX-EBOOT,2026-03-11T22:03:14.187Z,403.1,401.3,404.2,17.76,19.05,17.07,21.70,367.067,36.707,0.94,53.6,2.15,434
SARA Mill,TX-SARA,2026-03-11T22:03:14.187Z,395.7,401.2,398.3,15.26,18.64,17.09,20.32,431.394,43.139,0.86,48.4,1.96,421
Compressor Array,D-003,2026-03-11T22:03:14.187Z,401.5,400.2,403.4,17.31,16.11,17.17,20.33,325.691,32.569,0.90,56.8,1.18,469
JMS Industrial,TX-JMS,2026-03-11T22:08:14.187Z,404.9,397.1,402.6,15.46,15.27,18.87,19.92,402.435,40.243,0.92,65.4,1.54,456
EBOOT CNC,TX-EBOOT,2026-03-11T22:08:14.187Z,400.9,397.2,404.9,15.64,19.15,16.42,20.53,368.777,36.878,0.87,53.5,0.77,486
SARA Mill,TX-SARA,2026-03-11T22:08:14.187Z,396.6,400.4,395.5,17.51,19.66,17.20,21.62,433.196,43.320,0.89,68.2,1.25,476
Compressor Array,D-003,2026-03-11T22:08:14.187Z,400.8,403.4,395.5,18.87,17.85,15.39,20.85,327.429,32.743,0.92,44.5,0.91,406
JMS Industrial,TX-JMS,2026-03-11T22:13:14.187Z,404.9,399.1,404.0,19.08,19.79,15.81,22.01,404.269,40.427,0.90,52.2,0.24,418
EBOOT CNC,TX-EBOOT,2026-03-11T22:13:14.187Z,395.7,396.0,403.4,18.55,18.08,15.33,20.68,370.501,37.050,0.85,59.9,1.21,495
SARA Mill,TX-SARA,2026-03-11T22:13:14.187Z,404.6,397.4,398.8,15.68,15.24,17.19,19.26,434.800,43.480,0.95,49.3,1.03,421
Compressor Array,D-003,2026-03-11T22:13:14.187Z,403.0,399.4,403.7,15.35,19.97,18.77,21.74,329.240,32.924,0.87,50.6,0.77,419
JMS Industrial,TX-JMS,2026-03-11T22:18:14.187Z,403.3,400.1,401.5,17.54,16.97,15.51,20.09,405.944,40.594,0.95,42.5,0.63,413
EBOOT CNC,TX-EBOOT,2026-03-11T22:18:14.187Z,400.5,400.0,404.2,19.07,17.19,17.84,21.73,372.311,37.231,0.93,69.3,1.53,474
SARA Mill,TX-SARA,2026-03-11T22:18:14.187Z,399.4,401.8,401.3,15.33,18.95,19.35,21.50,436.592,43.659,0.94,42.5,0.97,415
Compressor Array,D-003,2026-03-11T22:18:14.187Z,404.0,399.1,400.7,15.39,17.82,19.96,21.33,331.018,33.102,0.88,65.9,0.93,402
JMS Industrial,TX-JMS,2026-03-11T22:23:14.187Z,403.3,402.2,398.8,15.36,17.76,19.11,20.96,407.690,40.769,0.94,45.7,1.36,402
EBOOT CNC,TX-EBOOT,2026-03-11T22:23:14.187Z,397.2,399.5,404.4,16.18,18.73,18.86,21.54,374.106,37.411,0.95,42.3,1.30,462
SARA Mill,TX-SARA,2026-03-11T22:23:14.187Z,395.7,401.7,397.7,19.55,16.71,19.76,22.30,438.451,43.845,0.88,64.6,1.66,463
Compressor Array,D-003,2026-03-11T22:23:14.187Z,404.7,400.6,400.0,19.69,17.43,18.24,22.25,332.872,33.287,0.87,40.4,1.67,456
JMS Industrial,TX-JMS,2026-03-11T22:28:14.187Z,403.1,399.2,398.8,18.14,19.29,19.13,22.64,409.577,40.958,0.87,67.9,1.27,446
EBOOT CNC,TX-EBOOT,2026-03-11T22:28:14.187Z,403.4,398.4,402.9,15.23,18.07,19.27,21.10,375.865,37.586,0.95,55.0,1.80,468
SARA Mill,TX-SARA,2026-03-11T22:28:14.187Z,397.6,401.1,397.4,15.35,17.09,16.39,19.47,440.073,44.007,0.91,51.8,0.25,423
Compressor Array,D-003,2026-03-11T22:28:14.187Z,404.8,398.1,397.1,16.95,16.67,16.71,20.14,334.550,33.455,0.88,45.1,2.13,433
JMS Industrial,TX-JMS,2026-03-11T22:33:14.187Z,396.8,402.6,397.5,18.39,19.22,19.57,22.81,411.478,41.148,0.95,52.5,1.61,406
EBOOT CNC,TX-EBOOT,2026-03-11T22:33:14.187Z,395.1,401.8,396.2,19.95,17.70,19.12,22.57,377.746,37.775,0.91,56.3,0.36,499
SARA Mill,TX-SARA,2026-03-11T22:33:14.187Z,401.1,402.6,403.8,18.82,18.64,17.35,22.06,441.912,44.191,0.89,41.3,0.41,461
Compressor Array,D-003,2026-03-11T22:33:14.187Z,400.3,401.6,397.6,16.83,15.22,18.19,20.08,336.223,33.622,0.88,47.7,1.95,496
JMS Industrial,TX-JMS,2026-03-11T22:38:14.187Z,403.6,404.3,397.5,17.98,16.16,16.13,20.20,413.161,41.316,0.94,63.0,0.29,463
EBOOT CNC,TX-EBOOT,2026-03-11T22:38:14.187Z,403.0,403.4,399.9,16.76,15.19,19.07,20.51,379.455,37.945,0.90,64.8,0.98,433
SARA Mill,TX-SARA,2026-03-11T22:38:14.187Z,402.8,403.7,398.6,19.29,16.29,19.48,22.11,443.754,44.375,0.93,52.4,1.06,466
Compressor Array,D-003,2026-03-11T22:38:14.187Z,402.5,403.4,396.2,18.40,15.28,19.92,21.46,338.012,33.801,0.92,55.4,1.98,491
JMS Industrial,TX-JMS,2026-03-11T22:43:14.187Z,396.3,402.6,400.0,19.82,18.21,19.79,23.10,415.086,41.509,0.88,59.7,0.36,486
EBOOT CNC,TX-EBOOT,2026-03-11T22:43:14.187Z,400.6,397.4,404.6,15.72,19.90,15.97,20.66,381.177,38.118,0.91,43.8,0.52,433
SARA Mill,TX-SARA,2026-03-11T22:43:14.187Z,402.5,402.3,401.3,18.10,19.46,16.01,21.54,445.550,44.555,0.92,59.2,1.23,416
Compressor Array,D-003,2026-03-11T22:43:14.187Z,400.6,400.1,396.4,17.47,18.34,15.20,20.36,339.708,33.971,0.88,43.2,0.33,455
JMS Industrial,TX-JMS,2026-03-11T22:48:14.187Z,396.1,395.1,398.8,19.07,16.83,17.82,21.31,416.862,41.686,0.88,68.3,1.80,405
EBOOT CNC,TX-EBOOT,2026-03-11T22:48:14.187Z,401.6,403.6,397.8,19.01,17.33,18.45,21.97,383.007,38.301,0.89,62.1,1.95,499
SARA Mill,TX-SARA,2026-03-11T22:48:14.187Z,400.4,403.0,400.0,15.67,19.92,16.71,20.99,447.299,44.730,0.86,55.0,1.68,437
Compressor Array,D-003,2026-03-11T22:48:14.187Z,404.1,395.4,402.7,17.96,17.42,15.47,20.38,341.407,34.141,0.94,57.4,1.66,413
JMS Industrial,TX-JMS,2026-03-11T22:53:14.187Z,395.4,397.6,395.8,15.05,19.21,17.20,20.40,418.562,41.856,0.88,53.8,0.55,463
EBOOT CNC,TX-EBOOT,2026-03-11T22:53:14.187Z,402.3,398.2,398.3,18.79,15.03,17.35,20.45,384.712,38.471,0.87,55.8,0.55,425
SARA Mill,TX-SARA,2026-03-11T22:53:14.187Z,402.3,402.3,400.1,16.74,18.15,16.12,20.48,449.006,44.901,0.88,49.0,2.12,487
Compressor Array,D-003,2026-03-11T22:53:14.187Z,404.4,402.9,397.9,17.06,16.51,19.79,21.43,343.192,34.319,0.90,65.8,1.30,446
JMS Industrial,TX-JMS,2026-03-11T22:58:14.187Z,402.8,397.5,400.3,19.96,19.81,18.21,23.20,420.495,42.050,0.91,46.3,1.09,417
EBOOT CNC,TX-EBOOT,2026-03-11T22:58:14.187Z,402.5,400.1,399.5,18.06,15.18,15.09,19.37,386.326,38.633,0.93,49.8,2.09,468
SARA Mill,TX-SARA,2026-03-11T22:58:14.187Z,399.9,398.4,395.8,19.83,16.24,16.24,20.83,450.741,45.074,0.85,56.1,1.79,463
Compressor Array,D-003,2026-03-11T22:58:14.187Z,400.0,399.8,400.7,17.43,16.66,19.76,21.55,344.988,34.499,0.86,61.0,1.21,448
JMS Industrial,TX-JMS,2026-03-11T23:03:14.187Z,404.8,397.8,402.1,17.52,18.82,19.38,22.37,422.360,42.236,0.95,43.5,0.66,491
EBOOT CNC,TX-EBOOT,2026-03-11T23:03:14.187Z,398.4,397.8,400.1,15.24,15.32,18.66,19.63,387.962,38.796,0.89,49.3,2.05,469
SARA Mill,TX-SARA,2026-03-11T23:03:14.187Z,397.9,401.0,400.7,17.49,19.82,17.66,21.98,452.573,45.257,0.90,47.2,2.11,458
Compressor Array,D-003,2026-03-11T23:03:14.187Z,399.4,403.0,396.1,16.96,19.80,18.94,22.25,346.843,34.684,0.86,48.5,2.07,494
JMS Industrial,TX-JMS,2026-03-11T23:08:14.187Z,398.8,404.6,395.6,16.58,15.86,15.97,19.35,423.972,42.397,0.88,45.7,0.88,449
EBOOT CNC,TX-EBOOT,2026-03-11T23:08:14.187Z,404.9,401.2,400.7,18.79,17.81,15.61,21.01,389.712,38.971,0.91,66.3,0.38,473
SARA Mill,TX-SARA,2026-03-11T23:08:14.187Z,399.1,397.8,396.1,16.46,19.62,15.99,20.71,454.299,45.430,0.92,50.6,1.79,434
Compressor Array,D-003,2026-03-11T23:08:14.187Z,399.1,397.7,404.1,19.60,15.04,16.43,20.44,348.546,34.855,0.91,67.8,2.03,437
JMS Industrial,TX-JMS,2026-03-11T23:13:14.187Z,403.5,395.3,404.3,17.52,17.46,16.96,20.83,425.708,42.571,0.94,40.9,2.16,490
EBOOT CNC,TX-EBOOT,2026-03-11T23:13:14.187Z,396.8,404.3,398.3,17.66,19.95,19.30,22.76,391.609,39.161,0.87,50.4,1.02,458
SARA Mill,TX-SARA,2026-03-11T23:13:14.187Z,402.3,403.9,397.4,16.86,17.62,17.57,20.88,456.039,45.604,0.89,60.2,1.80,425
Compressor Array,D-003,2026-03-11T23:13:14.187Z,397.7,397.2,401.6,18.69,19.25,16.70,21.78,350.362,35.036,0.89,40.2,1.53,479
JMS Industrial,TX-JMS,2026-03-11T23:18:14.187Z,403.8,398.8,397.0,18.69,19.70,16.59,21.99,427.540,42.754,0.88,61.2,0.79,498
EBOOT CNC,TX-EBOOT,2026-03-11T23:18:14.187Z,399.3,397.6,395.2,18.35,19.10,15.28,20.96,393.356,39.336,0.92,64.3,1.32,408
SARA Mill,TX-SARA,2026-03-11T23:18:14.187Z,399.3,399.0,402.8,17.77,19.26,18.11,22.08,457.879,45.788,0.94,41.1,0.28,474
Compressor Array,D-003,2026-03-11T23:18:14.187Z,402.1,404.0,400.2,16.36,15.12,19.75,20.59,352.077,35.208,0.87,52.4,1.49,479
JMS Industrial,TX-JMS,2026-03-11T23:23:14.187Z,396.3,400.8,398.8,17.56,15.88,19.22,20.99,429.289,42.929,0.94,52.5,1.18,410
EBOOT CNC,TX-EBOOT,2026-03-11T23:23:14.187Z,401.5,396.2,400.1,19.32,17.60,18.71,22.22,395.207,39.521,0.87,47.7,1.82,480
SARA Mill,TX-SARA,2026-03-11T23:23:14.187Z,403.7,398.8,400.5,17.67,19.88,18.57,22.50,459.754,45.975,0.93,60.5,1.03,447
Compressor Array,D-003,2026-03-11T23:23:14.187Z,399.6,402.9,404.7,19.60,19.72,16.96,22.64,353.964,35.396,0.87,55.4,1.65,430
JMS Industrial,TX-JMS,2026-03-11T23:28:14.187Z,399.3,403.2,399.4,17.09,17.58,16.70,20.59,431.005,43.100,0.92,40.2,1.44,432
EBOOT CNC,TX-EBOOT,2026-03-11T23:28:14.187Z,404.1,396.7,404.3,18.84,18.22,19.30,22.64,397.094,39.709,0.87,50.1,2.19,466
SARA Mill,TX-SARA,2026-03-11T23:28:14.187Z,401.3,400.6,397.4,19.85,15.89,18.65,21.74,461.566,46.157,0.86,61.5,1.11,452
Compressor Array,D-003,2026-03-11T23:28:14.187Z,400.4,396.6,397.5,15.03,18.29,15.61,19.48,355.587,35.559,0.87,52.7,0.33,455
JMS Industrial,TX-JMS,2026-03-11T23:33:14.187Z,397.7,402.1,402.2,19.98,17.45,19.96,22.99,432.920,43.292,0.86,50.9,0.39,464
EBOOT CNC,TX-EBOOT,2026-03-11T23:33:14.187Z,400.9,395.3,400.6,19.38,15.34,19.62,21.69,398.902,39.890,0.91,65.5,1.80,446
SARA Mill,TX-SARA,2026-03-11T23:33:14.187Z,403.3,397.4,404.2,15.32,16.67,17.62,19.92,463.226,46.323,0.94,43.1,1.24,410
Compressor Array,D-003,2026-03-11T23:33:14.187Z,404.8,400.1,401.8,19.16,17.37,17.17,21.60,357.387,35.739,0.95,63.2,1.78,448
JMS Industrial,TX-JMS,2026-03-11T23:38:14.187Z,396.5,395.4,401.7,18.76,16.87,15.11,20.18,434.602,43.460,0.92,56.2,0.30,435
EBOOT CNC,TX-EBOOT,2026-03-11T23:38:14.187Z,405.0,397.2,401.5,15.39,16.72,16.93,19.67,400.542,40.054,0.93,48.0,1.49,426
SARA Mill,TX-SARA,2026-03-11T23:38:14.187Z,396.5,398.6,402.5,15.88,19.48,19.75,22.01,465.060,46.506,0.88,63.5,0.50,448
Compressor Array,D-003,2026-03-11T23:38:14.187Z,397.3,404.9,403.7,17.59,17.24,17.18,20.91,359.130,35.913,0.88,50.5,0.20,439
JMS Industrial,TX-JMS,2026-03-11T23:43:14.187Z,401.8,398.7,398.1,16.21,15.15,18.64,19.97,436.266,43.627,0.94,41.0,0.59,484
EBOOT CNC,TX-EBOOT,2026-03-11T23:43:14.187Z,401.0,401.0,404.0,17.40,15.30,19.74,21.09,402.299,40.230,0.89,69.6,0.44,498
SARA Mill,TX-SARA,2026-03-11T23:43:14.187Z,403.9,398.4,400.0,19.33,18.29,16.88,21.85,466.881,46.688,0.94,46.6,1.19,426
Compressor Array,D-003,2026-03-11T23:43:14.187Z,403.9,399.7,404.5,16.67,19.48,18.35,21.94,360.958,36.096,0.90,55.6,0.93,427
JMS Industrial,TX-JMS,2026-03-11T23:48:14.187Z,403.3,398.2,395.5,16.85,17.99,19.96,21.86,438.088,43.809,0.89,57.1,1.55,447
EBOOT CNC,TX-EBOOT,2026-03-11T23:48:14.187Z,399.6,404.8,396.8,16.01,19.06,17.78,21.17,404.063,40.406,0.90,67.4,0.66,469
SARA Mill,TX-SARA,2026-03-11T23:48:14.187Z,400.8,403.7,401.9,15.75,17.61,16.14,19.91,468.540,46.854,0.86,54.2,0.93,488
Compressor Array,D-003,2026-03-11T23:48:14.187Z,396.9,400.1,395.6,16.43,19.62,15.84,20.64,362.678,36.268,0.91,50.6,2.07,483
JMS Industrial,TX-JMS,2026-03-11T23:53:14.187Z,395.7,400.2,402.1,17.84,17.06,17.28,20.83,439.824,43.982,0.95,64.7,1.11,499
EBOOT CNC,TX-EBOOT,2026-03-11T23:53:14.187Z,397.8,402.6,403.1,19.19,19.16,19.73,23.30,406.004,40.600,0.92,47.2,1.02,464
SARA Mill,TX-SARA,2026-03-11T23:53:14.187Z,402.8,404.3,400.2,18.03,17.87,19.57,22.32,470.400,47.040,0.93,52.1,0.35,422
Compressor Array,D-003,2026-03-11T23:53:14.187Z,399.5,400.7,400.2,19.46,16.75,19.65,22.35,364.541,36.454,0.90,43.7,0.92,482
JMS Industrial,TX-JMS,2026-03-11T23:58:14.187Z,401.1,396.7,403.6,15.02,18.91,19.90,21.56,441.620,44.162,0.85,48.6,2.08,499
EBOOT CNC,TX-EBOOT,2026-03-11T23:58:14.187Z,402.2,399.3,404.3,16.12,17.05,18.62,20.82,407.739,40.774,0.85,63.3,0.36,439
SARA Mill,TX-SARA,2026-03-11T23:58:14.187Z,399.1,402.8,397.2,16.86,15.09,17.26,19.66,472.038,47.204,0.95,45.7,1.28,410
Compressor Array,D-003,2026-03-11T23:58:14.187Z,403.8,402.8,398.3,18.49,19.06,15.39,21.28,366.314,36.631,0.85,64.7,1.17,496
JMS Industrial,TX-JMS,2026-03-12T00:03:14.187Z,395.7,398.7,397.5,17.28,16.76,18.97,21.06,443.375,44.338,0.88,47.0,0.91,433
EBOOT CNC,TX-EBOOT,2026-03-12T00:03:14.187Z,402.6,402.5,395.0,17.11,15.99,16.55,19.86,409.394,40.939,0.94,69.9,2.20,481
SARA Mill,TX-SARA,2026-03-12T00:03:14.187Z,399.1,402.6,400.6,16.24,19.60,18.86,21.93,473.866,47.387,0.90,52.1,1.04,419
Compressor Array,D-003,2026-03-12T00:03:14.187Z,396.6,404.4,396.1,19.82,15.99,19.30,21.97,368.145,36.814,0.92,48.3,1.37,422
JMS Industrial,TX-JMS,2026-03-12T00:08:14.187Z,404.4,397.2,400.8,19.48,17.17,17.56,21.74,445.187,44.519,0.90,48.0,0.60,430
EBOOT CNC,TX-EBOOT,2026-03-12T00:08:14.187Z,400.8,397.1,398.1,17.90,19.53,16.82,21.62,411.196,41.120,0.93,49.2,1.46,458
SARA Mill,TX-SARA,2026-03-12T00:08:14.187Z,398.7,399.8,396.8,15.74,15.96,19.62,20.44,475.569,47.557,0.89,52.8,1.31,464
Compressor Array,D-003,2026-03-12T00:08:14.187Z,395.6,401.6,395.3,16.58,16.43,18.36,20.42,369.846,36.985,0.86,64.3,1.42,411
JMS Industrial,TX-JMS,2026-03-12T00:13:14.187Z,404.0,401.4,402.8,18.24,15.09,16.32,20.00,446.853,44.685,0.93,55.8,0.84,426
EBOOT CNC,TX-EBOOT,2026-03-12T00:13:14.187Z,402.3,404.4,402.8,15.53,17.26,17.53,20.29,412.887,41.289,0.95,65.7,0.74,461
SARA Mill,TX-SARA,2026-03-12T00:13:14.187Z,401.6,400.6,397.4,16.41,15.85,19.81,20.81,477.304,47.730,0.89,41.0,2.09,420
Compressor Array,D-003,2026-03-12T00:13:14.187Z,396.0,397.4,401.9,19.84,17.33,15.27,20.88,371.586,37.159,0.87,48.7,1.59,449
JMS Industrial,TX-JMS,2026-03-12T00:18:14.187Z,403.2,395.8,403.9,18.14,17.92,18.55,21.90,448.678,44.868,0.89,62.3,0.45,472
EBOOT CNC,TX-EBOOT,2026-03-12T00:18:14.187Z,395.5,396.2,398.8,16.15,15.59,17.08,19.37,414.502,41.450,0.93,66.2,1.18,419
SARA Mill,TX-SARA,2026-03-12T00:18:14.187Z,395.5,404.4,400.6,19.46,15.69,15.58,20.28,478.994,47.899,0.94,57.7,0.84,484
Compressor Array,D-003,2026-03-12T00:18:14.187Z,404.2,404.2,397.2,18.23,18.07,16.77,21.33,373.364,37.336,0.94,46.6,0.84,491
JMS Industrial,TX-JMS,2026-03-12T00:23:14.187Z,402.5,403.4,397.6,16.25,15.52,15.52,18.97,450.260,45.026,0.91,54.1,2.07,447
EBOOT CNC,TX-EBOOT,2026-03-12T00:23:14.187Z,397.9,396.6,403.4,15.55,19.31,16.83,20.63,416.221,41.622,0.92,67.7,1.14,468
SARA Mill,TX-SARA,2026-03-12T00:23:14.187Z,401.4,402.8,396.1,15.25,19.73,18.28,21.31,480.769,48.077,0.93,57.3,0.97,498
Compressor Array,D-003,2026-03-12T00:23:14.187Z,395.1,404.3,403.7,15.10,16.73,15.11,18.83,374.933,37.493,0.93,65.7,2.19,468
JMS Industrial,TX-JMS,2026-03-12T00:28:14.187Z,396.7,401.2,400.2,17.29,19.93,18.76,22.36,452.123,45.212,0.90,53.8,2.01,444
EBOOT CNC,TX-EBOOT,2026-03-12T00:28:14.187Z,402.5,395.3,396.3,18.37,15.33,19.29,21.10,417.979,41.798,0.88,53.4,1.85,427
SARA Mill,TX-SARA,2026-03-12T00:28:14.187Z,397.3,395.8,403.2,18.66,18.62,15.67,21.10,482.528,48.253,0.90,60.2,1.39,420
Compressor Array,D-003,2026-03-12T00:28:14.187Z,404.9,404.5,402.3,19.49,19.61,18.68,23.34,376.878,37.688,0.89,47.1,1.19,468
JMS Industrial,TX-JMS,2026-03-12T00:33:14.187Z,398.0,398.9,398.6,15.41,18.54,18.54,20.92,453.866,45.387,0.87,63.6,0.81,464
EBOOT CNC,TX-EBOOT,2026-03-12T00:33:14.187Z,400.3,398.9,396.1,17.68,15.94,17.52,20.38,419.677,41.968,0.88,41.7,0.72,452
SARA Mill,TX-SARA,2026-03-12T00:33:14.187Z,400.9,399.5,396.2,16.03,15.54,16.53,19.19,484.127,48.413,0.92,65.4,0.23,454
Compressor Array,D-003,2026-03-12T00:33:14.187Z,401.4,404.9,400.5,16.39,16.29,17.02,19.99,378.543,37.854,0.88,43.2,2.09,422
JMS Industrial,TX-JMS,2026-03-12T00:38:14.187Z,403.0,395.5,399.9,18.08,18.44,19.92,22.55,455.745,45.575,0.94,53.6,0.49,406
EBOOT CNC,TX-EBOOT,2026-03-12T00:38:14.187Z,395.0,399.1,400.1,15.61,15.10,18.04,19.41,421.295,42.129,0.87,44.6,0.82,490
SARA Mill,TX-SARA,2026-03-12T00:38:14.187Z,404.2,398.7,398.1,17.81,19.01,16.50,21.35,485.906,48.591,0.92,52.5,1.25,428
Compressor Array,D-003,2026-03-12T00:38:14.187Z,404.0,400.3,396.4,17.91,19.17,16.63,21.50,380.335,38.034,0.85,52.6,1.20,443
JMS Industrial,TX-JMS,2026-03-12T00:43:14.187Z,399.2,396.6,403.0,15.58,19.40,15.62,20.21,457.429,45.743,0.92,52.7,1.35,439
EBOOT CNC,TX-EBOOT,2026-03-12T00:43:14.187Z,404.5,400.1,400.0,19.19,19.53,17.96,22.76,423.192,42.319,0.91,44.8,0.92,476
SARA Mill,TX-SARA,2026-03-12T00:43:14.187Z,400.1,400.0,404.8,16.92,17.48,17.12,20.69,487.630,48.763,0.89,68.5,1.82,408
Compressor Array,D-003,2026-03-12T00:43:14.187Z,402.4,404.7,399.5,18.29,18.27,15.65,21.00,382.086,38.209,0.94,47.2,0.30,494
JMS Industrial,TX-JMS,2026-03-12T00:48:14.187Z,404.2,399.9,395.2,18.92,15.06,17.93,20.75,459.158,45.916,0.91,49.8,0.42,481
EBOOT CNC,TX-EBOOT,2026-03-12T00:48:14.187Z,395.8,399.2,400.7,18.68,16.65,15.75,20.35,424.887,42.489,0.93,59.0,0.66,451
SARA Mill,TX-SARA,2026-03-12T00:48:14.187Z,402.3,404.7,399.3,18.01,18.63,18.47,22.16,489.477,48.948,0.85,41.5,1.72,417
Compressor Array,D-003,2026-03-12T00:48:14.187Z,398.0,400.9,401.8,18.17,16.58,18.45,21.29,383.860,38.386,0.87,54.4,1.69,436
JMS Industrial,TX-JMS,2026-03-12T00:53:14.187Z,402.2,404.4,396.0,15.15,17.20,15.09,19.03,460.744,46.074,0.92,45.6,1.10,431
EBOOT CNC,TX-EBOOT,2026-03-12T00:53:14.187Z,395.2,402.4,397.7,16.86,15.74,18.76,20.46,426.592,42.659,0.91,43.1,1.08,408
SARA Mill,TX-SARA,2026-03-12T00:53:14.187Z,398.3,403.9,404.4,16.66,15.52,15.18,19.05,491.064,49.106,0.86,68.5,1.26,401
Compressor Array,D-003,2026-03-12T00:53:14.187Z,400.3,400.3,398.5,15.53,18.80,16.34,20.25,385.547,38.555,0.94,65.3,0.53,472
JMS Industrial,TX-JMS,2026-03-12T00:58:14.187Z,399.3,403.9,396.2,18.28,18.77,16.11,21.27,462.516,46.252,0.91,40.3,1.85,500
EBOOT CNC,TX-EBOOT,2026-03-12T00:58:14.187Z,396.4,400.3,396.8,17.83,17.62,16.11,20.51,428.301,42.830,0.89,62.5,1.66,409
SARA Mill,TX-SARA,2026-03-12T00:58:14.187Z,400.8,401.1,399.1,18.39,18.87,15.58,21.15,492.827,49.283,0.90,66.6,1.85,417
Compressor Array,D-003,2026-03-12T00:58:14.187Z,395.0,401.3,405.0,18.96,18.13,15.48,21.03,387.300,38.730,0.90,41.5,1.47,486
JMS Industrial,TX-JMS,2026-03-12T01:03:14.187Z,401.1,397.5,403.7,16.44,18.29,16.10,20.36,464.213,46.421,0.95,66.2,0.71,430
EBOOT CNC,TX-EBOOT,2026-03-12T01:03:14.187Z,396.6,400.8,402.0,15.83,19.11,19.85,21.92,430.128,43.013,0.87,66.4,1.71,431
SARA Mill,TX-SARA,2026-03-12T01:03:14.187Z,397.3,397.2,396.2,16.30,18.62,19.24,21.49,494.618,49.462,0.85,44.8,1.26,493
Compressor Array,D-003,2026-03-12T01:03:14.187Z,399.5,397.5,399.6,16.84,15.34,15.34,18.95,388.879,38.888,0.93,68.5,2.18,487
JMS Industrial,TX-JMS,2026-03-12T01:08:14.187Z,398.2,402.5,403.5,18.46,18.58,17.42,21.86,466.035,46.603,0.93,69.2,0.54,435
EBOOT CNC,TX-EBOOT,2026-03-12T01:08:14.187Z,401.2,398.6,396.7,15.41,18.04,18.84,20.84,431.865,43.186,0.89,51.8,0.39,474
SARA Mill,TX-SARA,2026-03-12T01:08:14.187Z,397.2,397.6,397.5,15.15,17.89,19.33,20.81,496.353,49.635,0.90,49.0,2.07,424
Compressor Array,D-003,2026-03-12T01:08:14.187Z,403.2,400.0,400.9,15.98,18.44,19.61,21.68,390.686,39.069,0.95,40.8,1.32,470
JMS Industrial,TX-JMS,2026-03-12T01:13:14.187Z,397.1,404.5,403.3,17.89,15.86,18.13,20.83,467.771,46.777,0.88,40.9,0.59,499
EBOOT CNC,TX-EBOOT,2026-03-12T01:13:14.187Z,400.5,404.6,402.2,17.50,16.18,18.33,20.93,433.609,43.361,0.85,47.4,0.75,444
SARA Mill,TX-SARA,2026-03-12T01:13:14.187Z,399.2,395.3,401.6,16.20,17.89,17.42,20.54,498.064,49.806,0.87,47.3,0.35,400
Compressor Array,D-003,2026-03-12T01:13:14.187Z,397.3,396.9,397.7,16.14,19.57,15.39,20.30,392.377,39.238,0.95,49.6,1.67,410
JMS Industrial,TX-JMS,2026-03-12T01:18:14.187Z,399.4,396.6,404.6,17.20,15.30,19.48,20.82,469.505,46.951,0.90,59.3,1.89,480
EBOOT CNC,TX-EBOOT,2026-03-12T01:18:14.187Z,396.0,397.4,399.9,16.64,19.21,16.29,20.74,435.337,43.534,0.88,41.7,1.82,475
SARA Mill,TX-SARA,2026-03-12T01:18:14.187Z,400.4,398.0,404.2,17.70,18.59,16.77,21.27,499.836,49.984,0.90,62.2,1.84,476
Compressor Array,D-003,2026-03-12T01:18:14.187Z,397.8,402.0,395.2,17.60,18.92,17.40,21.49,394.168,39.417,0.87,50.2,2.06,467
JMS Industrial,TX-JMS,2026-03-12T01:23:14.187Z,403.5,395.3,397.1,16.48,16.81,18.13,20.50,471.213,47.121,0.89,51.7,1.90,405
EBOOT CNC,TX-EBOOT,2026-03-12T01:23:14.187Z,404.4,397.3,402.1,15.60,15.62,15.86,18.89,436.911,43.691,0.91,69.7,2.08,455
SARA Mill,TX-SARA,2026-03-12T01:23:14.187Z,403.4,403.4,404.1,19.02,15.38,18.93,21.53,501.630,50.163,0.93,53.5,0.66,498
Compressor Array,D-003,2026-03-12T01:23:14.187Z,403.3,399.1,396.3,18.52,15.19,17.65,20.53,395.879,39.588,0.90,43.0,2.09,448
JMS Industrial,TX-JMS,2026-03-12T01:28:14.187Z,396.6,397.2,396.2,15.90,18.59,18.55,21.04,472.967,47.297,0.85,43.1,1.70,455
EBOOT CNC,TX-EBOOT,2026-03-12T01:28:14.187Z,402.0,397.8,403.9,15.37,17.72,16.23,19.78,438.560,43.856,0.85,47.7,1.83,433
SARA Mill,TX-SARA,2026-03-12T01:28:14.187Z,397.5,396.5,401.7,15.20,15.35,19.74,20.06,503.301,50.330,0.89,63.0,0.26,426
Compressor Array,D-003,2026-03-12T01:28:14.187Z,397.9,402.5,396.9,18.74,19.50,18.51,22.66,397.767,39.777,0.94,58.9,0.99,448
JMS Industrial,TX-JMS,2026-03-12T01:33:14.187Z,396.3,403.7,396.0,15.57,18.91,15.88,20.09,474.641,47.464,0.93,60.6,1.19,498
EBOOT CNC,TX-EBOOT,2026-03-12T01:33:14.187Z,396.4,401.7,398.3,19.09,17.25,15.85,20.81,440.294,44.029,0.89,47.1,0.62,404
SARA Mill,TX-SARA,2026-03-12T01:33:14.187Z,401.6,403.6,401.3,17.77,19.02,17.17,21.71,505.110,50.511,0.87,56.4,1.03,447
Compressor Array,D-003,2026-03-12T01:33:14.187Z,395.4,401.5,400.2,18.02,15.42,16.01,19.73,399.411,39.941,0.94,46.2,1.97,432
JMS Industrial,TX-JMS,2026-03-12T01:38:14.187Z,400.2,398.7,402.1,17.93,19.64,15.70,21.32,476.418,47.642,0.91,60.6,1.55,484
EBOOT CNC,TX-EBOOT,2026-03-12T01:38:14.187Z,396.9,401.2,397.0,16.40,16.57,19.60,20.94,442.039,44.204,0.87,64.1,1.80,473
SARA Mill,TX-SARA,2026-03-12T01:38:14.187Z,396.7,403.9,402.4,19.59,17.85,15.28,21.13,506.871,50.687,0.86,52.8,2.08,406
Compressor Array,D-003,2026-03-12T01:38:14.187Z,399.7,398.4,395.4,19.40,19.14,19.33,23.02,401.329,40.133,0.92,66.3,0.54,439
JMS Industrial,TX-JMS,2026-03-12T01:43:14.187Z,398.4,401.2,399.7,15.32,16.27,15.22,18.71,477.977,47.798,0.89,58.2,2.17,489
EBOOT CNC,TX-EBOOT,2026-03-12T01:43:14.187Z,397.6,397.8,400.7,19.84,19.20,16.07,21.97,443.870,44.387,0.88,43.2,1.83,431
SARA Mill,TX-SARA,2026-03-12T01:43:14.187Z,404.5,404.3,404.1,15.77,18.69,16.91,20.77,508.601,50.860,0.86,57.7,0.48,414
Compressor Array,D-003,2026-03-12T01:43:14.187Z,395.9,398.1,398.1,16.45,18.33,17.83,20.91,403.071,40.307,0.92,40.9,0.82,414
JMS Industrial,TX-JMS,2026-03-12T01:48:14.187Z,401.8,400.4,397.7,17.12,18.44,18.99,21.81,479.795,47.980,0.88,49.4,0.61,462
EBOOT CNC,TX-EBOOT,2026-03-12T01:48:14.187Z,397.1,395.4,397.3,15.19,19.23,19.20,21.26,445.641,44.564,0.85,56.4,0.70,472
SARA Mill,TX-SARA,2026-03-12T01:48:14.187Z,404.9,401.6,400.7,15.84,15.40,18.37,19.96,510.265,51.026,0.87,57.9,2.01,427
Compressor Array,D-003,2026-03-12T01:48:14.187Z,397.6,404.3,401.7,17.09,19.83,15.34,20.98,404.819,40.482,0.90,58.5,0.35,451
JMS Industrial,TX-JMS,2026-03-12T01:53:14.187Z,396.4,402.4,403.3,15.54,17.47,19.41,21.02,481.546,48.155,0.92,60.3,1.34,463
EBOOT CNC,TX-EBOOT,2026-03-12T01:53:14.187Z,404.9,395.6,398.1,18.31,15.96,17.60,20.73,447.369,44.737,0.90,61.6,1.45,455
SARA Mill,TX-SARA,2026-03-12T01:53:14.187Z,404.1,404.0,402.1,18.03,18.68,17.66,21.93,512.093,51.209,0.93,45.5,1.66,491
Compressor Array,D-003,2026-03-12T01:53:14.187Z,402.4,398.4,397.4,16.98,15.81,19.23,20.77,406.550,40.655,0.93,48.6,1.14,449
JMS Industrial,TX-JMS,2026-03-12T01:58:14.187Z,397.7,397.5,400.9,17.67,17.68,18.17,21.34,483.325,48.332,0.93,64.2,0.83,457
EBOOT CNC,TX-EBOOT,2026-03-12T01:58:14.187Z,400.4,404.7,395.4,15.13,18.94,19.08,21.27,449.142,44.914,0.92,62.1,1.15,461
SARA Mill,TX-SARA,2026-03-12T01:58:14.187Z,398.7,402.5,402.3,15.62,18.60,19.68,21.63,513.895,51.390,0.89,55.3,1.34,478
Compressor Array,D-003,2026-03-12T01:58:14.187Z,397.2,396.4,399.0,19.90,17.01,15.34,20.77,408.281,40.828,0.88,68.0,1.05,425
JMS Industrial,TX-JMS,2026-03-12T02:03:14.187Z,396.8,395.8,400.1,19.38,19.29,16.32,21.86,485.146,48.515,0.89,52.4,0.93,418
EBOOT CNC,TX-EBOOT,2026-03-12T02:03:14.187Z,401.2,400.9,404.8,17.26,17.82,18.54,21.57,450.939,45.094,0.86,50.6,1.42,464
SARA Mill,TX-SARA,2026-03-12T02:03:14.187Z,398.7,396.2,397.5,18.25,17.75,19.70,22.14,515.740,51.574,0.88,69.7,0.47,491
Compressor Array,D-003,2026-03-12T02:03:14.187Z,397.8,399.5,397.4,16.72,17.03,16.65,20.08,409.954,40.995,0.88,44.2,0.29,473
JMS Industrial,TX-JMS,2026-03-12T02:08:14.187Z,399.7,395.4,396.6,15.65,16.90,15.88,19.24,486.749,48.675,0.85,52.3,1.91,463
EBOOT CNC,TX-EBOOT,2026-03-12T02:08:14.187Z,399.8,404.2,400.2,19.77,18.24,15.27,21.39,452.721,45.272,0.91,57.2,2.05,483
SARA Mill,TX-SARA,2026-03-12T02:08:14.187Z,400.1,399.9,402.0,17.94,18.29,18.58,21.96,517.570,51.757,0.91,60.7,1.05,472
Compressor Array,D-003,2026-03-12T02:08:14.187Z,395.6,397.6,404.3,15.95,16.03,19.32,20.49,411.662,41.166,0.89,65.4,1.06,463
JMS Industrial,TX-JMS,2026-03-12T02:13:14.187Z,396.7,396.0,396.5,15.36,16.62,15.11,18.67,488.305,48.830,0.93,61.6,1.89,426
EBOOT CNC,TX-EBOOT,2026-03-12T02:13:14.187Z,402.8,399.7,395.4,15.35,15.56,15.01,18.34,454.250,45.425,0.95,62.1,0.76,415
SARA Mill,TX-SARA,2026-03-12T02:13:14.187Z,404.6,404.8,395.7,19.75,19.70,19.56,23.71,519.545,51.955,0.90,40.9,1.33,462
Compressor Array,D-003,2026-03-12T02:13:14.187Z,396.4,398.0,398.8,17.18,16.28,19.63,21.12,413.422,41.342,0.87,67.6,1.05,432
JMS Industrial,TX-JMS,2026-03-12T02:18:14.187Z,404.2,399.8,398.7,19.70,19.69,19.62,23.66,490.276,49.028,0.91,58.2,1.45,495
EBOOT CNC,TX-EBOOT,2026-03-12T02:18:14.187Z,401.7,396.8,402.4,19.50,15.76,16.57,20.75,455.979,45.598,0.89,68.0,1.90,493
SARA Mill,TX-SARA,2026-03-12T02:18:14.187Z,401.0,395.8,403.7,18.79,17.62,17.97,21.76,521.359,52.136,0.90,56.3,1.47,478
Compressor Array,D-003,2026-03-12T02:18:14.187Z,404.7,399.7,395.2,15.61,16.22,19.02,20.32,415.115,41.512,0.88,45.9,0.97,414
JMS Industrial,TX-JMS,2026-03-12T02:23:14.187Z,396.8,395.6,400.8,18.07,18.67,18.19,21.85,492.097,49.210,0.88,44.7,0.20,476
EBOOT CNC,TX-EBOOT,2026-03-12T02:23:14.187Z,400.2,399.4,395.5,16.48,19.17,19.83,22.09,457.821,45.782,0.92,41.2,0.92,414
SARA Mill,TX-SARA,2026-03-12T02:23:14.187Z,396.9,397.3,403.8,17.69,17.13,19.96,21.89,523.183,52.318,0.89,50.1,1.33,410
Compressor Array,D-003,2026-03-12T02:23:14.187Z,396.5,396.7,401.5,18.99,17.59,15.77,20.84,416.852,41.685,0.90,59.1,0.69,435
JMS Industrial,TX-JMS,2026-03-12T02:28:14.187Z,399.6,404.2,403.3,19.12,18.84,18.50,22.72,493.990,49.399,0.87,40.5,0.82,423
EBOOT CNC,TX-EBOOT,2026-03-12T02:28:14.187Z,405.0,401.2,398.9,16.48,15.45,16.60,19.49,459.445,45.944,0.86,42.8,2.17,493
SARA Mill,TX-SARA,2026-03-12T02:28:14.187Z,399.0,400.6,402.0,17.35,19.49,19.60,22.61,525.067,52.507,0.91,60.5,0.88,442
Compressor Array,D-003,2026-03-12T02:28:14.187Z,400.4,403.5,400.3,18.37,19.74,17.15,22.18,418.700,41.870,0.87,60.8,1.64,439
JMS Industrial,TX-JMS,2026-03-12T02:33:14.187Z,402.7,396.0,396.5,16.88,17.39,16.96,20.41,495.691,49.569,0.85,45.4,0.38,432
EBOOT CNC,TX-EBOOT,2026-03-12T02:33:14.187Z,396.5,395.6,402.2,19.99,15.43,19.91,22.04,461.281,46.128,0.95,53.3,2.02,414
SARA Mill,TX-SARA,2026-03-12T02:33:14.187Z,399.0,395.7,396.4,16.39,17.78,18.31,20.83,526.803,52.680,0.95,53.6,0.89,405
Compressor Array,D-003,2026-03-12T02:33:14.187Z,401.4,397.5,398.3,19.06,18.47,17.67,22.03,420.536,42.054,0.86,45.6,2.13,416
JMS Industrial,TX-JMS,2026-03-12T02:38:14.187Z,403.2,403.3,400.4,16.55,18.41,17.57,21.13,497.451,49.745,0.88,67.1,1.18,487
EBOOT CNC,TX-EBOOT,2026-03-12T02:38:14.187Z,400.8,401.7,404.3,15.71,19.35,18.09,21.38,463.063,46.306,0.91,43.6,1.94,488
SARA Mill,TX-SARA,2026-03-12T02:38:14.187Z,395.7,395.2,403.3,15.07,18.17,18.60,20.65,528.524,52.852,0.93,44.8,0.37,496
Compressor Array,D-003,2026-03-12T02:38:14.187Z,400.9,395.9,398.8,15.65,19.35,15.11,19.96,422.200,42.220,0.86,58.8,2.10,430
JMS Industrial,TX-JMS,2026-03-12T02:43:14.187Z,397.8,398.3,396.6,16.36,16.53,18.45,20.41,499.153,49.915,0.89,52.3,2.02,416
EBOOT CNC,TX-EBOOT,2026-03-12T02:43:14.187Z,401.9,397.9,397.0,19.60,19.28,15.44,21.68,464.870,46.487,0.86,40.8,1.76,465
SARA Mill,TX-SARA,2026-03-12T02:43:14.187Z,398.2,404.5,404.3,19.63,17.69,16.64,21.70,530.332,53.033,0.89,51.2,0.45,498
Compressor Array,D-003,2026-03-12T02:43:14.187Z,404.1,395.6,400.5,15.87,15.11,19.55,20.22,423.885,42.388,0.92,55.9,0.39,487
JMS Industrial,TX-JMS,2026-03-12T02:48:14.187Z,401.6,396.9,405.0,16.09,17.47,16.72,20.17,500.834,50.083,0.88,64.1,1.03,465
EBOOT CNC,TX-EBOOT,2026-03-12T02:48:14.187Z,398.0,397.5,401.2,17.99,17.85,18.44,21.65,466.675,46.667,0.93,69.3,1.36,491
SARA Mill,TX-SARA,2026-03-12T02:48:14.187Z,399.2,397.8,404.9,17.30,18.21,19.48,22.04,532.168,53.217,0.89,57.0,0.58,492
Compressor Array,D-003,2026-03-12T02:48:14.187Z,404.5,397.0,398.3,17.35,18.94,19.43,22.28,425.741,42.574,0.89,55.5,0.72,457
JMS Industrial,TX-JMS,2026-03-12T02:53:14.187Z,397.5,403.6,396.3,17.50,18.26,15.39,20.43,502.536,50.254,0.94,56.6,0.45,449
EBOOT CNC,TX-EBOOT,2026-03-12T02:53:14.187Z,400.0,400.6,403.9,15.73,15.13,16.51,19.02,468.260,46.826,0.92,54.0,1.28,445
SARA Mill,TX-SARA,2026-03-12T02:53:14.187Z,396.0,402.0,402.9,15.88,15.84,19.22,20.40,533.868,53.387,0.95,47.8,0.84,467
Compressor Array,D-003,2026-03-12T02:53:14.187Z,402.5,395.3,404.9,16.07,16.68,17.86,20.30,427.433,42.743,0.87,48.0,0.62,486
JMS Industrial,TX-JMS,2026-03-12T02:58:14.187Z,402.2,401.8,400.9,17.61,19.91,19.22,22.79,504.435,50.444,0.94,45.7,0.52,405
EBOOT CNC,TX-EBOOT,2026-03-12T02:58:14.187Z,395.7,401.0,405.0,18.65,17.64,18.05,21.76,470.074,47.007,0.93,41.1,1.45,480
SARA Mill,TX-SARA,2026-03-12T02:58:14.187Z,404.2,402.4,398.2,18.74,15.01,16.48,20.18,535.550,53.555,0.88,45.0,1.32,409
Compressor Array,D-003,2026-03-12T02:58:14.187Z,396.8,403.1,402.6,17.80,16.16,17.57,20.65,429.153,42.915,0.92,46.4,0.63,421
JMS Industrial,TX-JMS,2026-03-12T03:03:14.187Z,398.4,396.7,400.3,16.11,16.96,15.98,19.54,506.064,50.606,0.94,68.5,1.30,435
EBOOT CNC,TX-EBOOT,2026-03-12T03:03:14.187Z,402.6,400.6,400.0,15.07,15.99,17.28,19.39,471.689,47.169,0.90,41.9,1.51,468
SARA Mill,TX-SARA,2026-03-12T03:03:14.187Z,395.5,397.3,399.6,15.19,18.50,17.63,20.40,537.250,53.725,0.90,42.8,0.46,419
Compressor Array,D-003,2026-03-12T03:03:14.187Z,401.3,404.6,396.4,18.33,19.77,19.63,23.13,431.081,43.108,0.87,63.0,0.61,446
JMS Industrial,TX-JMS,2026-03-12T03:08:14.187Z,399.2,396.8,396.2,16.54,15.45,19.71,20.54,507.776,50.778,0.88,66.5,0.30,495
EBOOT CNC,TX-EBOOT,2026-03-12T03:08:14.187Z,400.0,395.5,401.2,19.57,15.99,15.26,20.28,473.379,47.338,0.90,49.5,0.53,465
SARA Mill,TX-SARA,2026-03-12T03:08:14.187Z,398.0,404.1,404.7,17.41,20.00,15.39,21.23,539.019,53.902,0.86,59.1,1.18,464
Compressor Array,D-003,2026-03-12T03:08:14.187Z,402.7,398.8,402.0,17.06,16.16,18.18,20.63,432.800,43.280,0.87,56.5,1.03,456
JMS Industrial,TX-JMS,2026-03-12T03:13:14.187Z,395.6,401.5,403.9,17.49,17.62,18.26,21.37,509.556,50.956,0.93,68.5,2.12,428
EBOOT CNC,TX-EBOOT,2026-03-12T03:13:14.187Z,401.5,403.4,400.6,15.31,15.61,18.72,19.94,475.041,47.504,0.95,67.2,1.54,410
SARA Mill,TX-SARA,2026-03-12T03:13:14.187Z,402.1,404.2,404.9,15.89,15.35,18.05,19.90,540.678,54.068,0.88,69.7,1.53,449
Compressor Array,D-003,2026-03-12T03:13:14.187Z,399.0,399.5,396.4,17.00,15.02,17.24,19.62,434.435,43.443,0.86,56.2,0.22,428
JMS Industrial,TX-JMS,2026-03-12T03:18:14.187Z,401.8,401.9,399.3,17.19,17.56,16.31,20.48,511.263,51.126,0.93,66.8,2.16,446
EBOOT CNC,TX-EBOOT,2026-03-12T03:18:14.187Z,404.3,402.4,403.3,18.36,17.40,18.98,22.08,476.881,47.688,0.92,55.1,1.45,457
SARA Mill,TX-SARA,2026-03-12T03:18:14.187Z,398.1,404.0,404.7,19.55,16.61,19.75,22.49,542.551,54.255,0.86,44.5,1.12,477
Compressor Array,D-003,2026-03-12T03:18:14.187Z,404.5,400.2,399.1,19.01,17.57,19.13,22.36,436.298,43.630,0.86,69.5,0.30,443
JMS Industrial,TX-JMS,2026-03-12T03:23:14.187Z,398.7,399.1,404.8,18.22,15.63,17.31,20.51,512.972,51.297,0.89,65.9,0.88,415
EBOOT CNC,TX-EBOOT,2026-03-12T03:23:14.187Z,400.4,402.6,401.8,16.77,15.73,17.74,20.18,478.562,47.856,0.85,45.0,2.17,494
SARA Mill,TX-SARA,2026-03-12T03:23:14.187Z,398.5,401.7,397.7,15.07,18.95,17.14,20.44,544.254,54.425,0.85,56.4,1.18,467
Compressor Array,D-003,2026-03-12T03:23:14.187Z,400.5,396.0,396.7,16.72,17.04,16.71,20.07,437.970,43.797,0.85,48.6,1.15,456
JMS Industrial,TX-JMS,2026-03-12T03:28:14.187Z,398.1,403.3,400.0,18.84,17.57,19.71,22.47,514.845,51.484,0.85,55.7,0.23,469
EBOOT CNC,TX-EBOOT,2026-03-12T03:28:14.187Z,395.3,401.4,397.1,15.69,16.36,17.56,19.74,480.207,48.021,0.95,60.5,1.48,402
SARA Mill,TX-SARA,2026-03-12T03:28:14.187Z,404.1,399.6,401.7,16.52,18.01,17.74,21.00,546.004,54.600,0.93,50.8,0.69,441
Compressor Array,D-003,2026-03-12T03:28:14.187Z,403.8,401.6,398.7,18.68,19.02,16.07,21.59,439.769,43.977,0.86,52.5,2.06,454
JMS Industrial,TX-JMS,2026-03-12T03:33:14.187Z,396.9,403.1,401.6,19.16,19.69,18.88,23.13,516.772,51.677,0.89,52.8,1.64,438
EBOOT CNC,TX-EBOOT,2026-03-12T03:33:14.187Z,398.2,395.8,397.7,16.35,19.20,16.30,20.59,481.923,48.192,0.88,44.2,0.39,435
SARA Mill,TX-SARA,2026-03-12T03:33:14.187Z,399.5,403.2,399.4,17.67,15.05,15.49,19.31,547.614,54.761,0.93,49.4,1.65,434
Compressor Array,D-003,2026-03-12T03:33:14.187Z,398.2,400.6,404.4,17.86,15.05,18.75,20.72,441.496,44.150,0.95,58.1,1.72,436
JMS Industrial,TX-JMS,2026-03-12T03:38:14.187Z,396.5,401.6,403.4,16.46,15.26,16.30,19.23,518.374,51.837,0.87,61.2,1.23,420
EBOOT CNC,TX-EBOOT,2026-03-12T03:38:14.187Z,403.2,401.6,400.1,15.82,15.34,16.31,19.07,483.512,48.351,0.89,54.6,1.44,491
SARA Mill,TX-SARA,2026-03-12T03:38:14.187Z,396.0,403.9,396.5,19.28,19.48,19.31,23.16,549.544,54.954,0.90,64.1,1.76,412
Compressor Array,D-003,2026-03-12T03:38:14.187Z,397.1,396.7,396.4,18.59,15.64,16.20,20.01,443.163,44.316,0.94,49.9,1.20,493
JMS Industrial,TX-JMS,2026-03-12T03:43:14.187Z,399.9,401.7,400.5,18.03,15.60,16.24,19.98,520.040,52.004,0.94,53.0,1.30,448
EBOOT CNC,TX-EBOOT,2026-03-12T03:43:14.187Z,395.5,398.7,403.0,18.63,17.08,17.99,21.43,485.298,48.530,0.86,44.2,1.70,419
SARA Mill,TX-SARA,2026-03-12T03:43:14.187Z,398.5,403.9,404.4,19.91,17.26,17.92,22.15,551.390,55.139,0.90,61.7,1.83,473
Compressor Array,D-003,2026-03-12T03:43:14.187Z,404.8,395.5,395.2,17.05,18.75,16.31,20.76,444.894,44.489,0.90,48.1,0.39,413
JMS Industrial,TX-JMS,2026-03-12T03:48:14.187Z,400.8,399.5,398.1,19.09,17.30,19.80,22.45,521.910,52.191,0.92,68.2,1.62,469
EBOOT CNC,TX-EBOOT,2026-03-12T03:48:14.187Z,396.4,395.2,396.3,17.96,18.19,16.13,20.70,487.022,48.702,0.92,62.2,2.18,480
SARA Mill,TX-SARA,2026-03-12T03:48:14.187Z,397.0,397.5,399.8,16.88,18.49,16.03,20.46,553.095,55.309,0.89,58.3,1.00,498
Compressor Array,D-003,2026-03-12T03:48:14.187Z,397.9,396.7,400.2,15.43,17.74,17.69,20.26,446.581,44.658,0.86,44.4,0.86,497
JMS Industrial,TX-JMS,2026-03-12T03:53:14.187Z,403.1,395.1,400.8,15.16,19.72,18.38,21.27,523.683,52.368,0.94,62.8,0.72,479
EBOOT CNC,TX-EBOOT,2026-03-12T03:53:14.187Z,397.2,395.9,404.4,18.23,16.38,15.60,20.03,488.692,48.869,0.90,67.4,1.83,463
SARA Mill,TX-SARA,2026-03-12T03:53:14.187Z,397.8,402.7,401.9,19.43,18.31,16.25,21.63,554.897,55.490,0.94,47.9,1.44,482
Compressor Array,D-003,2026-03-12T03:53:14.187Z,403.0,398.3,398.3,15.73,19.01,15.77,20.19,448.264,44.826,0.91,66.7,0.81,423
JMS Industrial,TX-JMS,2026-03-12T03:58:14.187Z,403.1,399.2,395.8,16.42,15.23,18.59,20.06,525.354,52.535,0.94,59.4,1.64,476
EBOOT CNC,TX-EBOOT,2026-03-12T03:58:14.187Z,401.4,401.1,401.9,16.44,15.19,19.98,20.72,490.419,49.042,0.89,46.9,1.64,469
SARA Mill,TX-SARA,2026-03-12T03:58:14.187Z,398.8,399.1,401.3,15.17,18.30,17.01,20.18,556.579,55.658,0.92,62.4,1.28,419
Compressor Array,D-003,2026-03-12T03:58:14.187Z,400.3,398.9,397.8,19.57,18.26,18.70,22.55,450.143,45.014,0.93,70.0,1.12,435
JMS Industrial,TX-JMS,2026-03-12T04:03:14.187Z,395.3,403.8,404.3,17.52,17.94,19.28,21.96,527.185,52.718,0.93,51.1,1.14,456
EBOOT CNC,TX-EBOOT,2026-03-12T04:03:14.187Z,404.9,398.3,401.7,16.69,18.50,17.91,21.32,492.195,49.220,0.88,58.9,1.07,499
SARA Mill,TX-SARA,2026-03-12T04:03:14.187Z,399.9,402.9,397.1,17.52,18.81,15.67,20.80,558.312,55.831,0.89,66.9,1.54,442
Compressor Array,D-003,2026-03-12T04:03:14.187Z,395.4,396.1,400.4,15.18,17.50,15.41,19.10,451.735,45.174,0.90,50.1,1.26,405
JMS Industrial,TX-JMS,2026-03-12T04:08:14.187Z,397.1,404.6,401.8,15.79,18.79,19.44,21.68,528.992,52.899,0.94,67.4,1.88,473
EBOOT CNC,TX-EBOOT,2026-03-12T04:08:14.187Z,395.4,401.0,396.5,17.27,18.56,15.62,20.46,493.901,49.390,0.88,56.2,0.91,447
SARA Mill,TX-SARA,2026-03-12T04:08:14.187Z,398.8,400.0,404.9,18.77,17.61,16.96,21.40,560.095,56.010,0.91,60.3,0.42,446
Compressor Array,D-003,2026-03-12T04:08:14.187Z,399.1,402.4,403.8,15.53,15.72,18.92,20.16,453.416,45.342,0.88,64.8,1.52,404
JMS Industrial,TX-JMS,2026-03-12T04:13:14.187Z,396.6,397.4,398.8,19.62,16.11,17.12,21.01,530.742,53.074,0.94,68.0,0.63,436
EBOOT CNC,TX-EBOOT,2026-03-12T04:13:14.187Z,400.4,399.1,396.2,15.64,18.64,19.80,21.54,495.696,49.570,0.86,60.4,1.51,450
SARA Mill,TX-SARA,2026-03-12T04:13:14.187Z,404.1,401.2,400.1,15.76,18.13,17.87,20.79,561.828,56.183,0.88,48.0,0.79,475
Compressor Array,D-003,2026-03-12T04:13:14.187Z,401.3,395.0,397.5,18.13,16.90,16.98,20.70,455.141,45.514,0.86,44.7,0.90,476
JMS Industrial,TX-JMS,2026-03-12T04:18:14.187Z,399.8,401.1,398.8,18.68,15.38,19.91,21.58,532.540,53.254,0.94,66.3,0.35,450
EBOOT CNC,TX-EBOOT,2026-03-12T04:18:14.187Z,404.2,403.2,396.5,15.12,17.42,18.76,20.57,497.410,49.741,0.93,68.0,1.02,454
SARA Mill,TX-SARA,2026-03-12T04:18:14.187Z,395.2,401.4,402.2,19.64,19.86,19.97,23.77,563.808,56.381,0.90,67.3,0.80,411
Compressor Array,D-003,2026-03-12T04:18:14.187Z,395.6,401.4,399.9,18.26,17.94,19.55,22.25,456.995,45.699,0.94,54.5,2.09,465
JMS Industrial,TX-JMS,2026-03-12T04:23:14.187Z,399.0,402.5,405.0,18.06,18.27,19.06,22.28,534.397,53.440,0.92,51.3,1.17,416
EBOOT CNC,TX-EBOOT,2026-03-12T04:23:14.187Z,398.9,400.7,399.7,15.92,19.59,15.24,20.29,499.101,49.910,0.90,54.5,1.90,453
SARA Mill,TX-SARA,2026-03-12T04:23:14.187Z,398.7,404.4,401.0,18.14,19.25,15.20,21.11,565.568,56.557,0.90,51.7,0.27,476
Compressor Array,D-003,2026-03-12T04:23:14.187Z,397.0,395.7,398.5,15.63,18.25,18.95,20.98,458.743,45.874,0.95,54.1,0.41,407
JMS Industrial,TX-JMS,2026-03-12T04:28:14.187Z,398.9,402.1,400.1,15.51,19.65,15.07,20.12,536.074,53.607,0.86,64.2,1.51,481
EBOOT CNC,TX-EBOOT,2026-03-12T04:28:14.187Z,395.7,398.2,398.0,17.92,17.20,17.25,20.81,500.835,50.084,0.93,46.8,1.06,450
SARA Mill,TX-SARA,2026-03-12T04:28:14.187Z,395.6,396.0,398.8,19.51,19.75,19.89,23.47,567.524,56.752,0.90,42.9,2.04,403
Compressor Array,D-003,2026-03-12T04:28:14.187Z,395.2,400.5,398.3,18.02,18.09,16.23,20.83,460.479,46.048,0.90,46.1,0.55,464
JMS Industrial,TX-JMS,2026-03-12T04:33:14.187Z,395.6,403.3,401.4,15.06,15.74,19.57,20.16,537.754,53.775,0.86,56.0,0.23,421
EBOOT CNC,TX-EBOOT,2026-03-12T04:33:14.187Z,397.5,398.8,404.7,16.87,18.49,17.93,21.34,502.613,50.261,0.89,57.7,1.62,417
SARA Mill,TX-SARA,2026-03-12T04:33:14.187Z,398.8,396.2,396.5,15.52,16.26,18.59,20.00,569.191,56.919,0.90,63.1,1.16,442
Compressor Array,D-003,2026-03-12T04:33:14.187Z,401.9,397.2,404.6,16.43,18.35,15.30,20.08,462.152,46.215,0.91,60.6,2.07,459
JMS Industrial,TX-JMS,2026-03-12T04:38:14.187Z,398.1,398.9,404.2,19.11,17.53,17.73,21.77,539.567,53.957,0.92,42.5,0.89,428
EBOOT CNC,TX-EBOOT,2026-03-12T04:38:14.187Z,402.6,397.9,403.3,18.01,18.77,19.29,22.50,504.488,50.449,0.87,50.2,0.77,498
SARA Mill,TX-SARA,2026-03-12T04:38:14.187Z,401.7,404.0,404.2,16.67,18.09,16.47,20.66,570.913,57.091,0.90,41.8,1.14,482
Compressor Array,D-003,2026-03-12T04:38:14.187Z,396.4,404.9,399.5,16.57,19.36,18.87,21.95,463.981,46.398,0.86,59.5,0.82,443
JMS Industrial,TX-JMS,2026-03-12T04:43:14.187Z,403.8,403.0,402.3,16.15,15.50,16.02,19.21,541.168,54.117,0.86,54.6,1.32,497
EBOOT CNC,TX-EBOOT,2026-03-12T04:43:14.187Z,397.4,397.8,404.0,18.07,17.42,15.35,20.31,506.181,50.618,0.94,62.3,0.60,451
SARA Mill,TX-SARA,2026-03-12T04:43:14.187Z,400.4,399.6,404.9,16.20,16.60,16.43,19.77,572.561,57.256,0.86,68.3,0.63,477
Compressor Array,D-003,2026-03-12T04:43:14.187Z,402.3,399.6,400.4,15.46,17.02,19.44,20.81,465.715,46.572,0.92,63.4,1.54,422
JMS Industrial,TX-JMS,2026-03-12T04:48:14.187Z,397.5,397.8,397.4,18.86,17.07,15.39,20.41,542.869,54.287,0.89,62.9,1.78,499
EBOOT CNC,TX-EBOOT,2026-03-12T04:48:14.187Z,399.0,403.7,397.3,15.51,18.75,18.73,21.20,507.947,50.795,0.89,63.0,1.03,425
SARA Mill,TX-SARA,2026-03-12T04:48:14.187Z,404.2,403.7,399.9,19.39,16.95,18.49,22.07,574.400,57.440,0.90,50.3,1.59,491
Compressor Array,D-003,2026-03-12T04:48:14.187Z,395.2,400.3,395.5,18.68,15.50,17.38,20.46,467.420,46.742,0.86,51.8,0.85,480
JMS Industrial,TX-JMS,2026-03-12T04:53:14.187Z,404.8,401.9,396.5,15.49,19.93,19.16,21.88,544.692,54.469,0.89,63.3,0.48,436
EBOOT CNC,TX-EBOOT,2026-03-12T04:53:14.187Z,398.6,397.9,396.2,18.25,16.25,18.32,21.00,509.697,50.970,0.92,51.4,1.58,460
SARA Mill,TX-SARA,2026-03-12T04:53:14.187Z,395.2,404.2,402.9,16.51,19.45,16.97,21.22,576.169,57.617,0.95,52.9,0.72,467
Compressor Array,D-003,2026-03-12T04:53:14.187Z,400.8,396.9,398.9,19.41,15.08,19.18,21.42,469.205,46.920,0.87,58.0,1.55,415
JMS Industrial,TX-JMS,2026-03-12T04:58:14.187Z,396.4,402.7,397.5,19.96,16.34,17.91,21.61,546.493,54.649,0.91,52.2,1.57,448
EBOOT CNC,TX-EBOOT,2026-03-12T04:58:14.187Z,401.4,397.4,398.3,17.22,15.14,19.53,20.71,511.422,51.142,0.90,50.3,1.67,453
SARA Mill,TX-SARA,2026-03-12T04:58:14.187Z,400.5,404.0,398.1,17.89,17.41,17.61,21.21,577.936,57.794,0.89,64.5,0.31,411
Compressor Array,D-003,2026-03-12T04:58:14.187Z,398.9,399.4,397.4,18.39,17.23,15.25,20.28,470.895,47.089,0.89,42.7,0.90,466
JMS Industrial,TX-JMS,2026-03-12T05:03:14.187Z,395.2,403.3,403.3,17.03,19.36,15.66,20.86,548.231,54.823,0.87,63.4,0.78,477
EBOOT CNC,TX-EBOOT,2026-03-12T05:03:14.187Z,397.4,395.6,403.9,18.71,18.82,15.70,21.22,513.191,51.319,0.88,57.3,1.51,498
SARA Mill,TX-SARA,2026-03-12T05:03:14.187Z,404.5,397.5,402.6,18.79,17.30,18.07,21.75,579.749,57.975,0.91,63.5,0.79,493
Compressor Array,D-003,2026-03-12T05:03:14.187Z,402.9,397.4,399.9,18.01,15.51,17.50,20.42,472.596,47.260,0.94,48.7,2.14,471
JMS Industrial,TX-JMS,2026-03-12T05:08:14.187Z,401.5,400.0,400.9,15.83,17.67,18.77,20.95,549.977,54.998,0.88,68.3,1.26,442
EBOOT CNC,TX-EBOOT,2026-03-12T05:08:14.187Z,401.7,397.8,399.0,16.61,18.92,18.23,21.48,514.981,51.498,0.94,48.4,0.62,460
SARA Mill,TX-SARA,2026-03-12T05:08:14.187Z,398.7,403.3,401.8,17.73,16.25,15.80,19.97,581.413,58.141,0.94,61.9,0.81,441
Compressor Array,D-003,2026-03-12T05:08:14.187Z,401.4,396.1,396.1,19.86,16.70,15.61,20.77,474.327,47.433,0.92,53.0,0.31,429
JMS Industrial,TX-JMS,2026-03-12T05:13:14.187Z,398.0,400.7,404.3,15.06,15.03,18.70,19.57,551.608,55.161,0.85,52.0,1.67,418
EBOOT CNC,TX-EBOOT,2026-03-12T05:13:14.187Z,405.0,400.9,400.5,17.37,17.15,16.05,20.34,516.675,51.668,0.86,45.7,2.09,456
SARA Mill,TX-SARA,2026-03-12T05:13:14.187Z,398.3,400.4,402.8,17.99,19.33,17.95,22.14,583.258,58.326,0.93,63.2,1.09,462
Compressor Array,D-003,2026-03-12T05:13:14.187Z,399.1,398.9,401.9,15.57,18.43,18.81,21.13,476.088,47.609,0.94,40.9,0.66,453
JMS Industrial,TX-JMS,2026-03-12T05:18:14.187Z,402.3,402.2,397.5,19.98,19.21,19.98,23.71,553.584,55.358,0.88,56.0,1.91,460
EBOOT CNC,TX-EBOOT,2026-03-12T05:18:14.187Z,402.3,403.5,395.8,19.63,18.29,15.80,21.53,518.470,51.847,0.87,52.1,1.87,478
SARA Mill,TX-SARA,2026-03-12T05:18:14.187Z,399.0,398.1,403.7,18.60,17.75,15.20,20.63,584.977,58.498,0.95,43.7,1.37,457
Compressor Array,D-003,2026-03-12T05:18:14.187Z,404.2,403.7,399.8,17.48,16.00,16.94,20.29,477.779,47.778,0.90,68.5,0.32,408
JMS Industrial,TX-JMS,2026-03-12T05:23:14.187Z,395.9,401.5,397.4,19.00,19.25,18.50,22.60,555.467,55.547,0.92,55.3,2.16,483
EBOOT CNC,TX-EBOOT,2026-03-12T05:23:14.187Z,398.9,403.6,396.7,16.81,19.48,15.97,20.90,520.212,52.021,0.90,61.4,1.24,497
SARA Mill,TX-SARA,2026-03-12T05:23:14.187Z,401.4,401.5,403.7,19.60,19.02,18.68,23.04,586.897,58.690,0.93,60.9,2.03,433
Compressor Array,D-003,2026-03-12T05:23:14.187Z,403.2,402.2,402.2,16.10,16.21,18.64,20.51,479.488,47.949,0.95,54.5,0.52,483
JMS Industrial,TX-JMS,2026-03-12T05:28:14.187Z,397.5,398.8,403.1,19.04,16.38,19.46,21.95,557.296,55.730,0.94,68.3,1.64,497
EBOOT CNC,TX-EBOOT,2026-03-12T05:28:14.187Z,402.2,396.3,395.2,18.03,17.17,19.57,21.79,522.028,52.203,0.89,53.5,0.80,406
SARA Mill,TX-SARA,2026-03-12T05:28:14.187Z,395.2,403.6,395.8,19.20,18.50,16.79,21.70,588.706,58.871,0.89,62.8,1.88,415
Compressor Array,D-003,2026-03-12T05:28:14.187Z,401.1,395.5,395.0,18.03,15.07,17.36,20.05,481.159,48.116,0.91,66.4,1.39,478
JMS Industrial,TX-JMS,2026-03-12T05:33:14.187Z,404.1,398.5,395.6,15.90,17.60,18.47,20.75,559.025,55.902,0.93,60.9,0.31,468
EBOOT CNC,TX-EBOOT,2026-03-12T05:33:14.187Z,400.6,397.6,398.4,17.15,19.85,17.62,21.78,523.843,52.384,0.88,57.2,1.95,413
SARA Mill,TX-SARA,2026-03-12T05:33:14.187Z,395.2,403.1,396.1,15.29,16.59,18.40,20.02,590.374,59.037,0.86,44.3,1.95,485
Compressor Array,D-003,2026-03-12T05:33:14.187Z,402.1,395.1,397.2,19.90,17.54,19.56,22.70,483.051,48.305,0.86,46.3,1.33,455
JMS Industrial,TX-JMS,2026-03-12T05:38:14.187Z,405.0,400.0,403.0,16.92,19.91,16.18,21.34,560.803,56.080,0.89,41.0,2.09,418
EBOOT CNC,TX-EBOOT,2026-03-12T05:38:14.187Z,404.0,398.0,404.5,19.31,16.07,17.61,21.32,525.620,52.562,0.88,40.6,1.18,471
SARA Mill,TX-SARA,2026-03-12T05:38:14.187Z,401.2,404.0,395.8,17.80,15.24,19.02,20.83,592.110,59.211,0.94,43.9,1.87,425
Compressor Array,D-003,2026-03-12T05:38:14.187Z,402.0,397.4,398.7,16.80,18.05,18.22,21.19,484.817,48.482,0.90,60.2,1.93,405
JMS Industrial,TX-JMS,2026-03-12T05:43:14.187Z,398.5,403.5,402.6,15.50,18.07,19.78,21.43,562.589,56.259,0.94,67.5,1.71,486
EBOOT CNC,TX-EBOOT,2026-03-12T05:43:14.187Z,396.2,398.8,403.4,15.12,17.49,16.53,19.63,527.255,52.726,0.89,45.5,1.42,412
SARA Mill,TX-SARA,2026-03-12T05:43:14.187Z,397.9,403.4,400.8,16.54,15.09,15.20,18.76,593.673,59.367,0.95,67.3,1.04,444
Compressor Array,D-003,2026-03-12T05:43:14.187Z,397.0,396.8,400.5,19.74,17.70,15.82,21.19,486.583,48.658,0.94,61.5,1.13,447
JMS Industrial,TX-JMS,2026-03-12T05:48:14.187Z,400.0,400.5,398.1,15.07,16.02,16.73,19.11,564.181,56.418,0.91,42.5,1.65,464
EBOOT CNC,TX-EBOOT,2026-03-12T05:48:14.187Z,401.9,400.2,401.7,18.56,18.35,18.37,22.18,529.104,52.910,0.87,60.9,1.13,460
SARA Mill,TX-SARA,2026-03-12T05:48:14.187Z,401.6,402.0,404.8,17.45,19.07,16.96,21.54,595.468,59.547,0.94,64.9,1.28,485
Compressor Array,D-003,2026-03-12T05:48:14.187Z,401.1,399.1,397.9,19.68,17.75,17.37,21.89,488.407,48.841,0.90,59.5,2.09,467
JMS Industrial,TX-JMS,2026-03-12T05:53:14.187Z,396.6,399.0,399.5,19.09,17.41,15.23,20.61,565.898,56.590,0.94,59.9,1.15,438
EBOOT CNC,TX-EBOOT,2026-03-12T05:53:14.187Z,404.2,398.1,401.3,18.88,15.33,19.63,21.61,530.905,53.091,0.86,44.0,1.17,425
SARA Mill,TX-SARA,2026-03-12T05:53:14.187Z,395.1,399.9,399.2,18.20,19.31,19.12,22.55,597.347,59.735,0.93,59.0,0.73,414
Compressor Array,D-003,2026-03-12T05:53:14.187Z,404.9,404.7,399.2,17.17,15.90,19.25,21.07,490.163,49.016,0.86,46.1,1.12,453
JMS Industrial,TX-JMS,2026-03-12T05:58:14.187Z,398.6,402.7,400.2,18.66,16.78,20.00,22.20,567.748,56.775,0.94,51.0,0.62,459
EBOOT CNC,TX-EBOOT,2026-03-12T05:58:14.187Z,399.6,398.9,395.8,16.42,15.03,19.90,20.43,532.608,53.261,0.87,42.8,0.67,401
SARA Mill,TX-SARA,2026-03-12T05:58:14.187Z,397.9,395.5,395.3,17.78,17.28,19.36,21.56,599.144,59.914,0.86,63.2,1.99,404
Compressor Array,D-003,2026-03-12T05:58:14.187Z,398.5,396.7,404.2,18.24,16.14,18.01,20.95,491.909,49.191,0.88,48.3,0.82,430
JMS Industrial,TX-JMS,2026-03-12T06:03:14.187Z,396.6,397.5,401.2,18.41,16.46,15.77,20.17,569.428,56.943,0.87,45.0,1.67,447
EBOOT CNC,TX-EBOOT,2026-03-12T06:03:14.187Z,404.9,398.4,396.4,18.31,17.44,17.18,21.17,534.372,53.437,0.95,63.8,1.10,457
SARA Mill,TX-SARA,2026-03-12T06:03:14.187Z,395.2,397.5,399.4,15.41,16.82,17.55,19.78,600.793,60.079,0.89,69.3,1.85,491
Compressor Array,D-003,2026-03-12T06:03:14.187Z,396.3,401.8,403.2,17.79,19.84,18.21,22.36,493.772,49.377,0.95,67.6,0.81,440
JMS Industrial,TX-JMS,2026-03-12T06:08:14.187Z,403.1,395.4,398.6,17.46,18.91,16.09,20.93,571.172,57.117,0.91,64.9,2.14,426
EBOOT CNC,TX-EBOOT,2026-03-12T06:08:14.187Z,401.2,400.1,402.6,18.07,19.48,17.49,22.08,536.212,53.621,0.88,45.6,0.55,453
SARA Mill,TX-SARA,2026-03-12T06:08:14.187Z,396.9,395.7,400.2,16.68,16.06,15.84,19.31,602.402,60.240,0.85,61.7,1.77,432
Compressor Array,D-003,2026-03-12T06:08:14.187Z,396.1,404.8,402.6,16.16,16.10,19.50,20.77,495.503,49.550,0.86,53.6,0.80,457
JMS Industrial,TX-JMS,2026-03-12T06:13:14.187Z,399.3,403.2,397.0,18.90,16.31,18.18,21.34,572.951,57.295,0.90,41.2,0.71,416
EBOOT CNC,TX-EBOOT,2026-03-12T06:13:14.187Z,398.7,398.8,400.2,17.21,15.46,18.01,20.24,537.899,53.790,0.91,49.8,1.96,425
SARA Mill,TX-SARA,2026-03-12T06:13:14.187Z,400.4,397.8,397.1,15.59,17.54,19.47,20.95,604.147,60.415,0.92,57.0,0.65,497
Compressor Array,D-003,2026-03-12T06:13:14.187Z,397.9,403.6,395.1,19.47,16.83,16.42,21.03,497.255,49.726,0.89,68.4,2.11,466
JMS Industrial,TX-JMS,2026-03-12T06:18:14.187Z,395.3,398.1,400.6,16.45,17.10,16.78,20.03,574.620,57.462,0.91,61.3,1.92,472
EBOOT CNC,TX-EBOOT,2026-03-12T06:18:14.187Z,404.5,399.4,399.8,18.96,17.95,15.45,21.01,539.650,53.965,0.89,65.8,0.43,423
SARA Mill,TX-SARA,2026-03-12T06:18:14.187Z,400.3,395.2,399.3,17.41,15.52,15.62,19.34,605.759,60.576,0.92,57.7,1.53,432
Compressor Array,D-003,2026-03-12T06:18:14.187Z,404.7,395.6,401.6,18.96,16.78,17.24,21.24,499.025,49.903,0.90,48.3,0.81,479
JMS Industrial,TX-JMS,2026-03-12T06:23:14.187Z,400.9,401.5,400.7,19.82,17.21,17.58,21.90,576.445,57.644,0.88,50.4,1.63,460
EBOOT CNC,TX-EBOOT,2026-03-12T06:23:14.187Z,397.5,404.9,395.6,16.44,15.53,17.49,19.74,541.295,54.129,0.90,66.8,1.34,473
SARA Mill,TX-SARA,2026-03-12T06:23:14.187Z,398.2,403.0,395.8,18.09,16.94,15.70,20.24,607.446,60.745,0.94,51.1,0.99,466
Compressor Array,D-003,2026-03-12T06:23:14.187Z,403.7,399.1,395.1,19.58,19.98,17.15,22.65,500.913,50.091,0.93,43.5,0.57,418
JMS Industrial,TX-JMS,2026-03-12T06:28:14.187Z,398.1,396.9,402.6,19.92,17.69,15.43,21.16,578.209,57.821,0.86,44.3,0.22,462
EBOOT CNC,TX-EBOOT,2026-03-12T06:28:14.187Z,397.4,397.1,403.2,15.41,15.79,15.90,18.81,542.862,54.286,0.94,48.0,1.81,422
SARA Mill,TX-SARA,2026-03-12T06:28:14.187Z,404.4,403.6,398.5,16.58,18.57,17.71,21.26,609.217,60.922,0.85,48.8,0.22,425
Compressor Array,D-003,2026-03-12T06:28:14.187Z,402.1,404.1,402.0,16.73,17.74,16.05,20.35,502.609,50.261,0.89,40.4,0.96,476
JMS Industrial,TX-JMS,2026-03-12T06:33:14.187Z,400.7,395.9,404.4,17.26,17.68,17.40,20.95,579.955,57.995,0.93,68.7,1.62,454
EBOOT CNC,TX-EBOOT,2026-03-12T06:33:14.187Z,402.6,397.0,397.5,17.55,18.45,15.79,20.67,544.584,54.458,0.87,64.8,1.25,470
SARA Mill,TX-SARA,2026-03-12T06:33:14.187Z,398.8,399.0,401.8,18.10,17.61,19.80,22.20,611.067,61.107,0.89,45.9,1.52,421
Compressor Array,D-003,2026-03-12T06:33:14.187Z,396.4,398.7,404.7,16.44,17.29,15.15,19.54,504.237,50.424,0.88,52.4,1.70,407
JMS Industrial,TX-JMS,2026-03-12T06:38:14.187Z,401.0,400.1,401.9,16.89,19.67,15.41,20.84,581.691,58.169,0.88,54.9,0.63,417
EBOOT CNC,TX-EBOOT,2026-03-12T06:38:14.187Z,400.3,399.1,395.1,19.48,18.48,18.16,22.35,546.447,54.645,0.91,61.8,1.12,425
SARA Mill,TX-SARA,2026-03-12T06:38:14.187Z,395.8,403.1,397.0,15.05,15.55,19.19,19.84,612.720,61.272,0.94,47.7,0.52,481
Compressor Array,D-003,2026-03-12T06:38:14.187Z,398.0,395.2,397.3,17.93,16.61,19.35,21.39,506.020,50.602,0.92,65.9,0.51,445
JMS Industrial,TX-JMS,2026-03-12T06:43:14.187Z,401.1,397.0,404.8,16.15,16.46,18.47,20.49,583.399,58.340,0.85,67.6,1.28,472
EBOOT CNC,TX-EBOOT,2026-03-12T06:43:14.187Z,396.5,403.1,404.5,16.39,16.40,18.66,20.65,548.168,54.817,0.91,63.8,0.36,470
SARA Mill,TX-SARA,2026-03-12T06:43:14.187Z,404.1,396.0,404.1,19.12,15.15,16.50,20.39,614.420,61.442,0.86,43.9,1.12,408
Compressor Array,D-003,2026-03-12T06:43:14.187Z,403.3,396.6,404.0,19.57,17.03,19.03,22.33,507.881,50.788,0.94,43.7,0.75,437
JMS Industrial,TX-JMS,2026-03-12T06:48:14.187Z,403.9,395.2,400.1,19.81,18.58,17.78,22.46,585.270,58.527,0.91,58.8,1.24,457
EBOOT CNC,TX-EBOOT,2026-03-12T06:48:14.187Z,401.8,398.0,400.9,17.93,17.01,19.19,21.67,549.974,54.997,0.93,46.7,0.40,407
SARA Mill,TX-SARA,2026-03-12T06:48:14.187Z,403.3,400.2,399.5,16.38,17.92,18.25,21.07,616.176,61.618,0.88,60.9,0.52,480
Compressor Array,D-003,2026-03-12T06:48:14.187Z,401.7,401.7,396.6,18.00,16.63,17.89,21.01,509.631,50.963,0.89,57.8,1.45,470
JMS Industrial,TX-JMS,2026-03-12T06:53:14.187Z,399.1,399.3,401.9,19.31,15.13,16.50,20.38,586.968,58.697,0.93,41.2,0.81,435
EBOOT CNC,TX-EBOOT,2026-03-12T06:53:14.187Z,398.4,401.8,401.0,15.58,18.50,18.76,21.16,551.737,55.174,0.89,45.6,1.93,426
SARA Mill,TX-SARA,2026-03-12T06:53:14.187Z,400.3,395.3,395.7,17.17,16.38,19.21,20.95,617.921,61.792,0.90,44.5,1.52,491
Compressor Array,D-003,2026-03-12T06:53:14.187Z,400.7,401.2,398.5,19.35,17.33,15.81,21.01,511.382,51.138,0.90,52.3,2.17,485
JMS Industrial,TX-JMS,2026-03-12T06:58:14.187Z,396.0,395.2,395.2,19.70,19.00,18.94,22.79,588.868,58.887,0.90,69.1,0.22,495
EBOOT CNC,TX-EBOOT,2026-03-12T06:58:14.187Z,395.1,396.4,396.5,17.63,18.66,15.49,20.50,553.446,55.345,0.93,48.7,0.90,473
SARA Mill,TX-SARA,2026-03-12T06:58:14.187Z,398.9,401.3,399.2,16.56,15.42,16.24,19.28,619.528,61.953,0.86,57.7,0.69,427
Compressor Array,D-003,2026-03-12T06:58:14.187Z,403.8,397.1,399.5,18.49,19.38,17.66,22.21,513.233,51.323,0.95,61.5,1.95,449
JMS Industrial,TX-JMS,2026-03-12T07:03:14.187Z,396.6,404.2,404.9,19.77,17.81,17.13,21.97,590.699,59.070,0.93,45.2,2.16,491
EBOOT CNC,TX-EBOOT,2026-03-12T07:03:14.187Z,396.3,395.2,402.9,19.43,17.15,18.65,21.99,555.278,55.528,0.87,51.9,0.82,476
SARA Mill,TX-SARA,2026-03-12T07:03:14.187Z,399.2,400.2,404.3,18.92,18.21,16.65,21.57,621.325,62.133,0.86,46.2,1.09,492
Compressor Array,D-003,2026-03-12T07:03:14.187Z,403.6,395.4,404.7,17.94,18.34,16.76,21.28,515.006,51.501,0.95,56.7,1.93,434
JMS Industrial,TX-JMS,2026-03-12T07:08:14.187Z,399.8,403.6,404.8,17.58,17.98,17.41,21.33,592.476,59.248,0.93,66.5,0.88,418
EBOOT CNC,TX-EBOOT,2026-03-12T07:08:14.187Z,396.5,404.9,398.1,16.87,19.41,19.83,22.44,557.149,55.715,0.89,60.2,1.81,481
SARA Mill,TX-SARA,2026-03-12T07:08:14.187Z,396.8,398.8,396.1,17.08,16.36,17.64,20.29,623.016,62.302,0.88,67.0,0.52,441
Compressor Array,D-003,2026-03-12T07:08:14.187Z,401.8,404.0,402.8,19.33,18.59,16.83,22.05,516.844,51.684,0.94,65.6,0.93,425
JMS Industrial,TX-JMS,2026-03-12T07:13:14.187Z,399.6,396.4,396.0,17.55,18.47,17.11,21.11,594.236,59.424,0.93,69.4,2.09,472
EBOOT CNC,TX-EBOOT,2026-03-12T07:13:14.187Z,403.2,395.0,404.7,18.20,15.27,18.31,20.78,558.880,55.888,0.87,49.4,2.07,426
SARA Mill,TX-SARA,2026-03-12T07:13:14.187Z,398.2,398.8,403.3,18.66,16.82,16.84,20.93,624.760,62.476,0.88,62.5,1.78,493
Compressor Array,D-003,2026-03-12T07:13:14.187Z,403.2,397.9,399.1,15.48,16.09,18.01,19.83,518.496,51.850,0.94,69.6,1.37,432
JMS Industrial,TX-JMS,2026-03-12T07:18:14.187Z,395.8,403.1,395.3,19.58,15.98,16.49,20.71,595.962,59.596,0.87,47.8,1.44,478
EBOOT CNC,TX-EBOOT,2026-03-12T07:18:14.187Z,399.3,398.9,398.5,15.06,15.47,19.33,19.89,560.538,56.054,0.89,47.5,0.77,475
SARA Mill,TX-SARA,2026-03-12T07:18:14.187Z,398.0,398.0,398.1,16.28,16.79,15.02,19.14,626.355,62.636,0.88,53.7,0.68,449
Compressor Array,D-003,2026-03-12T07:18:14.187Z,397.9,399.6,400.1,19.11,17.98,16.22,21.28,520.270,52.027,0.88,66.1,1.77,440
JMS Industrial,TX-JMS,2026-03-12T07:23:14.187Z,400.0,403.0,397.0,19.84,18.07,19.17,22.83,597.864,59.786,0.93,42.4,1.69,422
EBOOT CNC,TX-EBOOT,2026-03-12T07:23:14.187Z,403.9,396.0,396.2,16.13,16.46,18.40,20.33,562.232,56.223,0.92,46.4,2.01,441
SARA Mill,TX-SARA,2026-03-12T07:23:14.187Z,400.9,400.0,400.3,19.93,15.39,17.96,21.33,628.133,62.813,0.86,45.4,1.14,468
Compressor Array,D-003,2026-03-12T07:23:14.187Z,398.8,398.9,398.1,15.15,18.66,19.92,21.41,522.054,52.205,0.92,43.1,1.67,441
JMS Industrial,TX-JMS,2026-03-12T07:28:14.187Z,398.5,397.4,401.7,17.29,15.30,18.46,20.39,599.563,59.956,0.93,66.6,1.62,466
EBOOT CNC,TX-EBOOT,2026-03-12T07:28:14.187Z,402.6,404.1,399.4,15.76,15.51,18.60,20.04,563.902,56.390,0.95,40.9,2.15,496
SARA Mill,TX-SARA,2026-03-12T07:28:14.187Z,401.7,396.9,404.6,18.39,19.92,18.44,22.76,630.029,63.003,0.90,68.3,1.18,415
Compressor Array,D-003,2026-03-12T07:28:14.187Z,395.3,400.1,398.7,19.42,19.28,18.58,22.79,523.954,52.395,0.92,43.4,2.11,463
JMS Industrial,TX-JMS,2026-03-12T07:33:14.187Z,397.5,398.2,400.3,18.98,18.39,18.91,22.43,601.432,60.143,0.95,68.2,1.50,476
EBOOT CNC,TX-EBOOT,2026-03-12T07:33:14.187Z,401.9,403.4,398.3,19.31,15.05,19.45,21.58,565.700,56.570,0.94,40.5,1.09,454
SARA Mill,TX-SARA,2026-03-12T07:33:14.187Z,398.1,404.4,395.3,18.91,19.05,15.38,21.31,631.805,63.181,0.90,67.4,2.04,485
Compressor Array,D-003,2026-03-12T07:33:14.187Z,402.8,402.3,404.5,15.23,17.47,19.49,21.04,525.707,52.571,0.86,59.5,0.33,466
JMS Industrial,TX-JMS,2026-03-12T07:38:14.187Z,402.0,397.3,399.1,15.66,16.64,17.92,20.06,603.104,60.310,0.93,45.7,0.77,430
EBOOT CNC,TX-EBOOT,2026-03-12T07:38:14.187Z,398.7,398.1,399.4,15.55,15.50,18.35,19.70,567.342,56.734,0.89,48.2,1.80,411
SARA Mill,TX-SARA,2026-03-12T07:38:14.187Z,395.5,396.6,403.7,15.47,18.65,19.01,21.19,633.572,63.357,0.89,60.8,0.99,470
Compressor Array,D-003,2026-03-12T07:38:14.187Z,403.0,400.0,403.5,16.50,17.34,19.03,21.26,527.479,52.748,0.90,41.3,1.27,406
JMS Industrial,TX-JMS,2026-03-12T07:43:14.187Z,404.3,396.9,404.7,16.13,16.88,17.80,20.43,604.806,60.481,0.94,64.8,1.43,438
EBOOT CNC,TX-EBOOT,2026-03-12T07:43:14.187Z,403.3,395.4,402.6,17.91,15.41,15.09,19.40,568.958,56.896,0.88,43.1,1.88,497
SARA Mill,TX-SARA,2026-03-12T07:43:14.187Z,395.3,397.4,396.2,19.56,19.69,15.98,21.89,635.395,63.540,0.95,63.1,0.54,404
Compressor Array,D-003,2026-03-12T07:43:14.187Z,404.8,395.1,398.5,18.62,17.17,17.59,21.33,529.257,52.926,0.94,48.8,1.14,422
JMS Industrial,TX-JMS,2026-03-12T07:48:14.187Z,398.1,401.1,404.8,15.90,17.90,19.82,21.53,606.600,60.660,0.86,46.1,1.42,478
EBOOT CNC,TX-EBOOT,2026-03-12T07:48:14.187Z,397.6,399.1,403.3,15.09,17.97,17.49,20.23,570.644,57.064,0.90,62.4,1.07,453
SARA Mill,TX-SARA,2026-03-12T07:48:14.187Z,398.6,400.3,397.2,15.48,15.99,18.15,19.78,637.044,63.704,0.88,69.3,2.06,468
Compressor Array,D-003,2026-03-12T07:48:14.187Z,399.5,404.3,402.3,17.56,19.20,16.37,21.36,531.037,53.104,0.87,55.9,0.40,420
JMS Industrial,TX-JMS,2026-03-12T07:53:14.187Z,397.4,395.9,396.8,17.96,15.55,17.47,20.22,608.286,60.829,0.86,52.2,1.39,486
EBOOT CNC,TX-EBOOT,2026-03-12T07:53:14.187Z,404.1,401.8,400.9,18.20,19.93,16.87,22.12,572.487,57.249,0.88,51.5,2.05,486
SARA Mill,TX-SARA,2026-03-12T07:53:14.187Z,403.9,399.2,396.1,17.28,17.88,18.95,21.63,638.846,63.885,0.91,67.5,1.55,454
Compressor Array,D-003,2026-03-12T07:53:14.187Z,396.2,397.6,401.4,16.94,17.06,18.91,21.08,532.794,53.279,0.89,55.0,0.88,450
JMS Industrial,TX-JMS,2026-03-12T07:58:14.187Z,396.7,400.2,402.1,19.53,19.05,15.84,21.74,610.097,61.010,0.85,42.8,0.91,407
EBOOT CNC,TX-EBOOT,2026-03-12T07:58:14.187Z,396.6,401.5,404.5,18.80,19.02,17.09,22.00,574.321,57.432,0.86,63.0,0.32,454
SARA Mill,TX-SARA,2026-03-12T07:58:14.187Z,403.0,399.4,404.0,17.32,15.29,15.13,19.20,640.446,64.045,0.95,58.5,1.68,436
Compressor Array,D-003,2026-03-12T07:58:14.187Z,397.0,395.2,404.0,19.47,16.49,15.67,20.58,534.509,53.451,0.90,64.6,1.66,442
JMS Industrial,TX-JMS,2026-03-12T08:03:14.187Z,400.1,403.9,400.1,17.11,17.66,17.33,20.91,611.840,61.184,0.93,46.8,2.11,441
EBOOT CNC,TX-EBOOT,2026-03-12T08:03:14.187Z,398.4,395.1,402.6,16.48,18.69,16.94,20.77,576.051,57.605,0.90,42.2,2.02,423
SARA Mill,TX-SARA,2026-03-12T08:03:14.187Z,402.4,404.4,401.9,16.18,16.23,19.87,21.06,642.201,64.220,0.93,40.0,1.08,489
Compressor Array,D-003,2026-03-12T08:03:14.187Z,402.9,402.0,397.7,18.28,16.93,19.55,21.95,536.338,53.634,0.93,68.4,1.32,421
JMS Industrial,TX-JMS,2026-03-12T08:08:14.187Z,403.7,403.1,403.5,16.41,18.76,15.61,20.49,613.547,61.355,0.91,53.6,1.76,472
EBOOT CNC,TX-EBOOT,2026-03-12T08:08:14.187Z,402.2,398.8,396.2,19.61,15.09,19.50,21.63,577.854,57.785,0.89,57.7,2.13,459
SARA Mill,TX-SARA,2026-03-12T08:08:14.187Z,398.2,400.6,396.1,15.36,18.62,15.78,19.83,643.853,64.385,0.89,51.0,1.45,433
Compressor Array,D-003,2026-03-12T08:08:14.187Z,402.8,398.8,397.4,15.02,19.96,16.27,20.48,538.044,53.804,0.94,49.7,1.67,474
JMS Industrial,TX-JMS,2026-03-12T08:13:14.187Z,402.4,399.5,404.0,17.08,17.37,18.25,21.19,615.312,61.531,0.87,55.9,1.73,421
EBOOT CNC,TX-EBOOT,2026-03-12T08:13:14.187Z,404.0,404.3,400.5,16.69,17.71,18.17,21.18,579.619,57.962,0.91,41.8,2.08,432
SARA Mill,TX-SARA,2026-03-12T08:13:14.187Z,397.9,402.9,396.4,16.16,18.64,15.06,19.91,645.513,64.551,0.86,61.7,1.53,497
Compressor Array,D-003,2026-03-12T08:13:14.187Z,401.6,403.3,397.5,18.57,17.49,17.38,21.42,539.829,53.983,0.85,69.2,0.89,418
JMS Industrial,TX-JMS,2026-03-12T08:18:14.187Z,398.2,399.1,399.4,16.82,18.24,18.13,21.22,617.081,61.708,0.92,69.7,1.76,452
EBOOT CNC,TX-EBOOT,2026-03-12T08:18:14.187Z,403.7,401.6,403.9,18.02,15.73,18.71,21.15,581.381,58.138,0.90,40.2,1.62,457
SARA Mill,TX-SARA,2026-03-12T08:18:14.187Z,397.4,402.7,401.1,18.12,16.41,16.92,20.60,647.229,64.723,0.93,68.5,0.99,459
Compressor Array,D-003,2026-03-12T08:18:14.187Z,398.7,402.8,404.6,15.01,18.47,17.42,20.47,541.535,54.153,0.94,41.5,1.14,448
JMS Industrial,TX-JMS,2026-03-12T08:23:14.187Z,402.8,401.6,397.2,17.90,17.27,16.53,20.71,618.807,61.881,0.87,54.8,0.69,415
EBOOT CNC,TX-EBOOT,2026-03-12T08:23:14.187Z,396.7,397.5,395.4,19.69,17.18,18.36,21.90,583.207,58.321,0.91,67.6,1.78,420
SARA Mill,TX-SARA,2026-03-12T08:23:14.187Z,400.5,400.2,395.5,18.85,16.65,15.04,20.16,648.910,64.891,0.94,57.3,1.22,460
Compressor Array,D-003,2026-03-12T08:23:14.187Z,395.7,395.0,404.7,19.06,15.22,17.90,20.80,543.268,54.327,0.92,47.2,0.72,410
JMS Industrial,TX-JMS,2026-03-12T08:28:14.187Z,395.4,398.4,402.4,18.38,15.69,18.34,20.90,620.548,62.055,0.86,56.8,1.52,453
EBOOT CNC,TX-EBOOT,2026-03-12T08:28:14.187Z,397.6,402.9,403.4,17.57,17.47,16.16,20.55,584.919,58.492,0.86,42.5,1.62,492
SARA Mill,TX-SARA,2026-03-12T08:28:14.187Z,398.2,402.1,395.4,19.37,18.73,18.38,22.51,650.786,65.079,0.93,64.6,1.00,495
Compressor Array,D-003,2026-03-12T08:28:14.187Z,404.5,404.7,400.5,19.96,16.84,16.12,21.34,545.047,54.505,0.93,43.2,0.31,436
JMS Industrial,TX-JMS,2026-03-12T08:33:14.187Z,402.4,404.0,398.0,17.10,17.74,16.09,20.45,622.253,62.225,0.95,43.6,1.34,404
EBOOT CNC,TX-EBOOT,2026-03-12T08:33:14.187Z,398.5,401.5,404.2,18.25,19.26,15.94,21.45,586.706,58.671,0.93,41.8,0.89,481
SARA Mill,TX-SARA,2026-03-12T08:33:14.187Z,396.9,402.8,397.5,18.44,16.81,16.10,20.49,652.493,65.249,0.89,52.4,0.79,402
Compressor Array,D-003,2026-03-12T08:33:14.187Z,399.9,396.9,402.0,15.48,19.33,18.98,21.49,546.838,54.684,0.95,59.1,1.00,476
JMS Industrial,TX-JMS,2026-03-12T08:38:14.187Z,396.7,403.1,397.7,17.79,16.63,15.91,20.09,623.927,62.393,0.94,66.6,1.98,439
EBOOT CNC,TX-EBOOT,2026-03-12T08:38:14.187Z,395.4,397.7,397.9,16.05,15.51,15.60,18.72,588.266,58.827,0.94,59.0,1.93,410
SARA Mill,TX-SARA,2026-03-12T08:38:14.187Z,400.5,401.2,396.2,15.48,16.04,19.72,20.45,654.197,65.420,0.90,65.4,1.65,488
Compressor Array,D-003,2026-03-12T08:38:14.187Z,396.8,400.8,404.6,19.68,16.02,16.63,20.96,548.584,54.858,0.91,48.4,0.50,476
JMS Industrial,TX-JMS,2026-03-12T08:43:14.187Z,395.7,399.8,400.9,18.40,17.72,16.57,21.01,625.677,62.568,0.87,64.1,0.41,428
EBOOT CNC,TX-EBOOT,2026-03-12T08:43:14.187Z,401.0,397.2,398.2,18.29,19.76,15.35,21.30,590.041,59.004,0.92,58.1,1.59,407
SARA Mill,TX-SARA,2026-03-12T08:43:14.187Z,403.3,404.8,397.4,19.92,16.42,19.32,22.36,656.060,65.606,0.92,58.0,1.19,484
Compressor Array,D-003,2026-03-12T08:43:14.187Z,403.0,398.6,400.8,19.41,15.08,15.78,20.16,550.264,55.026,0.94,61.2,2.17,487
JMS Industrial,TX-JMS,2026-03-12T08:48:14.187Z,399.8,403.9,404.7,19.13,16.15,16.64,20.91,627.420,62.742,0.86,65.9,1.31,437
EBOOT CNC,TX-EBOOT,2026-03-12T08:48:14.187Z,396.9,401.0,397.9,17.13,15.43,17.91,20.11,591.717,59.172,0.87,40.6,2.20,418
SARA Mill,TX-SARA,2026-03-12T08:48:14.187Z,402.1,400.5,398.3,17.41,19.86,15.59,21.17,657.824,65.782,0.94,62.3,0.85,442
Compressor Array,D-003,2026-03-12T08:48:14.187Z,403.8,401.7,399.2,17.33,19.35,15.37,20.91,552.006,55.201,0.87,50.9,2.01,478
JMS Industrial,TX-JMS,2026-03-12T08:53:14.187Z,399.4,398.4,405.0,18.62,17.56,16.15,20.97,629.167,62.917,0.94,59.1,1.73,407
EBOOT CNC,TX-EBOOT,2026-03-12T08:53:14.187Z,399.2,402.2,396.6,15.12,16.56,15.08,18.68,593.274,59.327,0.93,67.4,1.41,461
SARA Mill,TX-SARA,2026-03-12T08:53:14.187Z,403.1,397.5,403.5,18.97,19.90,17.39,22.58,659.706,65.971,0.93,53.0,0.23,434
Compressor Array,D-003,2026-03-12T08:53:14.187Z,397.8,396.2,401.6,18.63,18.19,17.75,21.74,553.818,55.382,0.89,50.1,1.92,471
JMS Industrial,TX-JMS,2026-03-12T08:58:14.187Z,395.8,404.9,401.5,15.29,16.94,17.19,19.82,630.818,63.082,0.87,55.8,0.54,489
EBOOT CNC,TX-EBOOT,2026-03-12T08:58:14.187Z,403.3,400.0,397.1,18.61,17.59,17.62,21.54,595.069,59.507,0.91,69.8,2.02,482
SARA Mill,TX-SARA,2026-03-12T08:58:14.187Z,400.7,401.0,399.1,16.16,17.02,19.50,21.08,661.462,66.146,0.85,49.3,0.36,417
Compressor Array,D-003,2026-03-12T08:58:14.187Z,404.3,398.5,401.1,17.09,19.02,17.57,21.54,555.613,55.561,0.92,55.6,1.11,459
JMS Industrial,TX-JMS,2026-03-12T09:03:14.187Z,398.1,397.6,397.2,15.64,19.26,18.28,21.15,632.581,63.258,0.91,41.8,1.18,435
EBOOT CNC,TX-EBOOT,2026-03-12T09:03:14.187Z,404.2,395.4,401.6,15.44,19.61,16.33,20.55,596.782,59.678,0.87,44.8,1.96,444
SARA Mill,TX-SARA,2026-03-12T09:03:14.187Z,403.3,401.2,397.3,19.14,16.38,18.93,21.81,663.280,66.328,0.91,50.2,1.86,496
Compressor Array,D-003,2026-03-12T09:03:14.187Z,403.4,396.7,395.3,17.17,18.43,16.85,20.90,557.354,55.735,0.94,40.4,1.87,470
JMS Industrial,TX-JMS,2026-03-12T09:08:14.187Z,398.5,405.0,397.8,15.91,18.23,16.04,20.10,634.256,63.426,0.87,44.3,0.30,466
EBOOT CNC,TX-EBOOT,2026-03-12T09:08:14.187Z,399.1,398.4,401.4,15.73,19.59,19.00,21.71,598.591,59.859,0.85,45.8,1.64,438
SARA Mill,TX-SARA,2026-03-12T09:08:14.187Z,400.7,401.5,397.6,19.39,19.04,16.33,21.90,665.105,66.511,0.93,44.8,1.81,456
Compressor Array,D-003,2026-03-12T09:08:14.187Z,395.9,400.3,398.4,18.42,19.67,16.92,21.91,559.180,55.918,0.93,62.2,1.76,401
JMS Industrial,TX-JMS,2026-03-12T09:13:14.187Z,399.8,403.1,403.0,15.83,15.78,17.92,19.91,635.915,63.592,0.90,45.2,0.78,484
EBOOT CNC,TX-EBOOT,2026-03-12T09:13:14.187Z,395.8,398.2,403.1,16.37,18.79,16.96,20.80,600.324,60.032,0.86,40.6,2.04,486
SARA Mill,TX-SARA,2026-03-12T09:13:14.187Z,402.2,395.3,404.8,19.24,15.06,17.27,20.68,666.829,66.683,0.93,62.6,1.48,424
Compressor Array,D-003,2026-03-12T09:13:14.187Z,401.0,398.4,395.4,16.15,18.16,17.43,20.60,560.897,56.090,0.88,49.6,0.94,484
JMS Industrial,TX-JMS,2026-03-12T09:18:14.187Z,395.9,401.9,399.0,16.76,18.12,15.50,20.10,637.590,63.759,0.91,66.3,1.64,463
EBOOT CNC,TX-EBOOT,2026-03-12T09:18:14.187Z,403.5,399.5,404.0,15.09,17.47,16.61,19.78,601.972,60.197,0.93,61.0,0.90,402
SARA Mill,TX-SARA,2026-03-12T09:18:14.187Z,395.6,395.7,399.4,18.88,16.91,16.52,20.76,668.559,66.856,0.95,62.6,0.24,477
Compressor Array,D-003,2026-03-12T09:18:14.187Z,400.3,396.1,397.8,18.66,16.01,15.32,19.91,562.556,56.256,0.91,60.1,1.47,413
JMS Industrial,TX-JMS,2026-03-12T09:23:14.187Z,403.4,403.0,402.6,19.83,19.57,19.64,23.79,639.573,63.957,0.92,62.9,2.10,474
EBOOT CNC,TX-EBOOT,2026-03-12T09:23:14.187Z,403.8,403.8,395.5,19.50,16.01,16.14,20.72,603.699,60.370,0.88,63.9,1.47,437
SARA Mill,TX-SARA,2026-03-12T09:23:14.187Z,403.3,396.0,403.5,16.55,17.76,15.83,20.10,670.233,67.023,0.87,63.6,1.92,414
Compressor Array,D-003,2026-03-12T09:23:14.187Z,395.6,399.6,401.6,17.54,18.24,15.69,20.53,564.266,56.427,0.93,67.9,1.83,450
JMS Industrial,TX-JMS,2026-03-12T09:28:14.187Z,395.1,404.8,396.3,17.00,17.00,18.29,20.85,641.311,64.131,0.90,62.8,1.42,494
EBOOT CNC,TX-EBOOT,2026-03-12T09:28:14.187Z,397.3,403.8,397.1,19.26,19.08,18.83,22.83,605.601,60.560,0.95,64.2,1.81,423
SARA Mill,TX-SARA,2026-03-12T09:28:14.187Z,398.7,396.0,402.7,15.96,18.54,15.26,19.85,671.888,67.189,0.87,69.2,0.45,464
Compressor Array,D-003,2026-03-12T09:28:14.187Z,399.0,404.4,400.0,17.25,18.42,15.20,20.41,565.967,56.597,0.91,53.5,0.98,459
JMS Industrial,TX-JMS,2026-03-12T09:33:14.187Z,400.5,400.3,404.2,17.42,17.62,17.28,21.01,643.062,64.306,0.88,61.5,2.02,446
EBOOT CNC,TX-EBOOT,2026-03-12T09:33:14.187Z,398.2,400.2,398.3,16.62,16.62,17.06,20.07,607.274,60.727,0.85,65.3,2.03,460
SARA Mill,TX-SARA,2026-03-12T09:33:14.187Z,396.4,401.7,396.9,15.73,16.23,17.65,19.76,673.534,67.353,0.90,55.9,2.04,440
Compressor Array,D-003,2026-03-12T09:33:14.187Z,397.3,398.1,397.6,16.54,19.52,19.39,22.05,567.805,56.780,0.95,42.8,1.18,459
JMS Industrial,TX-JMS,2026-03-12T09:38:14.187Z,401.0,403.4,397.8,16.09,16.26,17.61,20.02,644.730,64.473,0.91,57.2,0.54,450
EBOOT CNC,TX-EBOOT,2026-03-12T09:38:14.187Z,395.5,402.3,402.9,18.10,18.52,15.95,21.03,609.026,60.903,0.89,43.9,2.14,481
SARA Mill,TX-SARA,2026-03-12T09:38:14.187Z,399.2,396.9,396.8,15.07,18.96,19.47,21.27,675.307,67.531,0.91,43.0,1.45,437
Compressor Array,D-003,2026-03-12T09:38:14.187Z,403.1,395.7,397.6,19.52,18.39,15.34,21.24,569.575,56.958,0.87,63.8,1.78,482
JMS Industrial,TX-JMS,2026-03-12T09:43:14.187Z,395.8,401.0,400.7,18.18,15.45,16.21,19.89,646.387,64.639,0.93,54.8,1.59,466
EBOOT CNC,TX-EBOOT,2026-03-12T09:43:14.187Z,404.9,404.0,402.2,17.94,16.20,15.97,20.23,610.713,61.071,0.90,58.2,0.89,445
SARA Mill,TX-SARA,2026-03-12T09:43:14.187Z,402.9,402.9,395.1,18.74,16.41,19.26,21.77,677.121,67.712,0.92,47.0,0.64,406
Compressor Array,D-003,2026-03-12T09:43:14.187Z,400.4,402.6,400.1,17.58,19.12,16.41,21.31,571.351,57.135,0.88,57.7,1.94,478
JMS Industrial,TX-JMS,2026-03-12T09:48:14.187Z,398.0,398.0,400.2,19.57,18.93,18.41,22.69,648.278,64.828,0.88,65.3,0.99,460
EBOOT CNC,TX-EBOOT,2026-03-12T09:48:14.187Z,400.8,399.3,399.3,15.65,16.14,17.88,19.86,612.367,61.237,0.88,60.1,1.54,461
SARA Mill,TX-SARA,2026-03-12T09:48:14.187Z,403.1,400.1,397.1,19.36,18.37,15.99,21.50,678.913,67.891,0.93,40.7,1.66,449
Compressor Array,D-003,2026-03-12T09:48:14.187Z,404.1,402.9,395.9,16.05,17.39,18.52,20.83,573.086,57.309,0.86,69.4,1.05,425
JMS Industrial,TX-JMS,2026-03-12T09:53:14.187Z,398.4,403.2,404.8,15.91,15.85,19.47,20.61,649.996,65.000,0.88,66.9,1.90,493
EBOOT CNC,TX-EBOOT,2026-03-12T09:53:14.187Z,399.8,398.6,402.2,16.79,17.30,16.04,20.06,614.039,61.404,0.93,62.8,2.09,425
SARA Mill,TX-SARA,2026-03-12T09:53:14.187Z,399.4,400.3,400.6,19.16,19.75,16.11,22.01,680.747,68.075,0.89,48.2,1.32,461
Compressor Array,D-003,2026-03-12T09:53:14.187Z,401.8,399.0,398.6,15.01,15.86,15.98,18.73,574.647,57.465,0.90,49.3,1.60,405
JMS Industrial,TX-JMS,2026-03-12T09:58:14.187Z,400.1,404.7,403.2,18.69,18.74,15.32,21.24,651.766,65.177,0.88,64.2,0.58,440
EBOOT CNC,TX-EBOOT,2026-03-12T09:58:14.187Z,401.8,399.2,404.9,16.45,15.83,18.62,20.47,615.744,61.574,0.93,47.7,1.27,490
SARA Mill,TX-SARA,2026-03-12T09:58:14.187Z,404.0,404.6,400.6,19.45,15.56,18.50,21.57,682.544,68.254,0.94,48.0,0.21,430
Compressor Array,D-003,2026-03-12T09:58:14.187Z,398.0,400.5,396.0,16.54,18.03,19.90,21.68,576.454,57.645,0.87,42.3,1.39,406
JMS Industrial,TX-JMS,2026-03-12T10:03:14.187Z,400.8,401.7,403.6,18.19,18.33,18.13,21.97,653.597,65.360,0.92,42.1,1.61,431
EBOOT CNC,TX-EBOOT,2026-03-12T10:03:14.187Z,395.2,403.7,403.0,19.90,15.38,15.01,20.12,617.422,61.742,0.90,51.9,2.12,483
SARA Mill,TX-SARA,2026-03-12T10:03:14.187Z,396.4,402.1,400.0,19.17,19.15,18.62,22.75,684.440,68.444,0.94,53.4,0.46,417
Compressor Array,D-003,2026-03-12T10:03:14.187Z,397.4,398.2,403.6,18.18,15.43,16.23,19.92,578.114,57.811,0.90,42.8,0.78,440
JMS Industrial,TX-JMS,2026-03-12T10:08:14.187Z,398.2,404.3,399.3,15.03,16.71,17.08,19.56,655.228,65.523,0.93,46.3,1.46,470
EBOOT CNC,TX-EBOOT,2026-03-12T10:08:14.187Z,402.9,396.0,404.8,15.16,15.85,19.49,20.27,619.111,61.911,0.85,48.8,1.87,473
SARA Mill,TX-SARA,2026-03-12T10:08:14.187Z,400.9,402.2,396.0,15.15,16.17,19.61,20.34,686.135,68.614,0.91,40.7,1.30,445
Compressor Array,D-003,2026-03-12T10:08:14.187Z,404.1,398.6,395.5,15.65,15.75,17.56,19.55,579.743,57.974,0.90,54.7,1.42,461
JMS Industrial,TX-JMS,2026-03-12T10:13:14.187Z,403.8,395.7,395.8,18.74,18.85,16.12,21.41,657.012,65.701,0.95,63.1,1.16,442
EBOOT CNC,TX-EBOOT,2026-03-12T10:13:14.187Z,399.9,398.4,404.4,15.19,19.24,15.34,19.94,620.773,62.077,0.91,50.6,1.05,414
SARA Mill,TX-SARA,2026-03-12T10:13:14.187Z,395.9,404.5,397.6,18.30,18.32,16.15,21.08,687.892,68.789,0.91,41.2,1.26,410
Compressor Array,D-003,2026-03-12T10:13:14.187Z,399.7,400.4,395.5,19.74,19.07,16.21,21.94,581.571,58.157,0.86,57.4,1.13,448
JMS Industrial,TX-JMS,2026-03-12T10:18:14.187Z,403.4,400.4,400.1,19.36,16.17,15.62,20.53,658.723,65.872,0.93,42.0,1.58,408
EBOOT CNC,TX-EBOOT,2026-03-12T10:18:14.187Z,397.1,396.7,401.9,19.74,15.26,15.01,19.93,622.433,62.243,0.92,45.1,1.11,410
SARA Mill,TX-SARA,2026-03-12T10:18:14.187Z,398.2,404.9,398.8,16.24,19.16,18.46,21.58,689.690,68.969,0.86,65.9,0.90,425
Compressor Array,D-003,2026-03-12T10:18:14.187Z,401.9,395.3,403.7,16.04,19.67,18.75,21.79,583.387,58.339,0.91,68.1,1.14,453
JMS Industrial,TX-JMS,2026-03-12T10:23:14.187Z,398.9,396.1,401.4,19.42,18.52,15.68,21.38,660.504,66.050,0.88,57.1,1.24,436
EBOOT CNC,TX-EBOOT,2026-03-12T10:23:14.187Z,399.8,402.9,399.0,17.23,18.42,17.12,21.14,624.195,62.420,0.91,62.9,0.63,486
SARA Mill,TX-SARA,2026-03-12T10:23:14.187Z,404.6,399.9,398.0,15.62,15.96,15.49,18.87,691.263,69.126,0.95,54.2,1.84,466
Compressor Array,D-003,2026-03-12T10:23:14.187Z,402.6,400.4,397.1,15.43,17.68,18.77,20.75,585.116,58.512,0.95,43.4,1.17,458
JMS Industrial,TX-JMS,2026-03-12T10:28:14.187Z,398.5,398.9,403.0,15.99,19.63,15.47,20.44,662.207,66.221,0.90,67.7,1.43,470
EBOOT CNC,TX-EBOOT,2026-03-12T10:28:14.187Z,395.2,396.3,402.7,16.36,16.37,19.19,20.68,625.919,62.592,0.92,57.5,1.93,444
SARA Mill,TX-SARA,2026-03-12T10:28:14.187Z,397.3,398.6,401.5,18.57,18.34,15.05,20.73,692.990,69.299,0.90,57.4,0.65,435
Compressor Array,D-003,2026-03-12T10:28:14.187Z,398.8,397.0,402.4,17.30,18.33,16.80,20.93,586.860,58.686,0.95,68.0,1.61,497
JMS Industrial,TX-JMS,2026-03-12T10:33:14.187Z,395.9,397.1,397.8,16.25,18.95,18.88,21.47,663.996,66.400,0.90,62.6,1.50,421
EBOOT CNC,TX-EBOOT,2026-03-12T10:33:14.187Z,403.2,402.6,396.5,16.37,15.85,15.48,19.12,627.512,62.751,0.95,66.1,1.16,442
SARA Mill,TX-SARA,2026-03-12T10:33:14.187Z,400.0,399.4,395.0,16.92,18.40,17.82,21.16,694.753,69.475,0.91,67.1,1.68,447
Compressor Array,D-003,2026-03-12T10:33:14.187Z,399.4,395.3,404.6,18.18,17.22,15.75,20.44,588.564,58.856,0.85,60.6,1.83,434
JMS Industrial,TX-JMS,2026-03-12T10:38:14.187Z,396.8,402.0,403.6,16.46,15.85,15.75,19.26,665.601,66.560,0.89,64.7,1.89,466
EBOOT CNC,TX-EBOOT,2026-03-12T10:38:14.187Z,402.3,399.6,403.4,16.60,16.61,17.89,20.53,629.223,62.922,0.89,66.0,1.64,415
SARA Mill,TX-SARA,2026-03-12T10:38:14.187Z,399.3,396.5,401.0,15.98,16.90,17.77,20.21,696.437,69.644,0.95,60.4,2.19,483
Compressor Array,D-003,2026-03-12T10:38:14.187Z,402.7,400.0,400.0,16.28,18.02,18.86,21.31,590.340,59.034,0.92,57.9,0.68,466
JMS Industrial,TX-JMS,2026-03-12T10:43:14.187Z,401.2,399.2,399.9,17.06,19.62,17.77,21.78,667.416,66.742,0.90,63.8,0.93,405
EBOOT CNC,TX-EBOOT,2026-03-12T10:43:14.187Z,403.2,402.5,399.5,19.47,16.56,16.80,21.22,630.992,63.099,0.92,57.9,0.28,469
SARA Mill,TX-SARA,2026-03-12T10:43:14.187Z,396.3,404.0,404.5,18.08,17.86,18.27,21.77,698.252,69.825,0.92,59.9,0.87,428
Compressor Array,D-003,2026-03-12T10:43:14.187Z,404.2,395.3,401.6,15.18,16.74,18.76,20.28,592.030,59.203,0.94,64.2,0.54,484
JMS Industrial,TX-JMS,2026-03-12T10:48:14.187Z,402.2,397.5,401.9,19.76,19.31,17.13,22.51,669.292,66.929,0.94,50.2,0.76,478
EBOOT CNC,TX-EBOOT,2026-03-12T10:48:14.187Z,395.3,398.4,399.1,16.18,17.23,18.47,20.63,632.711,63.271,0.89,68.9,2.02,490
SARA Mill,TX-SARA,2026-03-12T10:48:14.187Z,397.7,396.3,395.4,18.17,18.90,16.29,21.16,700.015,70.001,0.94,41.0,0.73,411
Compressor Array,D-003,2026-03-12T10:48:14.187Z,397.5,396.4,396.0,18.62,16.79,18.40,21.34,593.809,59.381,0.87,68.3,0.89,480
JMS Industrial,TX-JMS,2026-03-12T10:53:14.187Z,401.3,398.7,400.7,16.49,19.24,15.23,20.39,670.991,67.099,0.88,56.4,1.46,420
EBOOT CNC,TX-EBOOT,2026-03-12T10:53:14.187Z,402.4,402.6,400.1,15.81,17.37,17.18,20.23,634.397,63.440,0.86,49.7,1.06,500
SARA Mill,TX-SARA,2026-03-12T10:53:14.187Z,403.2,404.5,404.6,17.46,15.61,15.81,19.75,701.660,70.166,0.85,62.9,1.03,498
Compressor Array,D-003,2026-03-12T10:53:14.187Z,396.7,395.2,403.8,19.71,16.25,15.31,20.42,595.511,59.551,0.91,51.7,1.00,487
JMS Industrial,TX-JMS,2026-03-12T10:58:14.187Z,403.8,395.8,398.3,16.60,18.24,15.82,20.22,672.676,67.268,0.95,44.5,2.00,449
EBOOT CNC,TX-EBOOT,2026-03-12T10:58:14.187Z,397.2,403.5,399.8,19.75,19.61,19.32,23.48,636.354,63.635,0.86,65.9,2.19,498
SARA Mill,TX-SARA,2026-03-12T10:58:14.187Z,399.0,398.5,401.0,19.00,19.59,17.20,22.29,703.518,70.352,0.86,45.1,1.72,418
Compressor Array,D-003,2026-03-12T10:58:14.187Z,397.1,398.9,395.5,18.92,16.08,16.47,20.44,597.214,59.721,0.87,55.2,1.64,406
JMS Industrial,TX-JMS,2026-03-12T11:03:14.187Z,397.2,399.0,395.9,15.63,17.83,19.58,21.07,674.432,67.443,0.86,54.5,1.60,403
EBOOT CNC,TX-EBOOT,2026-03-12T11:03:14.187Z,397.6,397.1,403.0,15.83,16.42,19.64,20.72,638.081,63.808,0.90,50.6,1.79,461
SARA Mill,TX-SARA,2026-03-12T11:03:14.187Z,399.4,402.2,401.6,19.29,15.19,18.75,21.35,705.296,70.530,0.93,53.9,0.37,460
Compressor Array,D-003,2026-03-12T11:03:14.187Z,401.4,395.5,401.7,19.34,18.77,15.70,21.49,599.005,59.901,0.93,64.8,1.93,481
JMS Industrial,TX-JMS,2026-03-12T11:08:14.187Z,396.8,400.1,395.8,17.06,19.50,18.30,21.82,676.250,67.625,0.89,59.7,1.38,450
EBOOT CNC,TX-EBOOT,2026-03-12T11:08:14.187Z,399.9,399.5,395.2,17.33,18.72,19.39,22.08,639.920,63.992,0.88,59.9,0.34,468
SARA Mill,TX-SARA,2026-03-12T11:08:14.187Z,400.2,398.7,399.4,16.02,15.34,18.94,20.09,706.971,70.697,0.87,40.9,1.20,417
Compressor Array,D-003,2026-03-12T11:08:14.187Z,402.5,397.2,404.1,19.52,15.98,17.18,21.15,600.767,60.077,0.87,53.2,0.97,459
JMS Industrial,TX-JMS,2026-03-12T11:13:14.187Z,399.6,398.2,395.6,16.66,19.20,17.18,21.10,678.009,67.801,0.95,68.2,1.99,470
EBOOT CNC,TX-EBOOT,2026-03-12T11:13:14.187Z,400.2,397.9,397.2,16.47,17.59,18.23,20.83,641.656,64.166,0.88,69.1,1.76,452
SARA Mill,TX-SARA,2026-03-12T11:13:14.187Z,398.8,400.4,397.0,16.31,16.37,19.85,20.94,708.716,70.872,0.89,48.8,1.29,475
Compressor Array,D-003,2026-03-12T11:13:14.187Z,398.1,403.9,403.2,18.68,19.81,19.21,23.18,602.699,60.270,0.92,41.9,2.05,441
JMS Industrial,TX-JMS,2026-03-12T11:18:14.187Z,395.4,403.6,396.9,16.20,18.64,18.98,21.46,679.797,67.980,0.86,53.5,2.19,403
EBOOT CNC,TX-EBOOT,2026-03-12T11:18:14.187Z,402.0,395.4,400.7,17.63,19.04,18.97,22.22,643.508,64.351,0.92,49.3,1.50,402
SARA Mill,TX-SARA,2026-03-12T11:18:14.187Z,398.4,402.3,402.9,18.41,16.24,15.34,20.05,710.386,71.039,0.88,58.4,0.26,459
Compressor Array,D-003,2026-03-12T11:18:14.187Z,399.5,398.8,404.9,19.21,15.48,19.03,21.55,604.495,60.450,0.88,60.3,0.92,454
JMS Industrial,TX-JMS,2026-03-12T11:23:14.187Z,398.6,399.5,400.9,18.54,19.22,17.27,21.99,681.630,68.163,0.86,65.3,1.76,463
EBOOT CNC,TX-EBOOT,2026-03-12T11:23:14.187Z,403.4,400.3,403.1,16.33,15.52,16.81,19.57,645.139,64.514,0.86,45.7,2.19,440
SARA Mill,TX-SARA,2026-03-12T11:23:14.187Z,401.2,397.3,398.0,19.22,15.79,16.78,20.67,712.109,71.211,0.91,55.8,0.74,441
Compressor Array,D-003,2026-03-12T11:23:14.187Z,395.5,395.8,400.6,16.26,16.84,18.02,20.32,606.188,60.619,0.92,50.2,0.31,408
JMS Industrial,TX-JMS,2026-03-12T11:28:14.187Z,396.3,397.4,400.7,18.53,19.51,15.12,21.16,683.393,68.339,0.89,68.0,0.30,444
EBOOT CNC,TX-EBOOT,2026-03-12T11:28:14.187Z,401.5,403.4,396.5,15.38,19.33,19.26,21.61,646.940,64.694,0.92,50.8,1.96,488
SARA Mill,TX-SARA,2026-03-12T11:28:14.187Z,400.7,399.2,400.0,18.83,17.69,16.95,21.39,713.891,71.389,0.95,63.3,1.64,475
Compressor Array,D-003,2026-03-12T11:28:14.187Z,399.6,401.9,404.3,16.02,17.87,16.64,20.31,607.881,60.788,0.95,42.8,1.44,450
JMS Industrial,TX-JMS,2026-03-12T11:33:14.187Z,399.3,403.3,399.2,17.29,19.87,15.39,21.06,685.148,68.515,0.92,66.1,1.35,450
EBOOT CNC,TX-EBOOT,2026-03-12T11:33:14.187Z,400.6,400.4,401.9,19.53,17.97,17.64,22.11,648.782,64.878,0.86,54.3,2.12,474
SARA Mill,TX-SARA,2026-03-12T11:33:14.187Z,396.4,404.1,401.6,19.15,17.78,18.75,22.31,715.750,71.575,0.92,61.4,1.07,450
Compressor Array,D-003,2026-03-12T11:33:14.187Z,395.4,401.1,404.9,19.13,19.16,19.11,22.99,609.796,60.980,0.90,41.2,1.69,412
JMS Industrial,TX-JMS,2026-03-12T11:38:14.187Z,399.4,396.1,395.0,17.19,16.80,18.12,20.68,686.871,68.687,0.91,51.4,0.75,420
EBOOT CNC,TX-EBOOT,2026-03-12T11:38:14.187Z,401.4,401.8,395.7,19.34,17.23,15.61,20.86,650.521,65.052,0.89,57.6,0.75,418
SARA Mill,TX-SARA,2026-03-12T11:38:14.187Z,403.8,404.0,401.2,18.22,17.85,15.55,20.80,717.483,71.748,0.91,58.5,0.75,432
Compressor Array,D-003,2026-03-12T11:38:14.187Z,401.9,395.6,397.2,17.50,16.20,15.56,19.62,611.431,61.143,0.86,62.2,0.94,437
JMS Industrial,TX-JMS,2026-03-12T11:43:14.187Z,401.1,403.2,401.1,15.14,18.52,18.52,20.97,688.618,68.862,0.88,52.9,0.77,461
EBOOT CNC,TX-EBOOT,2026-03-12T11:43:14.187Z,403.3,404.8,400.5,16.13,15.12,16.72,19.32,652.131,65.213,0.92,60.6,0.60,468
SARA Mill,TX-SARA,2026-03-12T11:43:14.187Z,400.7,399.3,400.1,19.56,17.18,17.40,21.66,719.288,71.929,0.92,59.3,0.89,402
Compressor Array,D-003,2026-03-12T11:43:14.187Z,400.3,397.0,395.5,19.36,18.29,17.35,21.87,613.254,61.325,0.90,62.4,1.31,432
JMS Industrial,TX-JMS,2026-03-12T11:48:14.187Z,401.6,399.4,396.7,18.24,19.59,15.66,21.36,690.398,69.040,0.91,47.8,1.16,498
EBOOT CNC,TX-EBOOT,2026-03-12T11:48:14.187Z,397.2,400.9,400.9,15.79,19.98,18.14,21.55,653.927,65.393,0.91,55.6,1.31,422
SARA Mill,TX-SARA,2026-03-12T11:48:14.187Z,396.6,404.4,397.5,17.90,19.05,17.54,21.77,721.103,72.110,0.86,52.6,2.19,431
Compressor Array,D-003,2026-03-12T11:48:14.187Z,398.8,402.0,400.0,15.26,18.75,15.98,20.01,614.922,61.492,0.90,52.8,0.85,423
JMS Industrial,TX-JMS,2026-03-12T11:53:14.187Z,396.9,395.6,402.9,19.97,17.95,17.14,21.93,692.226,69.223,0.86,51.6,0.58,454
EBOOT CNC,TX-EBOOT,2026-03-12T11:53:14.187Z,396.6,402.3,396.6,19.30,18.06,18.04,22.07,655.766,65.577,0.86,59.9,0.63,455
SARA Mill,TX-SARA,2026-03-12T11:53:14.187Z,398.2,397.4,403.7,19.58,16.50,18.50,21.82,722.921,72.292,0.95,59.7,0.40,419
Compressor Array,D-003,2026-03-12T11:53:14.187Z,403.9,402.7,403.2,19.32,15.59,18.37,21.49,616.713,61.671,0.88,43.1,0.28,487
JMS Industrial,TX-JMS,2026-03-12T11:58:14.187Z,395.0,401.2,396.5,19.74,16.24,17.86,21.40,694.009,69.401,0.88,54.0,0.93,459
EBOOT CNC,TX-EBOOT,2026-03-12T11:58:14.187Z,399.3,404.9,395.6,18.89,15.38,15.18,19.78,657.414,65.741,0.86,54.3,0.64,402
SARA Mill,TX-SARA,2026-03-12T11:58:14.187Z,400.1,404.7,404.8,19.52,15.33,15.82,20.41,724.622,72.462,0.92,45.4,0.20,461
Compressor Array,D-003,2026-03-12T11:58:14.187Z,402.4,401.8,400.2,15.42,19.03,18.48,21.25,618.483,61.848,0.88,41.9,1.17,424
JMS Industrial,TX-JMS,2026-03-12T12:03:14.187Z,396.7,401.1,403.8,18.44,18.29,16.66,21.38,695.791,69.579,0.95,40.7,0.42,429
EBOOT CNC,TX-EBOOT,2026-03-12T12:03:14.187Z,397.2,399.6,402.7,18.04,15.65,18.27,20.78,659.146,65.915,0.85,47.9,0.94,459
SARA Mill,TX-SARA,2026-03-12T12:03:14.187Z,403.8,403.7,404.0,16.42,18.23,17.89,21.22,726.391,72.639,0.92,45.2,1.90,488
Compressor Array,D-003,2026-03-12T12:03:14.187Z,398.0,397.5,399.8,16.27,19.68,19.36,22.04,620.320,62.032,0.87,69.9,2.03,473
JMS Industrial,TX-JMS,2026-03-12T12:08:14.187Z,402.9,399.3,398.9,16.02,15.53,19.69,20.51,697.500,69.750,0.91,67.9,0.32,489
EBOOT CNC,TX-EBOOT,2026-03-12T12:08:14.187Z,400.5,397.1,398.0,16.44,19.68,18.89,21.92,660.973,66.097,0.86,62.0,1.05,494
SARA Mill,TX-SARA,2026-03-12T12:08:14.187Z,396.9,398.1,399.5,15.80,18.36,15.98,19.96,728.054,72.805,0.92,57.6,1.72,409
Compressor Array,D-003,2026-03-12T12:08:14.187Z,402.9,398.9,401.0,17.39,19.14,17.40,21.62,622.122,62.212,0.87,55.4,0.50,474
JMS Industrial,TX-JMS,2026-03-12T12:13:14.187Z,403.3,396.5,400.7,17.56,15.78,15.17,19.42,699.118,69.912,0.90,41.7,1.31,492
EBOOT CNC,TX-EBOOT,2026-03-12T12:13:14.187Z,401.6,396.5,404.6,17.37,19.17,15.66,20.91,662.715,66.272,0.92,50.8,1.33,414
SARA Mill,TX-SARA,2026-03-12T12:13:14.187Z,402.5,404.5,398.2,19.68,19.59,16.76,22.52,729.931,72.993,0.94,69.3,1.59,469
Compressor Array,D-003,2026-03-12T12:13:14.187Z,401.9,398.6,397.6,15.31,18.66,18.21,20.83,623.858,62.386,0.90,44.9,1.63,452
JMS Industrial,TX-JMS,2026-03-12T12:18:14.187Z,401.5,395.5,398.4,15.39,17.87,15.82,19.55,700.747,70.075,0.95,53.6,0.59,484
EBOOT CNC,TX-EBOOT,2026-03-12T12:18:14.187Z,395.1,403.1,395.9,17.79,16.57,19.52,21.43,664.502,66.450,0.87,52.5,1.10,440
SARA Mill,TX-SARA,2026-03-12T12:18:14.187Z,401.9,403.1,400.7,15.93,17.45,16.77,20.16,731.611,73.161,0.91,50.3,0.67,416
Compressor Array,D-003,2026-03-12T12:18:14.187Z,398.3,402.5,395.5,17.97,15.93,19.09,21.12,625.618,62.562,0.85,51.2,1.05,457
JMS Industrial,TX-JMS,2026-03-12T12:23:14.187Z,396.7,396.7,402.1,16.25,16.83,17.47,20.15,702.426,70.243,0.87,49.4,0.99,439
EBOOT CNC,TX-EBOOT,2026-03-12T12:23:14.187Z,401.9,401.8,404.3,19.11,18.21,17.01,21.87,666.324,66.632,0.86,64.1,1.62,473
SARA Mill,TX-SARA,2026-03-12T12:23:14.187Z,404.2,401.5,402.3,18.63,18.51,17.73,22.09,733.452,73.345,0.90,43.4,1.37,413
Compressor Array,D-003,2026-03-12T12:23:14.187Z,402.3,397.9,397.1,17.75,16.80,17.37,20.72,627.345,62.735,0.91,47.4,0.36,489
JMS Industrial,TX-JMS,2026-03-12T12:28:14.187Z,401.1,401.0,404.0,19.77,16.53,18.39,21.99,704.259,70.426,0.87,51.8,0.23,496
EBOOT CNC,TX-EBOOT,2026-03-12T12:28:14.187Z,398.8,395.4,403.5,18.44,18.57,17.83,21.89,668.149,66.815,0.88,44.5,0.32,431
SARA Mill,TX-SARA,2026-03-12T12:28:14.187Z,395.7,401.4,395.8,17.68,18.62,17.32,21.32,735.229,73.523,0.91,58.7,1.92,415
Compressor Array,D-003,2026-03-12T12:28:14.187Z,395.6,399.7,404.3,16.08,19.93,17.24,21.30,629.120,62.912,0.88,49.8,2.18,446
JMS Industrial,TX-JMS,2026-03-12T12:33:14.187Z,395.5,404.6,401.6,18.11,15.83,18.72,21.09,706.016,70.602,0.93,49.1,1.29,412
EBOOT CNC,TX-EBOOT,2026-03-12T12:33:14.187Z,396.9,404.5,399.2,15.40,18.60,17.90,20.78,669.880,66.988,0.89,59.6,0.62,497
SARA Mill,TX-SARA,2026-03-12T12:33:14.187Z,402.1,403.5,395.6,15.46,16.14,19.50,20.44,736.933,73.693,0.88,44.2,1.16,435
Compressor Array,D-003,2026-03-12T12:33:14.187Z,397.8,403.8,395.4,16.76,19.73,16.38,21.11,630.879,63.088,0.93,43.4,2.09,475
JMS Industrial,TX-JMS,2026-03-12T12:38:14.187Z,398.1,395.4,403.3,17.91,15.19,19.32,20.93,707.760,70.776,0.88,41.6,1.92,425
EBOOT CNC,TX-EBOOT,2026-03-12T12:38:14.187Z,395.8,401.6,396.1,16.69,16.69,19.90,21.19,671.646,67.165,0.87,46.7,0.61,428
SARA Mill,TX-SARA,2026-03-12T12:38:14.187Z,396.4,398.3,398.5,17.24,19.57,18.92,22.17,738.780,73.878,0.90,68.0,1.01,450
Compressor Array,D-003,2026-03-12T12:38:14.187Z,404.6,395.1,397.7,15.24,15.88,15.43,18.58,632.428,63.243,0.93,57.8,1.74,479
JMS Industrial,TX-JMS,2026-03-12T12:43:14.187Z,395.7,396.7,400.1,19.66,19.44,16.21,21.97,709.591,70.959,0.86,67.6,1.94,463
EBOOT CNC,TX-EBOOT,2026-03-12T12:43:14.187Z,395.9,395.5,400.7,16.81,15.80,18.26,20.22,673.331,67.333,0.86,45.9,0.32,463
SARA Mill,TX-SARA,2026-03-12T12:43:14.187Z,397.4,398.8,397.1,15.21,18.49,17.71,20.45,740.485,74.048,0.87,53.6,0.31,427
Compressor Array,D-003,2026-03-12T12:43:14.187Z,399.3,399.1,402.0,17.53,17.32,16.40,20.51,634.136,63.414,0.88,56.6,1.76,492
JMS Industrial,TX-JMS,2026-03-12T12:48:14.187Z,401.6,402.4,404.1,18.14,15.19,18.40,20.83,711.327,71.133,0.93,57.9,0.91,452
EBOOT CNC,TX-EBOOT,2026-03-12T12:48:14.187Z,399.3,395.6,399.8,17.82,15.28,18.45,20.53,675.042,67.504,0.88,42.7,1.14,497
SARA Mill,TX-SARA,2026-03-12T12:48:14.187Z,402.8,401.1,397.8,15.30,15.13,16.85,18.93,742.062,74.206,0.93,42.8,2.02,490
Compressor Array,D-003,2026-03-12T12:48:14.187Z,399.8,402.4,397.3,16.21,15.72,15.75,19.07,635.725,63.573,0.89,43.5,1.90,444
JMS Industrial,TX-JMS,2026-03-12T12:53:14.187Z,401.8,400.7,401.5,19.23,15.64,17.83,21.16,713.090,71.309,0.93,54.1,1.82,418
EBOOT CNC,TX-EBOOT,2026-03-12T12:53:14.187Z,400.8,401.8,402.1,17.19,17.89,17.75,21.22,676.811,67.681,0.86,64.6,1.37,490
SARA Mill,TX-SARA,2026-03-12T12:53:14.187Z,403.4,396.1,403.6,18.49,16.32,17.14,20.84,743.799,74.380,0.88,42.8,1.60,471
Compressor Array,D-003,2026-03-12T12:53:14.187Z,404.2,395.5,396.8,15.58,16.85,19.56,20.73,637.453,63.745,0.85,45.5,1.93,408
JMS Industrial,TX-JMS,2026-03-12T12:58:14.187Z,399.2,395.7,395.6,18.77,18.30,16.08,21.10,714.848,71.485,0.85,52.9,1.84,478
EBOOT CNC,TX-EBOOT,2026-03-12T12:58:14.187Z,403.1,395.0,395.3,19.26,18.39,19.08,22.57,678.692,67.869,0.94,44.3,1.73,448
SARA Mill,TX-SARA,2026-03-12T12:58:14.187Z,404.5,403.7,403.5,16.44,18.26,16.97,20.87,745.538,74.554,0.92,49.3,1.25,489
Compressor Array,D-003,2026-03-12T12:58:14.187Z,403.6,400.7,398.6,19.76,15.76,15.85,20.61,639.170,63.917,0.89,41.8,1.79,410
JMS Industrial,TX-JMS,2026-03-12T13:03:14.187Z,401.4,399.6,403.7,19.30,17.46,16.86,21.53,716.642,71.664,0.88,60.8,1.38,446
EBOOT CNC,TX-EBOOT,2026-03-12T13:03:14.187Z,403.6,396.0,402.8,16.06,18.75,16.74,20.65,680.412,68.041,0.85,62.9,1.39,410
SARA Mill,TX-SARA,2026-03-12T13:03:14.187Z,400.6,395.5,396.6,18.69,16.92,16.79,20.84,747.275,74.727,0.88,61.8,0.84,461
Compressor Array,D-003,2026-03-12T13:03:14.187Z,396.0,404.2,399.8,18.72,16.95,18.66,21.73,640.980,64.098,0.87,44.7,1.30,448
JMS Industrial,TX-JMS,2026-03-12T13:08:14.187Z,399.1,404.4,403.1,15.21,18.43,19.50,21.39,718.425,71.842,0.93,49.2,1.09,489
EBOOT CNC,TX-EBOOT,2026-03-12T13:08:14.187Z,397.1,402.5,404.0,17.07,17.03,15.09,19.73,682.056,68.206,0.89,59.6,1.88,414
SARA Mill,TX-SARA,2026-03-12T13:08:14.187Z,400.6,400.5,395.7,19.25,18.05,19.09,22.49,749.149,74.915,0.92,42.3,0.24,484
Compressor Array,D-003,2026-03-12T13:08:14.187Z,401.3,399.4,397.5,19.55,16.72,16.92,21.25,642.751,64.275,0.86,70.0,1.71,414
JMS Industrial,TX-JMS,2026-03-12T13:13:14.187Z,396.3,397.3,397.8,17.72,15.85,19.79,21.19,720.191,72.019,0.94,51.6,1.07,423
EBOOT CNC,TX-EBOOT,2026-03-12T13:13:14.187Z,401.8,400.4,401.7,17.13,18.03,18.13,21.39,683.838,68.384,0.94,40.9,1.65,420
SARA Mill,TX-SARA,2026-03-12T13:13:14.187Z,395.5,397.1,395.7,16.09,15.96,16.38,19.18,750.748,75.075,0.93,56.5,1.59,461
Compressor Array,D-003,2026-03-12T13:13:14.187Z,395.7,398.3,402.6,15.05,17.65,16.32,19.56,644.380,64.438,0.94,45.1,0.37,403
JMS Industrial,TX-JMS,2026-03-12T13:18:14.187Z,402.3,399.7,404.9,17.31,17.99,18.43,21.62,721.992,72.199,0.89,44.9,1.05,445
EBOOT CNC,TX-EBOOT,2026-03-12T13:18:14.187Z,396.2,396.8,395.4,17.31,15.05,17.60,19.79,685.488,68.549,0.94,50.0,1.91,482
SARA Mill,TX-SARA,2026-03-12T13:18:14.187Z,399.5,395.6,400.5,18.68,15.47,19.38,21.34,752.527,75.253,0.87,42.5,1.73,448
Compressor Array,D-003,2026-03-12T13:18:14.187Z,398.1,401.9,398.9,15.66,18.35,18.07,20.82,646.115,64.612,0.95,60.6,2.18,410
JMS Industrial,TX-JMS,2026-03-12T13:23:14.187Z,396.0,396.7,401.7,15.59,19.24,15.92,20.20,723.676,72.368,0.94,60.5,1.49,493
EBOOT CNC,TX-EBOOT,2026-03-12T13:23:14.187Z,397.7,395.5,402.7,15.20,18.84,16.80,20.26,687.176,68.718,0.86,68.0,1.99,457
SARA Mill,TX-SARA,2026-03-12T13:23:14.187Z,404.5,404.7,402.5,19.70,16.06,16.62,21.16,754.290,75.429,0.92,51.4,1.79,495
Compressor Array,D-003,2026-03-12T13:23:14.187Z,400.4,403.6,403.0,16.53,18.36,17.39,21.04,647.868,64.787,0.94,44.4,1.43,418
JMS Industrial,TX-JMS,2026-03-12T13:28:14.187Z,403.5,397.7,397.9,18.27,18.61,19.29,22.45,725.546,72.555,0.92,57.1,1.07,476
EBOOT CNC,TX-EBOOT,2026-03-12T13:28:14.187Z,402.1,400.8,395.5,19.06,16.28,19.68,21.97,689.007,68.901,0.91,51.4,2.03,409
SARA Mill,TX-SARA,2026-03-12T13:28:14.187Z,401.9,396.6,403.0,17.23,19.97,19.58,22.74,756.185,75.618,0.89,66.0,1.11,450
Compressor Array,D-003,2026-03-12T13:28:14.187Z,395.8,403.7,395.6,18.45,19.85,17.91,22.40,649.734,64.973,0.86,56.5,1.48,410
JMS Industrial,TX-JMS,2026-03-12T13:33:14.187Z,401.9,396.5,401.9,15.09,17.21,18.48,20.32,727.240,72.724,0.92,69.1,0.89,486
EBOOT CNC,TX-EBOOT,2026-03-12T13:33:14.187Z,401.9,398.0,395.7,17.38,19.51,15.59,20.92,690.750,69.075,0.90,41.1,1.71,461
SARA Mill,TX-SARA,2026-03-12T13:33:14.187Z,396.3,395.2,403.0,16.36,16.77,17.13,20.01,757.852,75.785,0.88,55.3,1.32,408
Compressor Array,D-003,2026-03-12T13:33:14.187Z,403.5,399.8,397.0,17.79,17.73,17.30,21.13,651.495,65.150,0.90,68.4,0.21,442
JMS Industrial,TX-JMS,2026-03-12T13:38:14.187Z,396.9,401.5,404.1,16.34,18.80,16.65,20.76,728.970,72.897,0.86,49.2,2.17,455
EBOOT CNC,TX-EBOOT,2026-03-12T13:38:14.187Z,397.9,396.7,396.9,18.41,19.68,16.95,21.86,692.572,69.257,0.94,41.1,0.76,402
SARA Mill,TX-SARA,2026-03-12T13:38:14.187Z,395.9,404.8,395.3,15.65,15.43,16.82,19.09,759.443,75.944,0.91,55.5,0.37,490
Compressor Array,D-003,2026-03-12T13:38:14.187Z,395.9,402.7,403.7,16.23,17.45,16.88,20.27,653.184,65.318,0.87,44.9,1.40,493
JMS Industrial,TX-JMS,2026-03-12T13:43:14.187Z,395.5,404.4,395.4,17.70,18.17,16.29,20.79,730.702,73.070,0.86,44.4,1.75,453
EBOOT CNC,TX-EBOOT,2026-03-12T13:43:14.187Z,399.5,397.2,395.7,18.85,17.60,19.92,22.40,694.439,69.444,0.92,65.2,1.82,418
SARA Mill,TX-SARA,2026-03-12T13:43:14.187Z,396.9,397.7,400.5,18.97,18.36,19.29,22.56,761.323,76.132,0.95,42.0,1.51,482
Compressor Array,D-003,2026-03-12T13:43:14.187Z,395.3,403.4,401.0,15.94,19.52,16.68,20.87,654.923,65.492,0.88,40.3,2.01,499
JMS Industrial,TX-JMS,2026-03-12T13:48:14.187Z,403.1,402.1,404.3,17.29,19.20,16.12,21.21,732.470,73.247,0.89,48.5,0.38,473
EBOOT CNC,TX-EBOOT,2026-03-12T13:48:14.187Z,401.7,401.8,397.6,16.82,15.96,19.20,20.81,696.173,69.617,0.93,54.9,1.39,426
SARA Mill,TX-SARA,2026-03-12T13:48:14.187Z,402.5,398.2,395.2,17.41,19.27,17.23,21.49,763.114,76.311,0.91,58.2,0.37,446
Compressor Array,D-003,2026-03-12T13:48:14.187Z,400.0,402.9,398.8,17.94,15.35,19.41,21.10,656.681,65.668,0.90,56.3,0.76,403
JMS Industrial,TX-JMS,2026-03-12T13:53:14.187Z,402.7,404.1,396.7,15.64,18.94,17.35,20.84,734.206,73.421,0.87,42.5,0.25,449
EBOOT CNC,TX-EBOOT,2026-03-12T13:53:14.187Z,397.5,399.8,404.7,18.20,17.12,18.73,21.66,697.978,69.798,0.92,67.7,1.19,475
SARA Mill,TX-SARA,2026-03-12T13:53:14.187Z,397.7,395.4,400.7,18.73,17.38,19.03,21.95,764.943,76.494,0.89,63.2,0.26,491
Compressor Array,D-003,2026-03-12T13:53:14.187Z,399.7,398.1,404.1,19.04,19.29,17.25,22.26,658.537,65.854,0.95,45.9,1.68,419
JMS Industrial,TX-JMS,2026-03-12T13:58:14.187Z,395.9,401.1,395.6,19.90,18.72,18.57,22.73,736.100,73.610,0.86,48.7,0.50,478
EBOOT CNC,TX-EBOOT,2026-03-12T13:58:14.187Z,399.4,401.6,401.7,19.22,18.77,16.42,21.81,699.795,69.980,0.93,48.7,0.29,462
SARA Mill,TX-SARA,2026-03-12T13:58:14.187Z,401.4,397.8,400.4,18.85,16.55,17.39,21.11,766.702,76.670,0.88,59.8,1.04,453
Compressor Array,D-003,2026-03-12T13:58:14.187Z,403.8,404.2,401.4,15.73,17.83,18.23,20.88,660.276,66.028,0.93,42.1,1.74,439
JMS Industrial,TX-JMS,2026-03-12T14:03:14.187Z,403.8,395.4,398.4,18.72,18.65,16.33,21.44,737.887,73.789,0.87,55.4,0.89,497
EBOOT CNC,TX-EBOOT,2026-03-12T14:03:14.187Z,402.2,396.4,395.5,16.88,16.09,19.24,20.77,701.527,70.153,0.90,65.8,0.65,414
SARA Mill,TX-SARA,2026-03-12T14:03:14.187Z,404.8,403.3,404.4,16.76,15.28,17.63,20.08,768.375,76.837,0.87,64.0,1.87,462
Compressor Array,D-003,2026-03-12T14:03:14.187Z,403.6,395.3,402.4,18.42,17.44,19.72,22.26,662.132,66.213,0.90,42.8,0.60,432
JMS Industrial,TX-JMS,2026-03-12T14:08:14.187Z,401.5,396.0,402.2,15.78,16.82,15.74,19.32,739.497,73.950,0.85,66.9,0.90,496
EBOOT CNC,TX-EBOOT,2026-03-12T14:08:14.187Z,398.7,402.9,400.8,15.70,16.74,15.37,19.17,703.124,70.312,0.89,42.3,1.30,496
SARA Mill,TX-SARA,2026-03-12T14:08:14.187Z,400.1,401.3,398.5,16.84,17.68,18.24,21.10,770.134,77.013,0.88,45.6,1.10,478
Compressor Array,D-003,2026-03-12T14:08:14.187Z,396.4,399.2,400.5,19.44,17.30,16.20,21.10,663.890,66.389,0.95,58.6,1.63,498
JMS Industrial,TX-JMS,2026-03-12T14:13:14.187Z,401.6,402.1,402.8,15.82,19.12,18.14,21.35,741.277,74.128,0.85,57.8,1.28,479
EBOOT CNC,TX-EBOOT,2026-03-12T14:13:14.187Z,398.1,402.2,399.3,19.50,18.84,17.54,22.34,704.986,70.499,0.87,53.0,1.35,427
SARA Mill,TX-SARA,2026-03-12T14:13:14.187Z,400.8,404.5,402.7,19.85,15.43,15.86,20.58,771.849,77.185,0.89,58.7,1.21,453
Compressor Array,D-003,2026-03-12T14:13:14.187Z,399.0,403.5,398.1,16.69,16.92,18.29,20.77,665.621,66.562,0.87,69.5,1.41,457
JMS Industrial,TX-JMS,2026-03-12T14:18:14.187Z,399.0,396.3,402.1,15.68,17.51,17.27,20.14,742.955,74.296,0.87,44.8,0.36,465
EBOOT CNC,TX-EBOOT,2026-03-12T14:18:14.187Z,400.9,399.3,403.4,19.76,19.37,18.48,23.11,706.912,70.691,0.85,55.2,0.73,462
SARA Mill,TX-SARA,2026-03-12T14:18:14.187Z,399.8,403.6,398.7,19.90,17.86,19.17,22.81,773.749,77.375,0.93,66.7,1.36,487
Compressor Array,D-003,2026-03-12T14:18:14.187Z,397.5,397.3,399.4,19.36,15.30,18.21,21.05,667.375,66.737,0.94,63.3,0.68,472
JMS Industrial,TX-JMS,2026-03-12T14:23:14.187Z,404.7,404.2,397.0,16.63,18.69,17.48,21.22,744.724,74.472,0.91,44.6,2.08,411
EBOOT CNC,TX-EBOOT,2026-03-12T14:23:14.187Z,399.9,402.3,395.2,17.01,18.30,17.78,21.20,708.678,70.868,0.86,68.0,1.11,436
SARA Mill,TX-SARA,2026-03-12T14:23:14.187Z,398.0,399.7,401.5,15.14,16.99,19.78,20.76,775.479,77.548,0.92,51.5,2.10,420
Compressor Array,D-003,2026-03-12T14:23:14.187Z,404.0,404.3,395.3,18.83,18.96,18.77,22.69,669.266,66.927,0.86,62.5,1.97,408
JMS Industrial,TX-JMS,2026-03-12T14:28:14.187Z,403.4,400.4,397.1,18.40,17.22,15.93,20.65,746.444,74.644,0.88,55.9,1.47,498
EBOOT CNC,TX-EBOOT,2026-03-12T14:28:14.187Z,398.9,401.3,404.7,15.77,18.41,17.08,20.59,710.394,71.039,0.89,51.0,1.72,431
SARA Mill,TX-SARA,2026-03-12T14:28:14.187Z,404.7,397.3,401.2,15.48,19.72,19.69,21.99,777.312,77.731,0.94,63.3,0.55,450
Compressor Array,D-003,2026-03-12T14:28:14.187Z,401.8,399.8,397.1,16.93,16.37,17.44,20.28,670.955,67.096,0.85,63.1,0.52,477
JMS Industrial,TX-JMS,2026-03-12T14:33:14.187Z,395.1,402.5,403.2,19.25,18.77,19.06,22.85,748.348,74.835,0.89,69.5,0.76,429
EBOOT CNC,TX-EBOOT,2026-03-12T14:33:14.187Z,404.5,404.1,400.7,16.91,18.57,17.80,21.48,712.183,71.218,0.92,68.9,1.67,439
SARA Mill,TX-SARA,2026-03-12T14:33:14.187Z,404.4,396.8,402.2,17.03,17.81,19.13,21.65,779.116,77.912,0.90,58.4,1.05,447
Compressor Array,D-003,2026-03-12T14:33:14.187Z,402.0,395.2,396.0,19.81,15.61,17.75,21.16,672.719,67.272,0.88,61.5,0.49,457
JMS Industrial,TX-JMS,2026-03-12T14:38:14.187Z,401.6,395.1,395.6,15.11,15.89,19.32,19.99,750.014,75.001,0.87,65.6,1.04,449
EBOOT CNC,TX-EBOOT,2026-03-12T14:38:14.187Z,396.1,401.4,396.7,15.13,18.74,15.05,19.48,713.807,71.381,0.88,47.2,0.40,406
SARA Mill,TX-SARA,2026-03-12T14:38:14.187Z,400.1,398.3,398.3,18.82,18.15,18.34,22.06,780.955,78.095,0.88,58.0,2.12,455
Compressor Array,D-003,2026-03-12T14:38:14.187Z,397.4,404.0,401.3,15.02,18.73,16.03,19.97,674.383,67.438,0.93,53.8,1.93,430
JMS Industrial,TX-JMS,2026-03-12T14:43:14.187Z,397.1,395.5,403.4,19.75,18.69,17.04,22.11,751.856,75.186,0.93,53.5,2.16,441
EBOOT CNC,TX-EBOOT,2026-03-12T14:43:14.187Z,402.0,398.9,399.9,17.97,18.51,18.00,21.80,715.624,71.562,0.94,51.1,1.60,494
SARA Mill,TX-SARA,2026-03-12T14:43:14.187Z,398.7,396.7,403.8,17.13,17.35,19.54,21.61,782.755,78.276,0.93,66.8,1.06,495
Compressor Array,D-003,2026-03-12T14:43:14.187Z,398.9,398.8,395.4,19.05,17.28,15.15,20.48,676.089,67.609,0.91,53.6,1.78,432
JMS Industrial,TX-JMS,2026-03-12T14:48:14.187Z,399.5,402.0,401.1,16.62,19.07,15.20,20.40,753.556,75.356,0.93,68.7,1.37,498
EBOOT CNC,TX-EBOOT,2026-03-12T14:48:14.187Z,399.3,404.8,397.0,17.61,18.10,18.18,21.58,717.422,71.742,0.85,60.5,1.59,449
SARA Mill,TX-SARA,2026-03-12T14:48:14.187Z,401.3,403.9,403.4,17.26,15.08,16.92,19.84,784.409,78.441,0.87,46.5,1.31,498
Compressor Array,D-003,2026-03-12T14:48:14.187Z,402.6,398.0,398.9,15.15,18.59,19.33,21.21,677.857,67.786,0.89,66.2,1.47,468
JMS Industrial,TX-JMS,2026-03-12T14:53:14.187Z,402.8,404.8,398.3,19.72,17.99,15.55,21.42,755.341,75.534,0.89,62.7,2.10,424
EBOOT CNC,TX-EBOOT,2026-03-12T14:53:14.187Z,402.5,402.7,400.1,18.35,18.25,15.54,20.95,719.168,71.917,0.90,44.6,1.59,405
SARA Mill,TX-SARA,2026-03-12T14:53:14.187Z,395.6,397.8,399.1,17.53,16.65,18.15,20.80,786.142,78.614,0.93,50.9,2.13,478
Compressor Array,D-003,2026-03-12T14:53:14.187Z,400.8,403.9,400.4,16.37,15.82,16.45,19.54,679.485,67.948,0.95,58.8,0.39,428
JMS Industrial,TX-JMS,2026-03-12T14:58:14.187Z,402.5,398.3,399.9,19.30,19.53,16.37,22.09,757.182,75.718,0.89,59.2,1.03,492
EBOOT CNC,TX-EBOOT,2026-03-12T14:58:14.187Z,396.9,403.2,404.0,16.85,18.50,17.05,21.04,720.921,72.092,0.85,49.6,2.05,463
SARA Mill,TX-SARA,2026-03-12T14:58:14.187Z,398.4,396.7,401.5,17.14,18.25,17.71,21.18,787.907,78.791,0.94,52.9,1.46,458
Compressor Array,D-003,2026-03-12T14:58:14.187Z,403.1,398.5,399.0,18.76,16.79,19.39,21.99,681.317,68.132,0.85,62.0,0.94,458
JMS Industrial,TX-JMS,2026-03-12T15:03:14.187Z,400.5,399.0,396.1,19.80,18.73,19.43,23.10,759.107,75.911,0.95,65.0,1.63,429
EBOOT CNC,TX-EBOOT,2026-03-12T15:03:14.187Z,402.7,395.2,403.7,18.10,17.66,16.01,20.73,722.649,72.265,0.95,56.9,1.75,475
SARA Mill,TX-SARA,2026-03-12T15:03:14.187Z,400.4,395.4,402.9,15.69,19.11,15.27,20.00,789.573,78.957,0.91,69.3,2.06,454
Compressor Array,D-003,2026-03-12T15:03:14.187Z,400.0,395.7,399.1,19.52,17.64,18.75,22.27,683.174,68.317,0.89,44.8,1.54,460
JMS Industrial,TX-JMS,2026-03-12T15:08:14.187Z,404.0,395.7,402.8,17.57,19.55,15.32,21.01,760.857,76.086,0.86,69.5,1.79,433
EBOOT CNC,TX-EBOOT,2026-03-12T15:08:14.187Z,401.5,396.6,397.6,19.27,16.05,15.16,20.13,724.326,72.433,0.89,46.2,1.36,493
SARA Mill,TX-SARA,2026-03-12T15:08:14.187Z,400.7,396.1,397.8,17.47,16.18,19.13,21.01,791.324,79.132,0.87,46.3,1.53,471
Compressor Array,D-003,2026-03-12T15:08:14.187Z,397.1,395.0,404.8,16.21,18.67,18.83,21.43,684.960,68.496,0.92,42.5,1.83,498
JMS Industrial,TX-JMS,2026-03-12T15:13:14.187Z,404.8,400.2,396.9,16.12,16.46,18.70,20.53,762.569,76.257,0.90,66.2,0.74,441
EBOOT CNC,TX-EBOOT,2026-03-12T15:13:14.187Z,403.6,402.6,401.9,15.78,19.99,17.42,21.42,726.111,72.611,0.93,53.4,1.12,492
SARA Mill,TX-SARA,2026-03-12T15:13:14.187Z,395.6,400.9,395.9,15.87,16.45,15.97,19.19,792.924,79.292,0.86,54.2,1.24,403
Compressor Array,D-003,2026-03-12T15:13:14.187Z,395.6,395.1,402.3,15.72,16.68,17.35,19.79,686.609,68.661,0.87,48.3,2.05,456
JMS Industrial,TX-JMS,2026-03-12T15:18:14.187Z,399.7,402.7,400.8,18.14,16.11,15.07,19.78,764.217,76.422,0.93,59.5,2.18,430
EBOOT CNC,TX-EBOOT,2026-03-12T15:18:14.187Z,404.1,403.6,400.3,18.76,18.98,17.04,22.06,727.949,72.795,0.90,45.3,1.78,415
SARA Mill,TX-SARA,2026-03-12T15:18:14.187Z,396.0,398.3,396.2,17.34,17.42,18.48,21.13,794.684,79.468,0.87,59.9,0.24,492
Compressor Array,D-003,2026-03-12T15:18:14.187Z,398.9,400.7,400.9,16.77,18.61,15.70,20.44,688.312,68.831,0.87,60.6,1.85,465
JMS Industrial,TX-JMS,2026-03-12T15:23:14.187Z,397.0,400.1,396.3,18.83,15.82,18.41,21.10,765.975,76.598,0.95,44.7,2.03,478
EBOOT CNC,TX-EBOOT,2026-03-12T15:23:14.187Z,397.6,396.7,399.7,19.37,17.03,16.30,20.97,729.697,72.970,0.89,57.5,1.23,417
SARA Mill,TX-SARA,2026-03-12T15:23:14.187Z,397.1,401.5,401.4,16.44,18.44,19.65,21.82,796.502,79.650,0.87,48.7,1.17,426
Compressor Array,D-003,2026-03-12T15:23:14.187Z,400.6,401.6,396.1,19.23,18.94,15.71,21.53,690.107,69.011,0.89,41.2,1.54,494
JMS Industrial,TX-JMS,2026-03-12T15:28:14.187Z,399.6,403.0,396.8,18.00,18.59,17.43,21.60,767.775,76.778,0.93,50.2,0.62,487
EBOOT CNC,TX-EBOOT,2026-03-12T15:28:14.187Z,395.3,395.7,396.8,15.34,15.46,17.46,19.11,731.290,73.129,0.90,58.5,1.00,410
SARA Mill,TX-SARA,2026-03-12T15:28:14.187Z,398.5,399.9,401.1,18.16,15.36,16.52,20.00,798.169,79.817,0.92,47.1,2.17,467
Compressor Array,D-003,2026-03-12T15:28:14.187Z,398.2,400.2,397.2,16.16,15.37,19.07,20.16,691.787,69.179,0.87,56.5,1.64,406
JMS Industrial,TX-JMS,2026-03-12T15:33:14.187Z,403.7,403.8,395.9,18.91,15.30,16.83,20.48,769.482,76.948,0.93,66.3,1.75,410
EBOOT CNC,TX-EBOOT,2026-03-12T15:33:14.187Z,398.1,395.3,401.1,15.59,15.94,16.57,19.15,732.886,73.289,0.93,51.4,1.48,493
SARA Mill,TX-SARA,2026-03-12T15:33:14.187Z,395.2,396.1,404.0,16.37,15.25,15.16,18.64,799.722,79.972,0.93,47.5,1.95,427
Compressor Array,D-003,2026-03-12T15:33:14.187Z,396.6,403.4,404.0,19.65,17.41,17.11,21.73,693.597,69.360,0.85,54.3,0.58,466
JMS Industrial,TX-JMS,2026-03-12T15:38:14.187Z,400.9,403.8,396.2,16.60,17.33,16.75,20.29,771.172,77.117,0.88,57.4,2.02,489
EBOOT CNC,TX-EBOOT,2026-03-12T15:38:14.187Z,401.2,402.9,395.3,18.23,15.00,19.39,21.02,734.637,73.464,0.92,50.8,1.66,425
SARA Mill,TX-SARA,2026-03-12T15:38:14.187Z,402.2,400.1,398.7,19.70,19.23,15.33,21.73,801.533,80.153,0.88,47.9,1.42,443
Compressor Array,D-003,2026-03-12T15:38:14.187Z,404.6,400.0,400.2,18.98,19.22,15.41,21.53,695.392,69.539,0.86,62.9,1.69,424
JMS Industrial,TX-JMS,2026-03-12T15:43:14.187Z,396.5,397.4,399.2,17.73,16.15,16.27,19.94,772.834,77.283,0.88,60.4,1.03,424
EBOOT CNC,TX-EBOOT,2026-03-12T15:43:14.187Z,400.4,398.1,395.1,15.45,18.79,18.50,20.98,736.386,73.639,0.88,47.1,1.02,411
SARA Mill,TX-SARA,2026-03-12T15:43:14.187Z,395.1,400.2,404.1,18.83,17.01,17.18,21.19,803.299,80.330,0.91,62.8,0.26,488
Compressor Array,D-003,2026-03-12T15:43:14.187Z,401.6,399.4,404.2,18.65,15.17,15.72,19.90,697.051,69.705,0.87,42.4,0.39,466
JMS Industrial,TX-JMS,2026-03-12T15:48:14.187Z,396.0,402.9,396.5,15.10,19.44,17.46,20.73,774.562,77.456,0.85,43.9,1.28,408
EBOOT CNC,TX-EBOOT,2026-03-12T15:48:14.187Z,397.4,402.7,397.6,16.37,19.46,15.91,20.67,738.108,73.811,0.90,68.6,1.43,438
SARA Mill,TX-SARA,2026-03-12T15:48:14.187Z,398.7,402.2,399.7,16.96,15.30,18.79,20.43,805.001,80.500,0.93,52.7,1.54,443
Compressor Array,D-003,2026-03-12T15:48:14.187Z,399.8,395.6,404.8,15.92,15.33,19.05,20.14,698.729,69.873,0.91,63.6,1.58,478
JMS Industrial,TX-JMS,2026-03-12T15:53:14.187Z,399.0,400.3,400.6,17.97,15.49,17.78,20.50,776.270,77.627,0.88,57.7,1.50,417
EBOOT CNC,TX-EBOOT,2026-03-12T15:53:14.187Z,399.8,397.6,396.0,19.39,15.16,15.26,19.83,739.760,73.976,0.91,54.7,0.98,459
SARA Mill,TX-SARA,2026-03-12T15:53:14.187Z,398.3,403.0,396.8,15.62,16.63,16.73,19.56,806.631,80.663,0.93,69.9,0.75,442
Compressor Array,D-003,2026-03-12T15:53:14.187Z,396.8,395.7,395.9,19.84,18.84,16.79,21.97,700.560,70.056,0.87,61.8,0.34,453
JMS Industrial,TX-JMS,2026-03-12T15:58:14.187Z,404.0,400.8,403.5,17.81,17.90,18.47,21.82,778.089,77.809,0.89,69.7,0.78,483
EBOOT CNC,TX-EBOOT,2026-03-12T15:58:14.187Z,400.9,396.2,397.8,16.92,16.59,17.12,20.17,741.441,74.144,0.93,64.1,0.36,402
SARA Mill,TX-SARA,2026-03-12T15:58:14.187Z,398.5,403.0,399.6,16.63,18.56,19.66,21.96,808.462,80.846,0.90,59.3,2.03,453
Compressor Array,D-003,2026-03-12T15:58:14.187Z,396.1,396.1,397.0,16.07,18.55,19.04,21.27,702.333,70.233,0.94,58.3,0.88,463
JMS Industrial,TX-JMS,2026-03-12T16:03:14.187Z,401.9,397.7,397.3,15.88,15.43,17.22,19.36,779.702,77.970,0.87,70.0,1.34,434
EBOOT CNC,TX-EBOOT,2026-03-12T16:03:14.187Z,397.4,399.6,398.2,19.94,17.13,15.60,20.98,743.189,74.319,0.86,66.0,0.83,487
SARA Mill,TX-SARA,2026-03-12T16:03:14.187Z,405.0,395.0,399.3,19.77,18.46,17.93,22.46,810.333,81.033,0.93,69.9,1.38,421
Compressor Array,D-003,2026-03-12T16:03:14.187Z,402.2,395.1,396.7,18.90,15.59,19.18,21.37,704.114,70.411,0.88,56.3,1.77,421
JMS Industrial,TX-JMS,2026-03-12T16:08:14.187Z,403.0,404.8,395.1,19.02,18.31,16.05,21.41,781.487,78.149,0.94,43.0,0.35,444
EBOOT CNC,TX-EBOOT,2026-03-12T16:08:14.187Z,402.8,395.2,399.7,16.85,17.51,15.04,19.72,744.832,74.483,0.94,45.7,1.24,437
SARA Mill,TX-SARA,2026-03-12T16:08:14.187Z,403.7,401.4,403.8,15.00,17.73,15.29,19.35,811.946,81.195,0.94,61.4,2.16,401
Compressor Array,D-003,2026-03-12T16:08:14.187Z,403.0,401.5,403.8,15.13,17.36,18.45,20.52,705.824,70.582,0.90,41.8,0.87,403
JMS Industrial,TX-JMS,2026-03-12T16:13:14.187Z,402.8,400.8,400.9,18.04,15.71,15.34,19.71,783.129,78.313,0.86,51.7,0.69,495
EBOOT CNC,TX-EBOOT,2026-03-12T16:13:14.187Z,399.7,397.0,402.0,19.46,19.30,16.87,22.22,746.684,74.668,0.86,57.7,2.19,456
SARA Mill,TX-SARA,2026-03-12T16:13:14.187Z,404.5,402.9,400.6,16.74,16.16,19.85,21.23,813.715,81.372,0.94,53.1,1.13,480
Compressor Array,D-003,2026-03-12T16:13:14.187Z,400.9,398.7,403.0,19.23,15.74,17.11,20.88,707.564,70.756,0.88,48.2,1.63,409
JMS Industrial,TX-JMS,2026-03-12T16:18:14.187Z,396.0,395.1,398.7,16.31,19.15,17.23,20.90,784.871,78.487,0.90,52.6,1.61,451
EBOOT CNC,TX-EBOOT,2026-03-12T16:18:14.187Z,402.1,400.3,397.3,18.96,18.80,15.98,21.50,748.475,74.848,0.89,42.1,1.93,405
SARA Mill,TX-SARA,2026-03-12T16:18:14.187Z,395.5,397.4,404.2,17.36,15.44,19.55,20.90,815.457,81.546,0.86,69.9,1.32,483
Compressor Array,D-003,2026-03-12T16:18:14.187Z,396.5,401.9,400.0,18.20,19.27,17.49,21.95,709.393,70.939,0.92,46.3,0.28,406
JMS Industrial,TX-JMS,2026-03-12T16:23:14.187Z,395.5,404.9,400.8,15.06,15.17,19.85,20.05,786.542,78.654,0.85,63.2,1.35,443
EBOOT CNC,TX-EBOOT,2026-03-12T16:23:14.187Z,402.0,396.9,403.4,17.27,16.26,15.14,19.50,750.101,75.010,0.87,68.2,1.50,500
SARA Mill,TX-SARA,2026-03-12T16:23:14.187Z,398.5,403.9,399.1,15.15,18.20,19.62,21.22,817.225,81.723,0.92,44.7,0.27,417
Compressor Array,D-003,2026-03-12T16:23:14.187Z,403.8,400.8,397.4,18.22,17.77,17.53,21.45,711.180,71.118,0.94,59.8,1.72,487
JMS Industrial,TX-JMS,2026-03-12T16:28:14.187Z,398.6,400.1,404.9,19.65,16.04,17.31,21.26,788.314,78.831,0.90,48.8,1.54,495
EBOOT CNC,TX-EBOOT,2026-03-12T16:28:14.187Z,395.2,400.7,401.1,18.15,16.62,18.55,21.27,751.873,75.187,0.92,46.7,1.68,487
SARA Mill,TX-SARA,2026-03-12T16:28:14.187Z,402.0,398.4,398.9,17.55,17.45,18.19,21.26,818.997,81.900,0.86,67.1,1.50,444
Compressor Array,D-003,2026-03-12T16:28:14.187Z,403.5,401.9,397.1,19.09,16.69,15.23,20.46,712.886,71.289,0.94,55.5,2.09,409
JMS Industrial,TX-JMS,2026-03-12T16:33:14.187Z,396.2,399.0,400.2,19.29,15.45,15.20,19.89,789.971,78.997,0.90,51.8,1.56,408
EBOOT CNC,TX-EBOOT,2026-03-12T16:33:14.187Z,398.7,399.2,396.7,15.15,16.92,18.45,20.12,753.550,75.355,0.93,48.3,1.02,401
SARA Mill,TX-SARA,2026-03-12T16:33:14.187Z,397.9,403.0,396.1,17.54,17.58,18.90,21.55,820.793,82.079,0.86,65.9,1.44,488
Compressor Array,D-003,2026-03-12T16:33:14.187Z,398.5,397.5,400.9,17.47,16.18,15.26,19.51,714.511,71.451,0.92,67.9,1.07,428
JMS Industrial,TX-JMS,2026-03-12T16:38:14.187Z,400.2,403.0,396.1,18.62,17.27,16.26,20.86,791.709,79.171,0.91,69.1,1.05,455
EBOOT CNC,TX-EBOOT,2026-03-12T16:38:14.187Z,403.0,401.8,399.5,17.63,19.12,18.81,22.30,755.408,75.541,0.94,55.4,0.62,407
SARA Mill,TX-SARA,2026-03-12T16:38:14.187Z,396.8,403.2,398.9,17.45,18.02,15.11,20.22,822.478,82.248,0.94,50.4,1.29,494
Compressor Array,D-003,2026-03-12T16:38:14.187Z,403.1,400.8,404.0,18.93,16.21,18.89,21.76,716.325,71.632,0.86,41.5,0.56,480
JMS Industrial,TX-JMS,2026-03-12T16:43:14.187Z,398.6,396.3,396.2,15.56,16.31,19.48,20.38,793.408,79.341,0.95,51.9,0.33,453
EBOOT CNC,TX-EBOOT,2026-03-12T16:43:14.187Z,403.1,401.1,399.8,16.08,16.35,17.43,20.01,757.076,75.708,0.87,45.0,1.93,476
SARA Mill,TX-SARA,2026-03-12T16:43:14.187Z,398.1,401.0,395.7,17.10,18.11,17.40,20.95,824.224,82.422,0.88,44.5,0.78,500
Compressor Array,D-003,2026-03-12T16:43:14.187Z,402.1,402.7,395.0,15.02,16.15,17.30,19.38,717.940,71.794,0.91,61.7,1.10,451
JMS Industrial,TX-JMS,2026-03-12T16:48:14.187Z,401.1,398.2,400.3,17.58,18.23,16.37,20.86,795.147,79.515,0.93,53.3,0.36,425
EBOOT CNC,TX-EBOOT,2026-03-12T16:48:14.187Z,403.3,403.4,402.4,15.77,15.72,19.06,20.37,758.773,75.877,0.89,49.9,1.98,495
SARA Mill,TX-SARA,2026-03-12T16:48:14.187Z,398.9,404.8,395.7,18.61,18.49,16.27,21.34,826.003,82.600,0.93,40.7,1.62,461
Compressor Array,D-003,2026-03-12T16:48:14.187Z,404.5,400.3,400.0,16.81,19.72,17.40,21.65,719.744,71.974,0.92,40.7,0.26,465
JMS Industrial,TX-JMS,2026-03-12T16:53:14.187Z,396.1,397.5,404.5,15.97,18.18,17.78,20.75,796.875,79.688,0.91,40.6,1.08,494
EBOOT CNC,TX-EBOOT,2026-03-12T16:53:14.187Z,401.5,397.0,395.1,18.72,16.60,19.41,21.77,760.588,76.059,0.89,46.0,1.59,402
SARA Mill,TX-SARA,2026-03-12T16:53:14.187Z,404.1,398.0,395.7,18.19,19.11,18.25,22.18,827.851,82.785,0.94,62.4,1.70,423
Compressor Array,D-003,2026-03-12T16:53:14.187Z,404.7,398.7,402.2,18.89,18.94,16.62,21.88,721.568,72.157,0.87,58.0,2.07,490
JMS Industrial,TX-JMS,2026-03-12T16:58:14.187Z,401.0,402.1,399.1,16.01,16.87,15.66,19.45,798.496,79.850,0.91,41.3,1.34,482
EBOOT CNC,TX-EBOOT,2026-03-12T16:58:14.187Z,404.9,401.3,401.5,19.82,16.99,18.08,22.10,762.430,76.243,0.87,58.9,0.48,491
SARA Mill,TX-SARA,2026-03-12T16:58:14.187Z,395.5,402.0,397.1,18.40,15.48,15.51,19.66,829.489,82.949,0.90,46.4,1.05,423
Compressor Array,D-003,2026-03-12T16:58:14.187Z,403.8,396.1,403.8,17.61,17.65,15.23,20.25,723.255,72.325,0.93,48.5,1.75,417
JMS Industrial,TX-JMS,2026-03-12T17:03:14.187Z,396.1,400.3,403.2,19.94,15.70,15.20,20.31,800.189,80.019,0.87,58.4,2.16,453
EBOOT CNC,TX-EBOOT,2026-03-12T17:03:14.187Z,397.4,399.8,402.7,15.25,19.54,16.60,20.56,764.143,76.414,0.90,58.8,0.28,473
SARA Mill,TX-SARA,2026-03-12T17:03:14.187Z,395.7,399.3,398.3,15.50,18.53,16.63,20.16,831.169,83.117,0.87,44.4,1.95,403
Compressor Array,D-003,2026-03-12T17:03:14.187Z,401.7,396.8,403.1,19.85,18.17,18.83,22.77,725.153,72.515,0.90,41.8,0.58,415
JMS Industrial,TX-JMS,2026-03-12T17:08:14.187Z,396.7,399.9,399.6,19.62,17.40,16.10,21.17,801.954,80.195,0.91,53.8,1.59,463
EBOOT CNC,TX-EBOOT,2026-03-12T17:08:14.187Z,401.7,397.1,403.5,16.98,16.28,16.45,19.93,765.803,76.580,0.92,54.3,1.07,460
SARA Mill,TX-SARA,2026-03-12T17:08:14.187Z,395.9,396.2,401.6,18.41,16.33,17.26,20.69,832.894,83.289,0.90,53.4,2.05,432
Compressor Array,D-003,2026-03-12T17:08:14.187Z,397.6,403.5,398.6,15.76,19.22,16.29,20.52,726.862,72.686,0.88,60.9,0.30,412
JMS Industrial,TX-JMS,2026-03-12T17:13:14.187Z,401.8,395.1,404.9,18.43,16.94,15.64,20.43,803.656,80.366,0.87,65.8,1.45,464
EBOOT CNC,TX-EBOOT,2026-03-12T17:13:14.187Z,403.2,404.1,400.5,19.83,18.45,18.37,22.81,767.704,76.770,0.93,45.1,1.44,465
SARA Mill,TX-SARA,2026-03-12T17:13:14.187Z,401.8,396.4,399.6,18.76,18.02,16.39,21.23,834.663,83.466,0.93,50.7,0.77,423
Compressor Array,D-003,2026-03-12T17:13:14.187Z,397.6,404.4,401.8,16.61,17.20,16.12,20.04,728.532,72.853,0.88,55.9,0.20,468
JMS Industrial,TX-JMS,2026-03-12T17:18:14.187Z,398.4,402.0,398.8,17.88,19.88,18.39,22.44,805.527,80.553,0.94,61.1,1.92,410
EBOOT CNC,TX-EBOOT,2026-03-12T17:18:14.187Z,400.4,404.6,404.7,19.80,18.65,16.82,22.28,769.561,76.956,0.88,45.5,0.64,499
SARA Mill,TX-SARA,2026-03-12T17:18:14.187Z,401.5,404.2,404.2,16.33,15.58,18.68,20.41,836.363,83.636,0.92,43.2,2.13,406
Compressor Array,D-003,2026-03-12T17:18:14.187Z,397.7,402.0,397.4,18.58,15.82,16.08,20.14,730.210,73.021,0.89,64.0,0.65,450
JMS Industrial,TX-JMS,2026-03-12T17:23:14.187Z,396.9,404.2,399.2,19.82,17.22,17.80,21.93,807.354,80.735,0.86,59.6,2.09,439
EBOOT CNC,TX-EBOOT,2026-03-12T17:23:14.187Z,402.1,401.3,399.4,16.34,18.75,16.74,20.78,771.292,77.129,0.92,41.7,1.44,401
SARA Mill,TX-SARA,2026-03-12T17:23:14.187Z,400.1,397.2,399.2,18.33,17.64,18.61,21.77,838.177,83.818,0.94,41.0,1.85,467
Compressor Array,D-003,2026-03-12T17:23:14.187Z,396.4,401.1,396.4,18.34,16.41,18.04,21.00,731.960,73.196,0.89,64.6,2.12,483
JMS Industrial,TX-JMS,2026-03-12T17:28:14.187Z,397.1,399.2,398.8,16.87,18.06,18.04,21.10,809.113,80.911,0.93,60.7,0.23,491
EBOOT CNC,TX-EBOOT,2026-03-12T17:28:14.187Z,401.4,403.4,395.2,19.41,15.82,19.27,21.79,773.108,77.311,0.87,61.5,0.91,483
SARA Mill,TX-SARA,2026-03-12T17:28:14.187Z,403.6,395.8,399.1,19.53,17.86,16.96,21.72,839.987,83.999,0.94,46.8,1.48,437
Compressor Array,D-003,2026-03-12T17:28:14.187Z,401.8,400.8,402.4,16.98,19.13,16.91,21.30,733.735,73.374,0.88,43.7,2.04,474
JMS Industrial,TX-JMS,2026-03-12T17:33:14.187Z,399.1,403.5,402.8,15.22,15.83,18.61,19.96,810.776,81.078,0.94,40.7,1.02,453
EBOOT CNC,TX-EBOOT,2026-03-12T17:33:14.187Z,398.6,399.3,399.2,19.13,18.40,15.73,21.25,774.879,77.488,0.93,56.8,0.75,489
SARA Mill,TX-SARA,2026-03-12T17:33:14.187Z,396.2,398.7,395.3,17.07,19.72,17.28,21.46,841.776,84.178,0.86,46.6,1.16,403
Compressor Array,D-003,2026-03-12T17:33:14.187Z,395.8,400.9,395.1,18.74,15.41,16.90,20.27,735.424,73.542,0.93,40.7,0.80,470
JMS Industrial,TX-JMS,2026-03-12T17:38:14.187Z,404.5,403.3,404.6,19.24,17.24,15.24,20.90,812.517,81.252,0.92,57.9,0.66,408
EBOOT CNC,TX-EBOOT,2026-03-12T17:38:14.187Z,400.5,396.8,404.6,17.59,16.40,16.82,20.36,776.575,77.658,0.93,45.7,1.41,422
SARA Mill,TX-SARA,2026-03-12T17:38:14.187Z,397.9,403.3,397.5,15.52,19.93,16.58,20.80,843.509,84.351,0.92,53.4,1.42,460
Compressor Array,D-003,2026-03-12T17:38:14.187Z,402.8,400.3,397.3,18.56,18.35,18.81,22.29,737.282,73.728,0.91,53.5,0.92,407
JMS Industrial,TX-JMS,2026-03-12T17:43:14.187Z,396.1,404.3,396.3,16.27,16.06,19.33,20.60,814.234,81.423,0.93,67.8,0.93,472
EBOOT CNC,TX-EBOOT,2026-03-12T17:43:14.187Z,398.2,399.2,401.4,18.59,15.56,16.63,20.29,778.266,77.827,0.93,45.1,0.42,414
SARA Mill,TX-SARA,2026-03-12T17:43:14.187Z,400.5,403.0,402.4,16.86,17.62,18.84,21.44,845.295,84.530,0.90,43.6,0.43,445
Compressor Array,D-003,2026-03-12T17:43:14.187Z,400.2,402.0,395.8,16.86,19.05,17.18,21.20,739.049,73.905,0.86,67.7,1.31,491
JMS Industrial,TX-JMS,2026-03-12T17:48:14.187Z,404.0,395.3,401.5,18.05,19.87,16.48,21.76,816.047,81.605,0.91,43.4,1.77,453
EBOOT CNC,TX-EBOOT,2026-03-12T17:48:14.187Z,398.5,396.5,402.1,15.72,19.75,17.14,20.98,780.015,78.001,0.90,52.9,1.65,485
SARA Mill,TX-SARA,2026-03-12T17:48:14.187Z,397.9,397.4,399.5,18.08,15.47,18.30,20.65,847.016,84.702,0.89,67.3,1.06,456
Compressor Array,D-003,2026-03-12T17:48:14.187Z,398.2,399.5,399.4,15.53,15.03,16.54,18.79,740.615,74.061,0.92,51.1,0.77,487
JMS Industrial,TX-JMS,2026-03-12T17:53:14.187Z,397.9,403.2,401.7,18.16,17.99,18.32,21.83,817.867,81.787,0.90,65.0,1.26,473
EBOOT CNC,TX-EBOOT,2026-03-12T17:53:14.187Z,401.7,395.9,396.7,15.49,15.22,15.42,18.36,781.545,78.154,0.92,56.9,0.88,483
SARA Mill,TX-SARA,2026-03-12T17:53:14.187Z,404.1,403.6,400.8,17.16,15.56,17.61,20.27,848.705,84.871,0.88,69.7,1.75,427
Compressor Array,D-003,2026-03-12T17:53:14.187Z,397.6,397.5,403.5,18.26,19.03,18.06,22.11,742.457,74.246,0.92,63.5,1.62,457
JMS Industrial,TX-JMS,2026-03-12T17:58:14.187Z,397.2,404.8,403.8,17.17,18.35,19.89,22.28,819.723,81.972,0.92,61.3,0.67,499
EBOOT CNC,TX-EBOOT,2026-03-12T17:58:14.187Z,399.2,397.4,399.1,18.43,16.87,15.66,20.32,783.238,78.324,0.90,66.1,1.17,453
SARA Mill,TX-SARA,2026-03-12T17:58:14.187Z,396.0,398.4,403.6,17.94,19.98,16.17,21.59,850.505,85.050,0.89,49.7,1.84,492
Compressor Array,D-003,2026-03-12T17:58:14.187Z,395.1,404.3,397.4,15.47,15.86,18.68,19.95,744.120,74.412,0.94,43.8,0.21,497
JMS Industrial,TX-JMS,2026-03-12T18:03:14.187Z,398.0,395.6,403.4,15.09,16.23,17.16,19.35,821.336,82.134,0.86,56.7,1.95,421
EBOOT CNC,TX-EBOOT,2026-03-12T18:03:14.187Z,396.4,401.1,398.7,18.46,18.45,16.83,21.42,785.023,78.502,0.89,40.4,0.23,483
SARA Mill,TX-SARA,2026-03-12T18:03:14.187Z,401.0,396.5,396.9,19.56,16.78,17.71,21.52,852.298,85.230,0.93,61.2,0.39,445
Compressor Array,D-003,2026-03-12T18:03:14.187Z,398.0,403.4,398.0,16.59,18.65,19.93,22.06,745.958,74.596,0.95,43.2,1.39,404
JMS Industrial,TX-JMS,2026-03-12T18:08:14.187Z,398.7,401.8,401.9,15.45,18.11,19.27,21.18,823.101,82.310,0.91,44.4,1.80,497
EBOOT CNC,TX-EBOOT,2026-03-12T18:08:14.187Z,402.5,396.9,396.0,17.00,19.48,18.74,21.99,786.856,78.686,0.88,62.9,0.54,441
SARA Mill,TX-SARA,2026-03-12T18:08:14.187Z,402.2,403.3,398.6,18.39,15.13,19.90,21.43,854.084,85.408,0.90,51.8,1.54,495
Compressor Array,D-003,2026-03-12T18:08:14.187Z,402.3,398.8,401.7,16.57,19.52,16.78,21.19,747.724,74.772,0.86,59.2,2.06,469
JMS Industrial,TX-JMS,2026-03-12T18:13:14.187Z,403.0,404.7,402.1,18.22,15.60,16.31,20.21,824.785,82.479,0.88,41.4,1.15,460
EBOOT CNC,TX-EBOOT,2026-03-12T18:13:14.187Z,403.8,400.9,404.0,17.99,17.40,15.31,20.42,788.557,78.856,0.85,56.8,0.27,447
SARA Mill,TX-SARA,2026-03-12T18:13:14.187Z,404.9,400.7,399.5,17.43,16.34,19.04,21.21,855.851,85.585,0.95,67.4,1.25,466
Compressor Array,D-003,2026-03-12T18:13:14.187Z,404.8,401.7,403.5,16.70,16.13,15.41,19.46,749.346,74.935,0.87,67.3,1.05,493
JMS Industrial,TX-JMS,2026-03-12T18:18:14.187Z,398.3,403.9,397.4,16.22,18.08,18.01,20.92,826.528,82.653,0.92,63.8,0.32,445
EBOOT CNC,TX-EBOOT,2026-03-12T18:18:14.187Z,402.5,396.3,402.0,18.64,16.15,17.43,20.91,790.300,79.030,0.89,41.8,0.93,426
SARA Mill,TX-SARA,2026-03-12T18:18:14.187Z,396.6,398.9,397.4,18.41,18.78,17.66,21.81,857.669,85.767,0.88,43.3,1.07,475
Compressor Array,D-003,2026-03-12T18:18:14.187Z,400.2,403.3,399.1,18.49,19.58,19.43,23.05,751.266,75.127,0.89,45.3,0.41,498
JMS Industrial,TX-JMS,2026-03-12T18:23:14.187Z,397.2,395.8,395.8,17.13,17.98,15.68,20.13,828.205,82.821,0.86,42.3,1.05,437
EBOOT CNC,TX-EBOOT,2026-03-12T18:23:14.187Z,398.1,397.2,398.3,19.44,15.34,15.95,20.19,791.982,79.198,0.89,46.6,1.40,487
SARA Mill,TX-SARA,2026-03-12T18:23:14.187Z,402.1,401.5,404.5,16.99,16.23,15.59,19.66,859.307,85.931,0.88,45.0,0.46,453
Compressor Array,D-003,2026-03-12T18:23:14.187Z,402.4,404.6,397.6,15.98,15.17,17.14,19.39,752.881,75.288,0.92,49.9,0.60,423
JMS Industrial,TX-JMS,2026-03-12T18:28:14.187Z,404.9,398.9,395.8,15.06,15.70,15.56,18.52,829.749,82.975,0.86,54.3,1.43,487
EBOOT CNC,TX-EBOOT,2026-03-12T18:28:14.187Z,401.1,404.4,401.3,19.60,16.23,18.03,21.66,793.787,79.379,0.94,48.0,1.56,475
SARA Mill,TX-SARA,2026-03-12T18:28:14.187Z,396.0,396.7,398.6,17.99,15.03,18.92,20.63,861.026,86.103,0.90,57.3,1.01,494
Compressor Array,D-003,2026-03-12T18:28:14.187Z,403.7,395.2,402.1,18.94,18.04,17.98,22.00,754.715,75.472,0.94,42.0,1.50,466
JMS Industrial,TX-JMS,2026-03-12T18:33:14.187Z,402.6,398.4,398.1,17.03,19.83,18.91,22.29,831.606,83.161,0.89,53.9,1.40,476
EBOOT CNC,TX-EBOOT,2026-03-12T18:33:14.187Z,398.0,396.9,396.1,17.47,17.77,17.12,20.79,795.520,79.552,0.90,68.3,1.94,473
SARA Mill,TX-SARA,2026-03-12T18:33:14.187Z,397.3,400.2,397.5,16.32,15.21,17.00,19.33,862.637,86.264,0.95,60.3,1.68,479
Compressor Array,D-003,2026-03-12T18:33:14.187Z,396.4,397.1,403.2,19.26,18.39,19.50,22.80,756.615,75.661,0.93,46.6,1.93,405
JMS Industrial,TX-JMS,2026-03-12T18:38:14.187Z,399.9,401.3,397.6,18.84,19.45,18.12,22.55,833.485,83.348,0.94,52.9,0.27,494
EBOOT CNC,TX-EBOOT,2026-03-12T18:38:14.187Z,398.0,397.2,402.2,16.22,16.36,17.94,20.17,797.200,79.720,0.95,57.7,1.29,409
SARA Mill,TX-SARA,2026-03-12T18:38:14.187Z,403.3,399.5,404.9,16.25,16.36,18.15,20.44,864.340,86.434,0.86,52.0,1.36,446
Compressor Array,D-003,2026-03-12T18:38:14.187Z,399.8,401.3,403.1,15.66,17.53,19.13,21.00,758.365,75.837,0.89,58.4,2.01,494
JMS Industrial,TX-JMS,2026-03-12T18:43:14.187Z,402.5,395.9,399.5,17.39,16.91,15.33,19.82,835.137,83.514,0.87,49.2,0.37,401
EBOOT CNC,TX-EBOOT,2026-03-12T18:43:14.187Z,401.8,399.6,400.7,19.44,19.96,15.65,22.06,799.039,79.904,0.85,63.5,2.19,417
SARA Mill,TX-SARA,2026-03-12T18:43:14.187Z,401.0,400.2,403.5,19.37,18.36,19.38,22.94,866.251,86.625,0.87,56.0,1.58,445
Compressor Array,D-003,2026-03-12T18:43:14.187Z,395.1,399.2,395.7,17.05,15.23,19.83,20.66,760.087,76.009,0.95,45.8,0.63,431
JMS Industrial,TX-JMS,2026-03-12T18:48:14.187Z,402.3,395.9,402.9,16.32,16.11,17.09,19.83,836.789,83.679,0.90,55.6,0.66,495
EBOOT CNC,TX-EBOOT,2026-03-12T18:48:14.187Z,395.3,404.4,398.5,17.67,18.34,16.35,20.92,800.782,80.078,0.85,56.3,0.75,473
SARA Mill,TX-SARA,2026-03-12T18:48:14.187Z,405.0,400.5,395.1,19.13,15.68,18.40,21.30,868.026,86.803,0.94,67.4,1.89,452
Compressor Array,D-003,2026-03-12T18:48:14.187Z,396.4,397.4,403.7,16.00,17.79,15.51,19.67,761.727,76.173,0.95,48.0,0.52,450
JMS Industrial,TX-JMS,2026-03-12T18:53:14.187Z,397.6,403.4,395.0,19.23,16.90,19.87,22.31,838.649,83.865,0.90,59.9,1.03,411
EBOOT CNC,TX-EBOOT,2026-03-12T18:53:14.187Z,401.2,403.5,397.4,15.83,19.85,19.89,22.26,802.637,80.264,0.91,43.4,0.95,467
SARA Mill,TX-SARA,2026-03-12T18:53:14.187Z,399.2,403.4,402.7,15.68,19.63,17.61,21.27,869.798,86.980,0.94,54.7,0.24,488
Compressor Array,D-003,2026-03-12T18:53:14.187Z,403.2,403.8,399.9,18.07,16.63,16.16,20.47,763.432,76.343,0.90,48.0,0.66,478
JMS Industrial,TX-JMS,2026-03-12T18:58:14.187Z,398.6,400.4,395.1,19.36,16.28,17.93,21.32,840.425,84.043,0.90,56.0,1.34,474
EBOOT CNC,TX-EBOOT,2026-03-12T18:58:14.187Z,404.4,402.9,402.1,16.37,15.01,19.83,20.64,804.357,80.436,0.92,69.5,1.98,408
SARA Mill,TX-SARA,2026-03-12T18:58:14.187Z,400.3,401.6,399.0,19.58,18.69,19.72,23.21,871.733,87.173,0.95,66.6,0.92,480
Compressor Array,D-003,2026-03-12T18:58:14.187Z,395.6,395.7,402.5,15.40,19.31,19.12,21.43,765.218,76.522,0.94,56.2,1.02,460
JMS Industrial,TX-JMS,2026-03-12T19:03:14.187Z,399.3,396.9,398.1,19.30,18.60,15.10,21.10,842.183,84.218,0.86,42.7,1.26,498
EBOOT CNC,TX-EBOOT,2026-03-12T19:03:14.187Z,396.2,403.9,402.6,16.16,19.94,17.37,21.45,806.145,80.614,0.91,54.4,0.36,448
SARA Mill,TX-SARA,2026-03-12T19:03:14.187Z,400.3,401.3,402.4,15.60,17.95,18.57,20.92,873.475,87.348,0.86,65.3,0.97,427
Compressor Array,D-003,2026-03-12T19:03:14.187Z,402.5,396.3,397.6,19.84,15.09,16.52,20.53,766.929,76.693,0.89,64.3,1.13,483
JMS Industrial,TX-JMS,2026-03-12T19:08:14.187Z,401.1,396.7,401.8,19.12,19.02,19.09,22.88,844.090,84.409,0.88,63.3,2.15,420
EBOOT CNC,TX-EBOOT,2026-03-12T19:08:14.187Z,397.7,404.5,395.3,18.70,15.48,18.04,20.83,807.880,80.788,0.92,43.7,1.32,420
SARA Mill,TX-SARA,2026-03-12T19:08:14.187Z,398.8,401.6,397.5,18.70,15.26,18.51,20.94,875.221,87.522,0.90,47.2,0.23,441
Compressor Array,D-003,2026-03-12T19:08:14.187Z,400.8,397.7,402.6,18.35,18.34,19.06,22.32,768.789,76.879,0.94,43.3,0.58,478
JMS Industrial,TX-JMS,2026-03-12T19:13:14.187Z,397.8,402.9,399.4,15.65,16.19,16.84,19.47,845.713,84.571,0.88,44.9,1.24,420
EBOOT CNC,TX-EBOOT,2026-03-12T19:13:14.187Z,399.3,401.8,396.4,17.11,19.01,17.41,21.37,809.661,80.966,0.86,57.9,0.48,432
SARA Mill,TX-SARA,2026-03-12T19:13:14.187Z,397.2,401.8,396.1,17.15,19.41,16.01,20.95,876.967,87.697,0.91,46.8,1.24,477
Compressor Array,D-003,2026-03-12T19:13:14.187Z,399.2,404.9,398.5,16.19,17.56,18.40,20.90,770.530,77.053,0.92,42.4,2.15,418
JMS Industrial,TX-JMS,2026-03-12T19:18:14.187Z,402.7,399.0,401.8,16.41,15.08,15.37,18.80,847.279,84.728,0.89,58.5,0.65,473
EBOOT CNC,TX-EBOOT,2026-03-12T19:18:14.187Z,395.7,397.0,404.2,18.99,16.52,16.59,20.78,811.393,81.139,0.91,59.2,0.90,448
SARA Mill,TX-SARA,2026-03-12T19:18:14.187Z,396.9,399.0,395.6,17.60,15.03,18.38,20.26,878.655,87.865,0.89,60.4,0.24,417
Compressor Array,D-003,2026-03-12T19:18:14.187Z,395.0,399.9,401.6,16.68,18.39,16.20,20.45,772.234,77.223,0.93,56.7,2.08,417
JMS Industrial,TX-JMS,2026-03-12T19:23:14.187Z,399.7,402.9,397.0,19.35,18.37,19.71,22.96,849.193,84.919,0.85,62.3,1.06,458
EBOOT CNC,TX-EBOOT,2026-03-12T19:23:14.187Z,399.7,402.9,399.0,18.21,17.59,19.99,22.34,813.255,81.325,0.91,65.7,1.00,455
SARA Mill,TX-SARA,2026-03-12T19:23:14.187Z,403.8,400.4,403.0,16.72,18.01,18.66,21.48,880.445,88.044,0.94,66.7,0.26,408
Compressor Array,D-003,2026-03-12T19:23:14.187Z,398.9,398.6,398.1,19.17,15.39,16.13,20.20,773.918,77.392,0.89,57.1,1.92,459
JMS Industrial,TX-JMS,2026-03-12T19:28:14.187Z,401.6,402.5,404.6,15.02,15.27,19.42,20.04,850.863,85.086,0.89,56.4,0.21,445
EBOOT CNC,TX-EBOOT,2026-03-12T19:28:14.187Z,395.6,404.3,403.8,18.02,15.47,17.22,20.34,814.950,81.495,0.95,49.2,1.43,495
SARA Mill,TX-SARA,2026-03-12T19:28:14.187Z,404.8,404.0,403.9,15.35,18.39,16.37,20.26,882.133,88.213,0.90,52.4,1.95,417
Compressor Array,D-003,2026-03-12T19:28:14.187Z,395.2,396.7,400.9,16.54,17.02,16.51,19.91,775.577,77.558,0.86,49.3,0.44,427
JMS Industrial,TX-JMS,2026-03-12T19:33:14.187Z,399.4,403.9,397.4,17.67,17.25,19.82,21.90,852.688,85.269,0.94,64.0,1.58,465
EBOOT CNC,TX-EBOOT,2026-03-12T19:33:14.187Z,404.0,397.1,398.5,15.05,18.46,17.73,20.47,816.656,81.666,0.90,69.9,1.85,477
SARA Mill,TX-SARA,2026-03-12T19:33:14.187Z,399.1,403.6,402.3,18.11,16.18,17.85,20.94,883.878,88.388,0.93,53.3,1.71,425
Compressor Array,D-003,2026-03-12T19:33:14.187Z,401.3,397.2,398.5,19.67,16.19,19.19,21.97,777.408,77.741,0.86,53.0,0.83,403
JMS Industrial,TX-JMS,2026-03-12T19:38:14.187Z,398.8,399.3,402.6,19.88,15.89,19.17,21.99,854.520,85.452,0.87,40.1,1.41,448
EBOOT CNC,TX-EBOOT,2026-03-12T19:38:14.187Z,403.0,402.1,401.3,17.44,16.75,15.53,19.99,818.322,81.832,0.94,52.5,2.01,430
SARA Mill,TX-SARA,2026-03-12T19:38:14.187Z,398.8,397.6,399.5,15.58,17.95,15.33,19.48,885.501,88.550,0.88,43.0,1.54,490
Compressor Array,D-003,2026-03-12T19:38:14.187Z,395.9,401.6,400.2,19.47,16.60,19.05,22.00,779.241,77.924,0.89,65.9,0.51,413
JMS Industrial,TX-JMS,2026-03-12T19:43:14.187Z,399.5,400.9,395.6,18.30,18.65,19.72,22.58,856.402,85.640,0.88,52.2,1.41,479
EBOOT CNC,TX-EBOOT,2026-03-12T19:43:14.187Z,401.6,402.7,401.2,18.30,19.76,17.22,22.22,820.173,82.017,0.89,65.7,0.90,423
SARA Mill,TX-SARA,2026-03-12T19:43:14.187Z,400.3,398.6,399.9,16.52,16.81,16.81,20.04,887.171,88.717,0.95,54.2,2.17,460
Compressor Array,D-003,2026-03-12T19:43:14.187Z,399.6,399.9,399.5,19.84,19.10,16.39,22.11,781.084,78.108,0.94,63.6,1.19,476
JMS Industrial,TX-JMS,2026-03-12T19:48:14.187Z,400.0,398.6,401.3,18.33,19.82,17.77,22.36,858.265,85.827,0.87,53.7,1.64,482
EBOOT CNC,TX-EBOOT,2026-03-12T19:48:14.187Z,399.5,397.6,403.9,18.12,17.10,17.11,20.95,821.919,82.192,0.93,40.8,1.87,452
SARA Mill,TX-SARA,2026-03-12T19:48:14.187Z,402.7,403.8,403.1,17.84,15.66,18.82,21.09,888.929,88.893,0.93,45.2,2.19,473
Compressor Array,D-003,2026-03-12T19:48:14.187Z,403.8,397.9,403.1,17.51,18.52,18.91,22.06,782.923,78.292,0.85,40.6,0.45,464
JMS Industrial,TX-JMS,2026-03-12T19:53:14.187Z,395.4,402.6,400.3,18.27,17.55,19.16,21.96,860.095,86.010,0.93,55.1,0.86,420
EBOOT CNC,TX-EBOOT,2026-03-12T19:53:14.187Z,403.9,400.2,397.9,15.99,17.83,17.63,20.61,823.636,82.364,0.85,61.1,1.57,424
SARA Mill,TX-SARA,2026-03-12T19:53:14.187Z,399.1,398.8,402.1,19.06,18.63,19.51,22.88,890.835,89.084,0.92,69.9,1.34,417
Compressor Array,D-003,2026-03-12T19:53:14.187Z,395.9,396.2,396.5,15.17,17.09,19.34,20.44,784.626,78.463,0.88,53.9,2.10,496
JMS Industrial,TX-JMS,2026-03-12T19:58:14.187Z,399.4,395.1,401.9,16.75,17.15,15.19,19.57,861.726,86.173,0.87,43.2,0.41,440
EBOOT CNC,TX-EBOOT,2026-03-12T19:58:14.187Z,398.9,401.8,403.0,16.66,17.83,18.58,21.30,825.411,82.541,0.88,58.4,0.64,470
SARA Mill,TX-SARA,2026-03-12T19:58:14.187Z,404.6,400.4,399.3,15.18,15.94,15.12,18.56,892.382,89.238,0.89,41.7,1.89,452
Compressor Array,D-003,2026-03-12T19:58:14.187Z,404.1,395.2,397.7,16.47,18.83,15.79,20.38,786.324,78.632,0.89,43.6,0.70,410
JMS Industrial,TX-JMS,2026-03-12T20:03:14.187Z,400.0,402.8,400.1,15.10,19.01,15.16,19.76,863.373,86.337,0.86,56.3,2.16,462
EBOOT CNC,TX-EBOOT,2026-03-12T20:03:14.187Z,397.2,400.9,399.1,19.84,17.39,17.60,21.88,827.234,82.723,0.87,64.1,0.54,445
SARA Mill,TX-SARA,2026-03-12T20:03:14.187Z,399.0,402.9,399.8,18.44,19.44,16.62,21.83,894.201,89.420,0.88,56.4,1.70,417
Compressor Array,D-003,2026-03-12T20:03:14.187Z,397.1,400.6,397.2,17.37,19.64,16.48,21.31,788.100,78.810,0.85,42.5,0.90,416
JMS Industrial,TX-JMS,2026-03-12T20:08:14.187Z,399.9,397.2,401.7,19.34,19.09,19.12,23.00,865.289,86.529,0.87,44.1,1.53,467
EBOOT CNC,TX-EBOOT,2026-03-12T20:08:14.187Z,401.8,397.6,401.8,19.39,15.76,19.55,21.91,829.060,82.906,0.95,53.2,1.96,487
SARA Mill,TX-SARA,2026-03-12T20:08:14.187Z,398.2,403.5,402.0,16.90,16.02,17.16,20.09,895.876,89.588,0.91,63.8,1.19,491
Compressor Array,D-003,2026-03-12T20:08:14.187Z,404.8,403.7,402.6,15.17,15.01,16.43,18.82,789.668,78.967,0.90,52.9,0.67,463
JMS Industrial,TX-JMS,2026-03-12T20:13:14.187Z,398.6,398.8,399.9,19.98,16.52,17.70,21.63,867.092,86.709,0.91,64.5,2.13,428
EBOOT CNC,TX-EBOOT,2026-03-12T20:13:14.187Z,396.9,404.8,395.1,16.69,18.02,18.75,21.33,830.837,83.084,0.89,59.1,1.89,410
SARA Mill,TX-SARA,2026-03-12T20:13:14.187Z,403.2,395.3,402.4,20.00,18.12,15.97,21.66,897.680,89.768,0.93,62.6,1.72,463
Compressor Array,D-003,2026-03-12T20:13:14.187Z,400.8,398.7,402.2,16.14,18.15,16.43,20.32,791.361,79.136,0.87,44.4,1.07,473
JMS Industrial,TX-JMS,2026-03-12T20:18:14.187Z,395.9,396.4,398.0,17.75,17.91,15.67,20.36,868.789,86.879,0.91,40.2,1.71,406
EBOOT CNC,TX-EBOOT,2026-03-12T20:18:14.187Z,403.0,402.2,404.5,15.58,18.07,19.70,21.51,832.630,83.263,0.92,57.9,1.89,417
SARA Mill,TX-SARA,2026-03-12T20:18:14.187Z,402.2,399.5,405.0,19.84,16.11,18.05,21.73,899.491,89.949,0.88,49.8,0.59,430
Compressor Array,D-003,2026-03-12T20:18:14.187Z,401.9,400.1,403.4,18.78,18.80,15.93,21.50,793.153,79.315,0.88,53.5,0.42,468
JMS Industrial,TX-JMS,2026-03-12T20:23:14.187Z,403.7,398.9,401.7,18.74,19.98,16.61,22.21,870.639,87.064,0.90,68.1,0.87,475
EBOOT CNC,TX-EBOOT,2026-03-12T20:23:14.187Z,401.0,401.1,395.4,15.60,19.36,15.62,20.20,834.313,83.431,0.94,67.6,1.12,484
SARA Mill,TX-SARA,2026-03-12T20:23:14.187Z,396.1,400.7,402.3,17.18,18.36,18.34,21.53,901.285,90.129,0.87,68.9,0.49,410
Compressor Array,D-003,2026-03-12T20:23:14.187Z,403.2,400.4,401.9,15.19,17.15,19.48,20.82,794.887,79.489,0.91,68.5,0.83,437
JMS Industrial,TX-JMS,2026-03-12T20:28:14.187Z,404.6,396.0,397.3,15.54,15.63,18.88,19.98,872.304,87.230,0.91,60.2,0.68,469
EBOOT CNC,TX-EBOOT,2026-03-12T20:28:14.187Z,402.1,397.9,400.6,18.58,15.74,18.92,21.31,836.089,83.609,0.93,63.6,1.75,414
SARA Mill,TX-SARA,2026-03-12T20:28:14.187Z,404.8,404.8,396.5,17.78,18.45,19.50,22.39,903.151,90.315,0.92,60.9,0.36,437
Compressor Array,D-003,2026-03-12T20:28:14.187Z,403.9,400.1,401.5,15.42,15.53,19.05,20.09,796.562,79.656,0.85,66.4,1.00,476
JMS Industrial,TX-JMS,2026-03-12T20:33:14.187Z,402.4,395.2,401.6,17.05,19.32,15.91,20.89,874.045,87.404,0.91,59.2,0.26,405
EBOOT CNC,TX-EBOOT,2026-03-12T20:33:14.187Z,404.0,404.7,397.0,17.51,19.99,19.26,22.81,837.990,83.799,0.92,67.9,0.81,426
SARA Mill,TX-SARA,2026-03-12T20:33:14.187Z,395.3,402.7,395.9,15.46,16.46,16.26,19.18,904.750,90.475,0.94,52.1,2.11,450
Compressor Array,D-003,2026-03-12T20:33:14.187Z,401.0,397.7,398.4,19.06,16.68,19.82,22.17,798.409,79.841,0.92,64.2,1.15,497
JMS Industrial,TX-JMS,2026-03-12T20:38:14.187Z,401.1,402.8,404.9,18.69,17.30,16.30,21.07,875.801,87.580,0.87,43.6,1.88,428
EBOOT CNC,TX-EBOOT,2026-03-12T20:38:14.187Z,397.1,399.5,398.2,16.25,19.70,18.70,21.77,839.804,83.980,0.90,43.2,1.66,439
SARA Mill,TX-SARA,2026-03-12T20:38:14.187Z,398.9,397.4,395.8,16.89,15.44,16.47,19.39,906.366,90.637,0.90,46.8,1.71,472
Compressor Array,D-003,2026-03-12T20:38:14.187Z,402.6,398.3,400.0,18.32,19.45,18.39,22.48,800.283,80.028,0.93,44.5,1.16,490
JMS Industrial,TX-JMS,2026-03-12T20:43:14.187Z,398.7,396.0,402.2,18.19,18.23,15.57,20.73,877.528,87.753,0.91,48.8,0.81,415
EBOOT CNC,TX-EBOOT,2026-03-12T20:43:14.187Z,402.2,404.8,400.5,17.34,17.20,18.14,21.20,841.571,84.157,0.91,59.4,1.44,456
SARA Mill,TX-SARA,2026-03-12T20:43:14.187Z,396.5,399.9,396.9,18.17,15.40,19.38,21.05,908.120,90.812,0.87,55.2,1.32,413
Compressor Array,D-003,2026-03-12T20:43:14.187Z,402.3,404.8,397.8,16.56,16.62,18.67,20.81,802.017,80.202,0.85,46.7,0.69,429
JMS Industrial,TX-JMS,2026-03-12T20:48:14.187Z,398.6,404.7,395.8,15.61,19.05,17.77,20.97,879.276,87.928,0.90,55.8,0.71,438
EBOOT CNC,TX-EBOOT,2026-03-12T20:48:14.187Z,404.4,400.8,402.6,18.19,15.31,16.54,20.15,843.251,84.325,0.90,43.4,1.45,446
SARA Mill,TX-SARA,2026-03-12T20:48:14.187Z,399.2,402.9,402.8,17.04,19.62,16.76,21.46,909.909,90.991,0.92,69.2,0.21,454
Compressor Array,D-003,2026-03-12T20:48:14.187Z,403.8,399.8,395.7,15.59,15.93,15.46,18.78,803.582,80.358,0.90,54.7,0.57,432
JMS Industrial,TX-JMS,2026-03-12T20:53:14.187Z,398.1,397.5,402.8,18.29,19.41,17.62,22.09,881.117,88.112,0.86,41.5,1.11,456
EBOOT CNC,TX-EBOOT,2026-03-12T20:53:14.187Z,403.4,399.5,404.0,19.57,17.55,19.27,22.69,845.141,84.514,0.90,45.0,0.99,432
SARA Mill,TX-SARA,2026-03-12T20:53:14.187Z,399.3,396.0,403.0,19.01,16.48,15.82,20.49,911.616,91.162,0.91,52.0,1.31,435
Compressor Array,D-003,2026-03-12T20:53:14.187Z,400.7,403.3,398.7,15.34,16.53,19.19,20.46,805.287,80.529,0.94,65.1,1.41,466
JMS Industrial,TX-JMS,2026-03-12T20:58:14.187Z,403.3,396.9,395.8,17.65,16.11,16.61,20.09,882.791,88.279,0.87,64.0,1.93,418
EBOOT CNC,TX-EBOOT,2026-03-12T20:58:14.187Z,404.5,399.3,404.0,15.98,15.50,17.69,19.80,846.791,84.679,0.94,43.3,0.60,431
SARA Mill,TX-SARA,2026-03-12T20:58:14.187Z,397.0,403.3,402.6,19.03,15.93,17.09,20.86,913.355,91.335,0.89,61.9,1.33,494
Compressor Array,D-003,2026-03-12T20:58:14.187Z,396.8,399.9,398.7,17.78,17.12,15.61,20.13,806.965,80.696,0.91,41.5,0.59,496
JMS Industrial,TX-JMS,2026-03-12T21:03:14.187Z,399.8,404.5,400.7,16.55,16.57,16.74,20.03,884.460,88.446,0.91,66.4,1.60,439
EBOOT CNC,TX-EBOOT,2026-03-12T21:03:14.187Z,404.7,398.7,404.1,18.93,15.64,19.11,21.62,848.593,84.859,0.87,60.7,0.70,445
SARA Mill,TX-SARA,2026-03-12T21:03:14.187Z,400.0,403.6,403.3,19.97,15.06,19.72,22.02,915.189,91.519,0.90,45.8,1.30,465
Compressor Array,D-003,2026-03-12T21:03:14.187Z,400.7,398.7,397.2,19.97,15.35,16.01,20.48,808.671,80.867,0.90,53.3,1.16,497
JMS Industrial,TX-JMS,2026-03-12T21:08:14.187Z,395.3,404.1,399.8,15.71,15.08,17.50,19.30,886.068,88.607,0.85,57.3,0.65,445
EBOOT CNC,TX-EBOOT,2026-03-12T21:08:14.187Z,403.7,400.1,402.7,18.90,15.43,15.98,20.24,850.279,85.028,0.85,50.1,2.05,454
SARA Mill,TX-SARA,2026-03-12T21:08:14.187Z,401.9,401.0,402.1,15.54,17.92,16.93,20.24,916.876,91.688,0.89,40.1,0.63,448
Compressor Array,D-003,2026-03-12T21:08:14.187Z,399.2,399.3,398.6,15.71,18.77,16.30,20.26,810.360,81.036,0.85,54.5,0.61,443
JMS Industrial,TX-JMS,2026-03-12T21:13:14.187Z,395.4,395.3,400.6,15.87,18.86,18.87,21.29,887.843,88.784,0.87,66.4,0.70,498
EBOOT CNC,TX-EBOOT,2026-03-12T21:13:14.187Z,402.5,398.4,395.6,17.12,19.48,18.52,21.97,852.111,85.211,0.85,46.3,2.08,458
SARA Mill,TX-SARA,2026-03-12T21:13:14.187Z,396.3,402.6,397.7,19.15,16.25,19.76,21.99,918.709,91.871,0.89,64.5,0.99,498
Compressor Array,D-003,2026-03-12T21:13:14.187Z,401.6,400.6,397.0,19.83,15.81,18.08,21.47,812.149,81.215,0.87,41.1,1.92,482
JMS Industrial,TX-JMS,2026-03-12T21:18:14.187Z,404.2,402.7,397.3,18.05,18.53,17.49,21.71,889.651,88.965,0.89,64.9,0.99,455
EBOOT CNC,TX-EBOOT,2026-03-12T21:18:14.187Z,398.6,396.7,401.3,17.90,17.88,19.19,21.93,853.938,85.394,0.92,54.8,2.17,442
SARA Mill,TX-SARA,2026-03-12T21:18:14.187Z,395.7,402.5,400.3,17.02,18.30,19.04,21.72,920.519,92.052,0.94,64.3,1.94,457
Compressor Array,D-003,2026-03-12T21:18:14.187Z,396.1,397.3,404.5,16.56,16.19,16.86,19.81,813.800,81.380,0.90,54.4,2.07,426
JMS Industrial,TX-JMS,2026-03-12T21:23:14.187Z,397.1,402.3,402.8,19.98,19.08,18.49,23.06,891.573,89.157,0.88,65.0,1.41,402
EBOOT CNC,TX-EBOOT,2026-03-12T21:23:14.187Z,402.7,404.5,398.7,15.83,19.18,16.21,20.60,855.654,85.565,0.95,66.2,0.57,450
SARA Mill,TX-SARA,2026-03-12T21:23:14.187Z,403.0,395.1,398.8,15.44,16.47,16.01,19.11,922.112,92.211,0.94,57.4,0.46,480
Compressor Array,D-003,2026-03-12T21:23:14.187Z,399.0,401.5,397.5,17.48,18.42,15.88,20.69,815.524,81.552,0.89,65.3,1.18,437
JMS Industrial,TX-JMS,2026-03-12T21:28:14.187Z,401.9,401.2,399.7,16.30,17.03,18.54,20.79,893.306,89.331,0.93,55.3,2.17,483
EBOOT CNC,TX-EBOOT,2026-03-12T21:28:14.187Z,396.7,398.4,395.0,15.45,16.77,19.86,20.65,857.375,85.738,0.94,40.8,0.33,406
SARA Mill,TX-SARA,2026-03-12T21:28:14.187Z,401.3,398.7,401.3,19.07,15.30,17.64,20.83,923.848,92.385,0.90,46.8,1.51,436
Compressor Array,D-003,2026-03-12T21:28:14.187Z,404.2,396.4,397.5,16.64,17.20,16.48,20.09,817.199,81.720,0.92,64.7,1.54,403
JMS Industrial,TX-JMS,2026-03-12T21:33:14.187Z,403.0,402.2,403.6,18.79,15.19,18.35,21.09,895.063,89.506,0.86,49.1,0.94,431
EBOOT CNC,TX-EBOOT,2026-03-12T21:33:14.187Z,402.4,403.2,404.1,17.14,18.12,15.67,20.53,859.086,85.909,0.94,61.7,1.00,499
SARA Mill,TX-SARA,2026-03-12T21:33:14.187Z,397.1,402.5,395.9,17.27,15.28,17.43,19.91,925.507,92.551,0.92,52.8,0.89,404
Compressor Array,D-003,2026-03-12T21:33:14.187Z,400.1,400.8,397.3,18.31,17.79,18.06,21.63,819.001,81.900,0.90,41.3,1.86,461
JMS Industrial,TX-JMS,2026-03-12T21:38:14.187Z,399.2,400.7,404.9,18.85,16.02,16.14,20.48,896.770,89.677,0.93,40.9,1.72,445
EBOOT CNC,TX-EBOOT,2026-03-12T21:38:14.187Z,395.7,403.5,404.0,15.62,17.65,18.79,20.89,860.828,86.083,0.93,55.1,2.17,449
SARA Mill,TX-SARA,2026-03-12T21:38:14.187Z,400.6,401.2,400.6,17.96,19.37,17.78,22.09,927.348,92.735,0.90,53.5,0.76,434
Compressor Array,D-003,2026-03-12T21:38:14.187Z,403.0,403.6,404.9,15.43,18.41,17.11,20.57,820.716,82.072,0.87,68.7,0.75,485
JMS Industrial,TX-JMS,2026-03-12T21:43:14.187Z,399.2,396.4,395.5,17.34,16.65,15.59,19.69,898.411,89.841,0.92,57.5,1.96,445
EBOOT CNC,TX-EBOOT,2026-03-12T21:43:14.187Z,399.4,400.6,395.6,15.17,16.13,18.03,19.66,862.466,86.247,0.93,68.1,1.85,480
SARA Mill,TX-SARA,2026-03-12T21:43:14.187Z,400.1,399.6,402.1,16.10,18.19,18.01,20.95,929.094,92.909,0.88,59.2,1.63,487
Compressor Array,D-003,2026-03-12T21:43:14.187Z,397.7,404.3,395.8,17.35,15.63,17.48,20.14,822.394,82.239,0.94,67.4,1.78,452
JMS Industrial,TX-JMS,2026-03-12T21:48:14.187Z,395.4,395.2,399.9,18.31,15.54,18.42,20.74,900.139,90.014,0.90,45.9,0.44,496
EBOOT CNC,TX-EBOOT,2026-03-12T21:48:14.187Z,397.3,404.8,403.8,16.62,17.69,17.31,20.76,864.195,86.420,0.92,43.0,1.51,414
SARA Mill,TX-SARA,2026-03-12T21:48:14.187Z,398.3,400.1,401.8,15.72,18.28,16.41,20.17,930.775,93.077,0.88,59.6,0.43,442
Compressor Array,D-003,2026-03-12T21:48:14.187Z,395.3,398.8,397.7,19.02,18.61,19.51,22.70,824.286,82.429,0.91,43.8,1.03,436
JMS Industrial,TX-JMS,2026-03-12T21:53:14.187Z,401.8,397.5,404.7,19.38,18.66,18.37,22.64,902.026,90.203,0.93,47.3,1.30,455
EBOOT CNC,TX-EBOOT,2026-03-12T21:53:14.187Z,403.2,399.0,401.3,16.14,16.27,15.34,19.16,865.792,86.579,0.89,53.8,1.61,476
SARA Mill,TX-SARA,2026-03-12T21:53:14.187Z,403.8,402.8,404.2,17.81,19.45,15.89,21.45,932.562,93.256,0.85,59.9,1.88,464
Compressor Array,D-003,2026-03-12T21:53:14.187Z,403.1,403.9,397.7,17.03,16.90,15.29,19.77,825.933,82.593,0.94,57.7,1.19,476
JMS Industrial,TX-JMS,2026-03-12T21:58:14.187Z,396.1,396.3,397.0,18.53,17.64,19.00,21.87,903.849,90.385,0.86,46.9,1.98,413
EBOOT CNC,TX-EBOOT,2026-03-12T21:58:14.187Z,399.9,404.2,402.7,15.93,15.22,15.99,18.96,867.372,86.737,0.88,60.2,0.32,473
SARA Mill,TX-SARA,2026-03-12T21:58:14.187Z,397.5,403.3,399.4,16.07,17.84,15.09,19.61,934.196,93.420,0.91,45.7,1.54,413
Compressor Array,D-003,2026-03-12T21:58:14.187Z,399.1,403.5,399.8,17.89,18.68,15.66,20.94,827.678,82.768,0.93,59.9,2.18,459
JMS Industrial,TX-JMS,2026-03-12T22:03:14.187Z,404.9,395.8,396.4,19.67,18.36,16.67,21.84,905.669,90.567,0.85,67.9,0.36,491
EBOOT CNC,TX-EBOOT,2026-03-12T22:03:14.187Z,399.8,404.1,404.6,17.02,18.63,18.99,22.02,869.207,86.921,0.91,57.8,0.93,432
SARA Mill,TX-SARA,2026-03-12T22:03:14.187Z,401.6,402.6,401.3,19.22,17.77,17.59,21.93,936.023,93.602,0.94,40.4,1.82,450
Compressor Array,D-003,2026-03-12T22:03:14.187Z,396.1,399.4,399.3,18.31,15.03,17.06,20.07,829.351,82.935,0.92,58.2,0.93,408
JMS Industrial,TX-JMS,2026-03-12T22:08:14.187Z,403.3,400.5,396.1,19.58,17.37,16.86,21.53,907.463,90.746,0.92,65.2,0.50,460
EBOOT CNC,TX-EBOOT,2026-03-12T22:08:14.187Z,401.2,396.1,399.0,17.36,15.41,19.34,20.79,870.939,87.094,0.95,53.5,1.55,411
SARA Mill,TX-SARA,2026-03-12T22:08:14.187Z,399.6,397.8,402.3,17.96,18.27,16.54,21.10,937.782,93.778,0.94,61.2,0.74,500
Compressor Array,D-003,2026-03-12T22:08:14.187Z,402.1,403.8,400.7,17.08,17.85,17.71,21.17,831.115,83.111,0.85,62.3,1.95,413
JMS Industrial,TX-JMS,2026-03-12T22:13:14.187Z,397.0,397.7,400.5,19.06,18.78,17.84,22.18,909.311,90.931,0.88,47.3,1.04,460
EBOOT CNC,TX-EBOOT,2026-03-12T22:13:14.187Z,395.5,401.2,396.4,19.88,16.93,17.38,21.54,872.734,87.273,0.86,61.1,2.01,461
SARA Mill,TX-SARA,2026-03-12T22:13:14.187Z,399.3,400.4,400.6,18.22,16.45,15.99,20.27,939.471,93.947,0.91,61.1,0.38,428
Compressor Array,D-003,2026-03-12T22:13:14.187Z,403.7,400.0,399.7,16.96,15.73,15.47,19.32,832.725,83.272,0.92,42.1,2.09,404
JMS Industrial,TX-JMS,2026-03-12T22:18:14.187Z,399.5,398.8,398.5,16.79,15.43,17.82,19.96,910.975,91.097,0.87,60.1,1.50,483
EBOOT CNC,TX-EBOOT,2026-03-12T22:18:14.187Z,397.2,403.0,403.9,15.21,16.50,17.69,19.83,874.387,87.439,0.87,46.6,1.85,486
SARA Mill,TX-SARA,2026-03-12T22:18:14.187Z,402.7,396.9,401.2,18.09,16.39,18.37,21.16,941.234,94.123,0.87,55.0,2.07,490
Compressor Array,D-003,2026-03-12T22:18:14.187Z,403.6,398.4,399.3,15.91,18.48,16.64,20.43,834.428,83.443,0.87,53.7,0.20,407
JMS Industrial,TX-JMS,2026-03-12T22:23:14.187Z,397.6,399.8,396.8,18.47,18.30,16.07,21.04,912.728,91.273,0.86,62.9,1.22,494
EBOOT CNC,TX-EBOOT,2026-03-12T22:23:14.187Z,400.4,395.3,400.5,15.83,15.95,15.97,19.04,875.974,87.597,0.95,40.9,1.53,489
SARA Mill,TX-SARA,2026-03-12T22:23:14.187Z,398.9,395.2,396.8,16.94,16.04,16.22,19.53,942.861,94.286,0.95,50.4,1.57,455
Compressor Array,D-003,2026-03-12T22:23:14.187Z,402.4,396.4,403.7,19.22,17.93,16.41,21.46,836.216,83.622,0.89,68.0,1.79,465
JMS Industrial,TX-JMS,2026-03-12T22:28:14.187Z,398.4,402.2,403.5,19.03,16.95,17.29,21.38,914.509,91.451,0.89,61.8,0.81,472
EBOOT CNC,TX-EBOOT,2026-03-12T22:28:14.187Z,404.1,395.3,401.0,16.74,19.60,15.16,20.59,877.690,87.769,0.89,55.9,1.91,454
SARA Mill,TX-SARA,2026-03-12T22:28:14.187Z,399.5,399.1,402.6,19.09,18.07,19.08,22.52,944.738,94.474,0.95,61.2,1.38,434
Compressor Array,D-003,2026-03-12T22:28:14.187Z,400.1,396.8,397.6,15.91,16.70,18.03,20.16,837.896,83.790,0.91,55.4,0.77,471
JMS Industrial,TX-JMS,2026-03-12T22:33:14.187Z,401.7,399.2,397.7,16.51,18.90,15.83,20.48,916.215,91.622,0.94,44.0,2.14,464
EBOOT CNC,TX-EBOOT,2026-03-12T22:33:14.187Z,395.5,396.9,397.1,17.70,16.70,19.71,21.45,879.477,87.948,0.94,49.2,1.95,481
SARA Mill,TX-SARA,2026-03-12T22:33:14.187Z,401.2,397.0,396.9,17.14,17.98,17.37,20.91,946.481,94.648,0.88,69.9,0.52,472
Compressor Array,D-003,2026-03-12T22:33:14.187Z,397.0,402.7,398.7,15.84,15.53,15.07,18.55,839.442,83.944,0.86,61.0,2.02,408
JMS Industrial,TX-JMS,2026-03-12T22:38:14.187Z,401.5,395.7,402.9,18.44,17.41,19.80,22.27,918.071,91.807,0.87,58.6,0.89,447
EBOOT CNC,TX-EBOOT,2026-03-12T22:38:14.187Z,401.7,401.3,404.4,16.66,19.80,19.52,22.53,881.355,88.136,0.86,45.9,1.71,484
SARA Mill,TX-SARA,2026-03-12T22:38:14.187Z,400.3,396.4,403.9,15.03,16.93,16.37,19.34,948.092,94.809,0.85,43.0,2.12,430
Compressor Array,D-003,2026-03-12T22:38:14.187Z,404.8,400.4,399.6,18.46,16.76,18.54,21.59,841.242,84.124,0.94,50.1,0.59,498
JMS Industrial,TX-JMS,2026-03-12T22:43:14.187Z,401.4,403.3,395.7,15.72,19.30,18.05,21.24,919.841,91.984,0.94,58.8,2.18,478
EBOOT CNC,TX-EBOOT,2026-03-12T22:43:14.187Z,404.7,397.3,397.4,15.54,18.31,18.96,21.10,883.113,88.311,0.92,69.5,1.75,454
SARA Mill,TX-SARA,2026-03-12T22:43:14.187Z,401.4,405.0,397.2,16.36,18.61,16.31,20.58,949.808,94.981,0.86,69.2,0.75,452
Compressor Array,D-003,2026-03-12T22:43:14.187Z,399.0,402.4,397.3,19.22,19.64,17.69,22.60,843.125,84.312,0.94,50.2,1.53,410
JMS Industrial,TX-JMS,2026-03-12T22:48:14.187Z,397.0,397.8,400.9,17.48,17.72,19.67,21.87,921.664,92.166,0.86,56.3,1.04,496
EBOOT CNC,TX-EBOOT,2026-03-12T22:48:14.187Z,405.0,404.3,400.5,18.65,16.70,19.45,22.10,884.955,88.495,0.92,52.3,1.16,497
SARA Mill,TX-SARA,2026-03-12T22:48:14.187Z,400.4,395.2,399.9,17.56,16.52,15.51,19.76,951.454,95.145,0.93,57.5,1.47,402
Compressor Array,D-003,2026-03-12T22:48:14.187Z,404.7,403.3,400.7,15.98,18.90,19.55,21.92,844.952,84.495,0.88,67.8,2.06,458
JMS Industrial,TX-JMS,2026-03-12T22:53:14.187Z,404.4,400.6,398.7,19.53,18.80,18.06,22.63,923.550,92.355,0.85,55.0,0.91,433
EBOOT CNC,TX-EBOOT,2026-03-12T22:53:14.187Z,397.7,398.1,396.5,16.05,18.19,17.47,20.55,886.668,88.667,0.92,49.5,0.92,499
SARA Mill,TX-SARA,2026-03-12T22:53:14.187Z,403.3,400.5,398.2,19.96,16.74,15.30,20.85,953.192,95.319,0.95,46.7,1.28,446
Compressor Array,D-003,2026-03-12T22:53:14.187Z,400.1,395.7,400.8,19.02,16.15,15.07,20.04,846.622,84.662,0.90,41.5,1.79,475
JMS Industrial,TX-JMS,2026-03-12T22:58:14.187Z,403.7,397.3,399.9,19.24,17.38,16.83,21.40,925.333,92.533,0.88,60.7,1.30,452
EBOOT CNC,TX-EBOOT,2026-03-12T22:58:14.187Z,399.7,398.6,397.4,15.20,17.28,19.84,20.85,888.405,88.840,0.87,65.4,0.86,490
SARA Mill,TX-SARA,2026-03-12T22:58:14.187Z,397.0,401.5,402.6,16.05,18.97,19.73,21.93,955.019,95.502,0.87,67.1,1.00,470
Compressor Array,D-003,2026-03-12T22:58:14.187Z,395.3,397.9,395.7,15.94,15.75,18.39,19.84,848.276,84.828,0.94,60.3,2.04,457
JMS Industrial,TX-JMS,2026-03-12T23:03:14.187Z,403.1,395.6,398.1,16.11,15.54,18.79,20.12,927.010,92.701,0.94,47.8,1.60,407
EBOOT CNC,TX-EBOOT,2026-03-12T23:03:14.187Z,403.1,399.6,403.7,15.06,19.29,18.18,21.12,890.165,89.016,0.91,70.0,0.70,470
SARA Mill,TX-SARA,2026-03-12T23:03:14.187Z,395.0,401.2,402.6,19.84,18.74,19.10,23.04,956.939,95.694,0.93,68.3,1.43,472
Compressor Array,D-003,2026-03-12T23:03:14.187Z,399.0,397.8,396.0,17.51,19.60,15.95,21.10,850.034,85.003,0.90,53.7,0.71,442
JMS Industrial,TX-JMS,2026-03-12T23:08:14.187Z,404.4,395.8,402.2,19.82,17.66,19.70,22.93,928.921,92.892,0.91,50.6,1.59,456
EBOOT CNC,TX-EBOOT,2026-03-12T23:08:14.187Z,402.7,399.3,398.5,19.10,18.77,18.74,22.65,892.052,89.205,0.91,61.1,0.79,495
SARA Mill,TX-SARA,2026-03-12T23:08:14.187Z,403.9,398.2,400.5,17.42,16.67,17.33,20.62,958.658,95.866,0.86,58.8,1.42,482
Compressor Array,D-003,2026-03-12T23:08:14.187Z,399.7,404.4,401.3,17.75,15.63,15.13,19.49,851.657,85.166,0.93,54.2,1.07,493
JMS Industrial,TX-JMS,2026-03-12T23:13:14.187Z,398.0,401.8,405.0,19.55,15.17,17.38,20.91,930.663,93.066,0.92,42.9,1.99,418
EBOOT CNC,TX-EBOOT,2026-03-12T23:13:14.187Z,397.8,395.7,395.1,17.69,19.46,19.62,22.49,893.926,89.393,0.92,49.1,1.99,437
SARA Mill,TX-SARA,2026-03-12T23:13:14.187Z,402.2,396.0,404.7,17.46,19.76,16.34,21.46,960.446,96.045,0.87,51.3,1.38,479
Compressor Array,D-003,2026-03-12T23:13:14.187Z,398.0,396.8,403.5,19.80,16.95,15.05,20.68,853.381,85.338,0.86,63.3,1.94,456
JMS Industrial,TX-JMS,2026-03-12T23:18:14.187Z,404.4,399.5,404.4,17.65,18.92,16.91,21.53,932.458,93.246,0.93,40.8,2.12,429
EBOOT CNC,TX-EBOOT,2026-03-12T23:18:14.187Z,404.8,400.2,402.7,19.30,15.61,16.12,20.56,895.639,89.564,0.85,63.3,0.36,426
SARA Mill,TX-SARA,2026-03-12T23:18:14.187Z,400.5,403.2,398.2,15.19,18.28,16.92,20.19,962.128,96.213,0.94,59.5,0.70,466
Compressor Array,D-003,2026-03-12T23:18:14.187Z,395.2,399.6,396.9,15.41,16.81,19.78,20.66,855.102,85.510,0.91,54.6,1.11,409
JMS Industrial,TX-JMS,2026-03-12T23:23:14.187Z,402.1,399.6,399.0,19.07,18.08,15.34,21.02,934.209,93.421,0.92,49.6,0.31,463
EBOOT CNC,TX-EBOOT,2026-03-12T23:23:14.187Z,402.6,403.0,395.8,15.45,19.34,16.03,20.36,897.336,89.734,0.86,62.9,0.89,400
SARA Mill,TX-SARA,2026-03-12T23:23:14.187Z,395.8,396.0,398.3,18.92,16.11,19.05,21.45,963.916,96.392,0.86,62.4,1.47,436
Compressor Array,D-003,2026-03-12T23:23:14.187Z,398.3,403.8,395.5,19.33,17.00,18.19,21.76,856.915,85.692,0.88,52.6,1.80,428
JMS Industrial,TX-JMS,2026-03-12T23:28:14.187Z,398.6,402.3,398.3,17.69,16.00,16.17,19.93,935.869,93.587,0.91,54.0,1.25,492
EBOOT CNC,TX-EBOOT,2026-03-12T23:28:14.187Z,395.9,402.2,397.7,16.58,16.13,19.36,20.75,899.065,89.907,0.89,53.7,0.42,412
SARA Mill,TX-SARA,2026-03-12T23:28:14.187Z,399.6,402.9,397.1,17.39,19.29,16.79,21.39,965.698,96.570,0.91,62.0,1.07,490
Compressor Array,D-003,2026-03-12T23:28:14.187Z,403.0,398.5,399.1,16.30,15.86,16.84,19.61,858.550,85.855,0.93,42.7,0.63,468
JMS Industrial,TX-JMS,2026-03-12T23:33:14.187Z,403.9,401.9,401.9,19.24,17.95,16.44,21.60,937.669,93.767,0.90,67.2,0.72,471
EBOOT CNC,TX-EBOOT,2026-03-12T23:33:14.187Z,400.7,400.9,396.1,19.51,18.34,17.18,21.98,900.897,90.090,0.86,44.5,0.39,477
SARA Mill,TX-SARA,2026-03-12T23:33:14.187Z,395.7,398.1,403.0,18.41,15.04,16.73,20.02,967.367,96.737,0.92,47.5,1.20,411
Compressor Array,D-003,2026-03-12T23:33:14.187Z,397.8,403.1,403.3,18.38,19.35,17.47,22.16,860.396,86.040,0.87,58.6,1.51,412
JMS Industrial,TX-JMS,2026-03-12T23:38:14.187Z,395.4,397.6,403.2,18.10,17.55,18.79,21.71,939.478,93.948,0.91,60.4,2.10,402
EBOOT CNC,TX-EBOOT,2026-03-12T23:38:14.187Z,402.0,401.1,395.8,19.20,16.08,18.92,21.66,902.701,90.270,0.92,63.3,1.81,489
SARA Mill,TX-SARA,2026-03-12T23:38:14.187Z,400.4,397.2,401.1,18.64,16.38,15.30,20.10,969.042,96.904,0.91,67.9,1.67,489
Compressor Array,D-003,2026-03-12T23:38:14.187Z,404.3,395.6,395.7,18.30,17.31,19.96,22.15,862.242,86.224,0.86,44.8,1.91,415
JMS Industrial,TX-JMS,2026-03-12T23:43:14.187Z,400.4,403.9,397.3,18.05,19.06,18.11,22.12,941.322,94.132,0.95,67.1,0.74,434
EBOOT CNC,TX-EBOOT,2026-03-12T23:43:14.187Z,396.2,404.8,398.6,18.09,19.70,16.92,21.89,904.525,90.453,0.87,44.7,1.83,417
SARA Mill,TX-SARA,2026-03-12T23:43:14.187Z,399.7,400.6,401.6,17.07,16.01,15.72,19.55,970.671,97.067,0.92,69.9,1.18,442
Compressor Array,D-003,2026-03-12T23:43:14.187Z,404.2,398.8,403.7,15.49,15.93,17.14,19.53,863.870,86.387,0.92,55.3,1.41,417
JMS Industrial,TX-JMS,2026-03-12T23:48:14.187Z,400.8,403.8,402.2,18.52,17.22,16.25,20.91,943.064,94.306,0.95,59.6,0.63,425
EBOOT CNC,TX-EBOOT,2026-03-12T23:48:14.187Z,396.3,398.9,404.5,17.51,15.59,17.69,20.31,906.218,90.622,0.88,49.2,0.34,462
SARA Mill,TX-SARA,2026-03-12T23:48:14.187Z,401.6,395.9,401.4,18.89,18.93,16.04,21.52,972.464,97.246,0.87,64.3,1.77,457
Compressor Array,D-003,2026-03-12T23:48:14.187Z,401.9,398.6,401.5,16.27,17.66,16.90,20.36,865.566,86.557,0.89,55.8,1.53,461
JMS Industrial,TX-JMS,2026-03-12T23:53:14.187Z,398.1,400.7,398.7,15.54,18.11,17.33,20.35,944.760,94.476,0.89,65.3,0.49,409
EBOOT CNC,TX-EBOOT,2026-03-12T23:53:14.187Z,396.2,397.9,397.8,16.14,15.07,18.27,19.66,907.856,90.786,0.91,59.4,1.30,436
SARA Mill,TX-SARA,2026-03-12T23:53:14.187Z,398.7,397.8,398.3,16.34,15.28,16.09,19.00,974.048,97.405,0.88,61.7,2.20,469
Compressor Array,D-003,2026-03-12T23:53:14.187Z,396.0,395.7,403.7,15.64,15.50,18.93,19.97,867.230,86.723,0.86,58.2,0.37,449
JMS Industrial,TX-JMS,2026-03-12T23:58:14.187Z,403.0,400.3,397.0,15.22,19.07,15.06,19.75,946.406,94.641,0.90,43.6,1.23,486
EBOOT CNC,TX-EBOOT,2026-03-12T23:58:14.187Z,395.0,402.9,401.5,15.08,19.40,16.57,20.42,909.558,90.956,0.92,64.0,1.29,460
SARA Mill,TX-SARA,2026-03-12T23:58:14.187Z,404.2,402.1,400.6,17.48,16.70,19.92,21.76,975.861,97.586,0.87,43.9,1.87,496
Compressor Array,D-003,2026-03-12T23:58:14.187Z,399.2,398.4,396.7,17.99,16.45,17.82,20.80,868.964,86.896,0.89,41.0,1.23,479
JMS Industrial,TX-JMS,2026-03-13T00:03:14.187Z,399.5,400.7,398.9,15.45,15.47,15.33,18.49,947.946,94.795,0.88,47.1,0.96,405
EBOOT CNC,TX-EBOOT,2026-03-13T00:03:14.187Z,397.6,400.1,401.9,16.89,19.64,19.03,22.22,911.410,91.141,0.93,60.9,0.91,499
SARA Mill,TX-SARA,2026-03-13T00:03:14.187Z,400.2,403.6,402.5,17.92,17.57,15.84,20.64,977.581,97.758,0.92,44.0,0.37,435
Compressor Array,D-003,2026-03-13T00:03:14.187Z,396.7,400.3,398.5,15.75,17.59,17.06,20.09,870.638,87.064,0.93,61.7,0.63,407
JMS Industrial,TX-JMS,2026-03-13T00:08:14.187Z,404.3,402.8,404.9,16.09,17.17,17.12,20.36,949.643,94.964,0.87,62.9,1.37,444
EBOOT CNC,TX-EBOOT,2026-03-13T00:08:14.187Z,400.1,398.0,404.5,15.46,17.09,15.25,19.16,913.006,91.301,0.92,43.9,0.60,471
SARA Mill,TX-SARA,2026-03-13T00:08:14.187Z,403.0,404.5,401.9,15.41,17.67,18.19,20.66,979.303,97.930,0.89,44.1,0.22,472
Compressor Array,D-003,2026-03-13T00:08:14.187Z,401.9,397.0,400.5,19.79,17.12,18.44,22.14,872.482,87.248,0.89,62.8,1.96,480
JMS Industrial,TX-JMS,2026-03-13T00:13:14.187Z,396.5,400.2,401.7,16.75,16.99,16.19,19.94,951.305,95.130,0.87,64.9,0.29,499
EBOOT CNC,TX-EBOOT,2026-03-13T00:13:14.187Z,397.8,404.3,402.4,15.73,18.46,18.75,21.27,914.779,91.478,0.87,68.2,1.07,480
SARA Mill,TX-SARA,2026-03-13T00:13:14.187Z,400.2,403.4,398.1,16.59,18.15,15.05,19.95,980.966,98.097,0.86,43.6,0.78,432
Compressor Array,D-003,2026-03-13T00:13:14.187Z,402.5,404.9,401.6,18.01,17.13,18.75,21.71,874.292,87.429,0.88,60.9,1.94,423
JMS Industrial,TX-JMS,2026-03-13T00:18:14.187Z,395.7,398.9,401.6,17.45,19.60,15.10,20.79,953.037,95.304,0.87,67.7,0.83,411
EBOOT CNC,TX-EBOOT,2026-03-13T00:18:14.187Z,404.6,395.4,398.6,15.95,15.42,17.00,19.33,916.389,91.639,0.89,44.1,0.23,474
SARA Mill,TX-SARA,2026-03-13T00:18:14.187Z,399.7,404.2,395.8,18.18,16.74,17.08,20.79,982.698,98.270,0.89,69.9,0.94,415
Compressor Array,D-003,2026-03-13T00:18:14.187Z,397.4,396.0,398.1,19.98,18.48,17.35,22.17,876.139,87.614,0.93,44.5,0.56,487
JMS Industrial,TX-JMS,2026-03-13T00:23:14.187Z,396.1,397.6,398.8,17.08,16.73,18.71,20.88,954.777,95.478,0.94,52.1,1.62,415
EBOOT CNC,TX-EBOOT,2026-03-13T00:23:14.187Z,399.7,404.8,402.3,17.94,17.96,18.11,21.72,918.199,91.820,0.86,64.2,0.65,500
SARA Mill,TX-SARA,2026-03-13T00:23:14.187Z,401.3,400.8,404.5,17.51,18.59,16.53,21.17,984.462,98.446,0.95,60.2,1.99,484
Compressor Array,D-003,2026-03-13T00:23:14.187Z,403.8,396.4,398.3,17.44,18.77,19.06,22.07,877.979,87.798,0.94,55.5,1.12,443
JMS Industrial,TX-JMS,2026-03-13T00:28:14.187Z,399.8,399.1,404.4,17.31,16.13,16.06,19.86,956.432,95.643,0.92,63.4,1.75,433
EBOOT CNC,TX-EBOOT,2026-03-13T00:28:14.187Z,396.1,398.7,397.2,19.87,16.57,17.19,21.31,919.975,91.997,0.94,51.4,2.00,476
SARA Mill,TX-SARA,2026-03-13T00:28:14.187Z,397.6,395.1,399.8,17.17,19.77,18.11,21.88,986.285,98.629,0.88,56.1,0.34,474
Compressor Array,D-003,2026-03-13T00:28:14.187Z,399.0,396.1,403.5,17.85,18.67,18.12,21.83,879.798,87.980,0.90,58.4,1.91,435
JMS Industrial,TX-JMS,2026-03-13T00:33:14.187Z,396.7,400.9,404.4,18.55,16.66,18.98,21.71,958.241,95.824,0.88,68.7,1.25,476
EBOOT CNC,TX-EBOOT,2026-03-13T00:33:14.187Z,396.1,399.8,398.5,19.79,19.70,18.19,22.97,921.889,92.189,0.91,40.4,2.16,456
SARA Mill,TX-SARA,2026-03-13T00:33:14.187Z,400.6,397.1,398.4,15.29,15.06,16.56,18.70,987.844,98.784,0.94,54.7,2.00,466
Compressor Array,D-003,2026-03-13T00:33:14.187Z,398.4,400.5,399.7,19.58,18.31,19.04,22.75,881.694,88.169,0.90,63.8,0.76,492
JMS Industrial,TX-JMS,2026-03-13T00:38:14.187Z,402.7,396.8,402.9,19.65,15.64,18.83,21.71,960.050,96.005,0.90,42.3,1.43,474
EBOOT CNC,TX-EBOOT,2026-03-13T00:38:14.187Z,403.6,397.2,399.5,19.41,18.79,18.65,22.75,923.784,92.378,0.95,62.3,0.57,481
SARA Mill,TX-SARA,2026-03-13T00:38:14.187Z,404.9,401.5,397.0,16.33,19.58,17.39,21.38,989.625,98.963,0.92,66.1,0.84,489
Compressor Array,D-003,2026-03-13T00:38:14.187Z,402.3,396.9,396.5,15.02,17.88,19.84,21.01,883.444,88.344,0.88,40.1,0.62,461
JMS Industrial,TX-JMS,2026-03-13T00:43:14.187Z,399.8,397.3,402.2,19.75,17.35,15.61,21.07,961.806,96.181,0.85,67.7,1.60,462
EBOOT CNC,TX-EBOOT,2026-03-13T00:43:14.187Z,404.4,395.1,396.3,16.46,18.01,16.53,20.32,925.478,92.548,0.93,69.0,1.00,443
SARA Mill,TX-SARA,2026-03-13T00:43:14.187Z,396.6,397.4,395.4,15.63,19.11,19.53,21.52,991.418,99.142,0.93,41.1,0.36,494
Compressor Array,D-003,2026-03-13T00:43:14.187Z,404.3,395.7,397.8,15.02,18.90,17.92,20.68,885.168,88.517,0.89,58.7,1.92,438
JMS Industrial,TX-JMS,2026-03-13T00:48:14.187Z,398.2,403.5,399.6,18.42,19.55,16.17,21.68,963.613,96.361,0.89,64.1,2.15,422
EBOOT CNC,TX-EBOOT,2026-03-13T00:48:14.187Z,397.3,400.6,401.6,17.50,16.35,19.81,21.45,927.266,92.727,0.87,44.9,1.72,467
SARA Mill,TX-SARA,2026-03-13T00:48:14.187Z,397.3,400.6,400.2,17.80,19.65,18.36,22.29,993.276,99.328,0.95,56.0,0.65,450
Compressor Array,D-003,2026-03-13T00:48:14.187Z,395.9,402.5,404.9,18.35,16.48,16.97,20.77,886.898,88.690,0.92,63.3,1.35,478
JMS Industrial,TX-JMS,2026-03-13T00:53:14.187Z,398.6,395.2,404.8,16.17,15.81,17.48,19.76,965.260,96.526,0.87,63.0,1.99,494
EBOOT CNC,TX-EBOOT,2026-03-13T00:53:14.187Z,400.2,400.9,402.1,19.69,16.11,19.43,22.15,929.112,92.911,0.90,43.7,0.55,497
SARA Mill,TX-SARA,2026-03-13T00:53:14.187Z,401.8,397.6,404.7,15.50,18.61,16.82,20.44,994.979,99.498,0.87,53.8,1.84,404
Compressor Array,D-003,2026-03-13T00:53:14.187Z,401.4,397.3,397.7,18.22,19.49,15.44,21.20,888.665,88.867,0.87,68.9,1.47,494
JMS Industrial,TX-JMS,2026-03-13T00:58:14.187Z,398.1,399.3,401.8,15.24,16.45,16.51,19.27,966.865,96.687,0.89,55.1,1.74,405
EBOOT CNC,TX-EBOOT,2026-03-13T00:58:14.187Z,401.0,401.0,399.5,16.86,17.84,15.44,20.08,930.785,93.079,0.95,58.9,1.61,491
SARA Mill,TX-SARA,2026-03-13T00:58:14.187Z,396.2,404.3,398.5,15.32,19.84,16.25,20.57,996.693,99.669,0.90,49.8,0.84,420
Compressor Array,D-003,2026-03-13T00:58:14.187Z,395.3,404.2,399.3,19.14,19.93,19.03,23.22,890.600,89.060,0.88,55.1,2.06,405
JMS Industrial,TX-JMS,2026-03-13T01:03:14.187Z,404.9,404.5,397.2,15.77,18.25,17.28,20.63,968.585,96.858,0.85,53.9,1.66,427
EBOOT CNC,TX-EBOOT,2026-03-13T01:03:14.187Z,397.2,402.9,395.7,16.21,17.55,16.03,19.85,932.440,93.244,0.86,46.5,0.58,429
SARA Mill,TX-SARA,2026-03-13T01:03:14.187Z,398.3,404.7,403.7,19.39,19.45,19.19,23.35,998.638,99.864,0.92,49.7,0.24,475
Compressor Array,D-003,2026-03-13T01:03:14.187Z,402.0,398.9,404.4,16.40,19.85,18.33,21.92,892.427,89.243,0.93,63.9,2.06,440
JMS Industrial,TX-JMS,2026-03-13T01:08:14.187Z,401.7,401.1,403.5,17.79,16.84,15.01,19.96,970.248,97.025,0.93,54.0,1.00,449
EBOOT CNC,TX-EBOOT,2026-03-13T01:08:14.187Z,402.3,397.4,400.4,19.14,19.35,19.64,23.25,934.378,93.438,0.90,52.5,0.94,414
SARA Mill,TX-SARA,2026-03-13T01:08:14.187Z,397.4,400.6,401.2,17.07,15.05,16.19,19.31,1000.247,100.025,0.89,49.5,1.89,480
Compressor Array,D-003,2026-03-13T01:08:14.187Z,402.2,404.2,401.0,19.76,15.22,15.56,20.34,894.122,89.412,0.87,52.7,1.06,427
JMS Industrial,TX-JMS,2026-03-13T01:13:14.187Z,400.9,401.5,395.6,18.14,17.60,18.48,21.65,972.052,97.205,0.94,45.4,2.06,483
EBOOT CNC,TX-EBOOT,2026-03-13T01:13:14.187Z,404.8,404.0,395.5,16.04,17.82,19.64,21.46,936.166,93.617,0.86,52.3,0.82,477
SARA Mill,TX-SARA,2026-03-13T01:13:14.187Z,404.3,396.6,398.6,19.01,19.28,17.20,22.19,1002.097,100.210,0.95,63.5,2.07,467
Compressor Array,D-003,2026-03-13T01:13:14.187Z,398.5,399.8,401.1,19.67,18.77,15.31,21.48,895.913,89.591,0.86,65.0,0.52,482
JMS Industrial,TX-JMS,2026-03-13T01:18:14.187Z,396.0,403.0,403.9,17.26,17.89,19.98,22.12,973.895,97.390,0.91,42.8,0.24,414
EBOOT CNC,TX-EBOOT,2026-03-13T01:18:14.187Z,404.0,404.6,396.4,19.52,19.49,19.45,23.48,938.122,93.812,0.91,50.4,2.02,431
SARA Mill,TX-SARA,2026-03-13T01:18:14.187Z,400.4,395.7,400.2,17.95,19.50,19.37,22.66,1003.985,100.398,0.89,57.5,1.90,495
Compressor Array,D-003,2026-03-13T01:18:14.187Z,399.5,399.6,395.1,18.11,16.69,16.66,20.49,897.620,89.762,0.90,41.0,0.78,494
JMS Industrial,TX-JMS,2026-03-13T01:23:14.187Z,397.8,404.9,403.5,16.40,17.41,16.59,20.27,975.584,97.558,0.95,45.4,1.76,460
EBOOT CNC,TX-EBOOT,2026-03-13T01:23:14.187Z,395.4,397.9,400.7,17.47,15.08,15.27,19.03,939.708,93.971,0.86,45.2,0.30,484
SARA Mill,TX-SARA,2026-03-13T01:23:14.187Z,398.1,397.3,401.7,19.94,15.79,17.08,21.08,1005.741,100.574,0.87,65.7,1.79,431
Compressor Array,D-003,2026-03-13T01:23:14.187Z,396.9,395.4,395.1,18.62,18.53,15.84,20.98,899.368,89.937,0.93,46.2,0.43,445
JMS Industrial,TX-JMS,2026-03-13T01:28:14.187Z,400.5,400.2,399.0,19.36,18.00,15.92,21.31,977.360,97.736,0.94,44.5,2.02,468
EBOOT CNC,TX-EBOOT,2026-03-13T01:28:14.187Z,402.9,402.2,396.9,19.17,16.63,18.57,21.78,941.524,94.152,0.92,67.4,0.39,497
SARA Mill,TX-SARA,2026-03-13T01:28:14.187Z,395.8,395.3,397.0,17.77,15.78,18.75,20.71,1007.467,100.747,0.90,53.5,1.64,480
Compressor Array,D-003,2026-03-13T01:28:14.187Z,402.6,399.8,403.2,17.13,16.25,19.75,21.36,901.148,90.115,0.91,58.3,1.76,496
JMS Industrial,TX-JMS,2026-03-13T01:33:14.187Z,400.6,403.2,396.9,17.07,15.59,18.96,20.65,979.081,97.908,0.93,65.4,1.47,489
EBOOT CNC,TX-EBOOT,2026-03-13T01:33:14.187Z,396.7,398.0,404.7,16.25,17.25,16.80,20.11,943.199,94.320,0.86,64.3,0.43,441
SARA Mill,TX-SARA,2026-03-13T01:33:14.187Z,402.9,402.0,398.2,17.63,17.93,19.53,22.09,1009.308,100.931,0.90,68.9,0.49,441
Compressor Array,D-003,2026-03-13T01:33:14.187Z,403.6,395.4,402.2,18.82,15.26,18.19,20.95,902.894,90.289,0.90,52.7,0.46,428
JMS Industrial,TX-JMS,2026-03-13T01:38:14.187Z,397.2,403.2,404.7,18.57,16.26,19.47,21.81,980.898,98.090,0.91,50.2,0.41,425
EBOOT CNC,TX-EBOOT,2026-03-13T01:38:14.187Z,403.7,404.6,397.6,16.28,18.57,17.80,21.16,944.963,94.496,0.94,61.4,0.66,497
SARA Mill,TX-SARA,2026-03-13T01:38:14.187Z,399.7,404.1,403.4,17.87,18.30,17.74,21.70,1011.116,101.112,0.90,63.7,1.09,466
Compressor Array,D-003,2026-03-13T01:38:14.187Z,404.6,397.3,401.1,18.46,15.85,15.64,20.04,904.564,90.456,0.91,69.1,0.74,401
JMS Industrial,TX-JMS,2026-03-13T01:43:14.187Z,403.8,400.6,404.2,17.38,18.00,15.51,20.50,982.607,98.261,0.95,55.8,0.25,454
EBOOT CNC,TX-EBOOT,2026-03-13T01:43:14.187Z,403.5,398.2,399.2,15.61,17.42,15.21,19.31,946.572,94.657,0.95,41.9,1.20,422
SARA Mill,TX-SARA,2026-03-13T01:43:14.187Z,396.6,398.5,400.9,16.46,18.72,15.33,20.14,1012.794,101.279,0.85,48.9,1.05,479
Compressor Array,D-003,2026-03-13T01:43:14.187Z,402.6,398.7,398.1,18.53,18.11,19.16,22.31,906.423,90.642,0.91,61.5,0.60,450
JMS Industrial,TX-JMS,2026-03-13T01:48:14.187Z,402.9,401.8,403.4,19.07,15.42,17.86,21.09,984.364,98.436,0.87,68.1,0.95,448
EBOOT CNC,TX-EBOOT,2026-03-13T01:48:14.187Z,400.5,401.8,404.3,18.82,15.16,19.75,21.61,948.373,94.837,0.88,42.4,1.41,421
SARA Mill,TX-SARA,2026-03-13T01:48:14.187Z,396.4,396.7,399.8,17.67,19.68,19.77,22.71,1014.686,101.469,0.88,52.7,1.33,470
Compressor Array,D-003,2026-03-13T01:48:14.187Z,396.7,399.8,401.7,15.93,16.09,17.65,19.84,908.076,90.808,0.91,62.6,0.48,470
JMS Industrial,TX-JMS,2026-03-13T01:53:14.187Z,396.4,402.7,400.4,16.77,17.37,16.92,20.42,986.065,98.607,0.89,48.8,0.68,405
EBOOT CNC,TX-EBOOT,2026-03-13T01:53:14.187Z,397.0,396.7,399.5,19.56,15.76,16.95,20.79,950.105,95.011,0.87,45.8,1.49,403
SARA Mill,TX-SARA,2026-03-13T01:53:14.187Z,395.7,398.5,397.4,16.14,18.29,19.01,21.23,1016.456,101.646,0.85,52.2,0.46,461
Compressor Array,D-003,2026-03-13T01:53:14.187Z,397.4,396.4,398.0,18.75,19.23,16.73,21.74,909.887,90.989,0.89,55.4,0.56,431
JMS Industrial,TX-JMS,2026-03-13T01:58:14.187Z,399.3,395.2,402.8,18.53,18.94,16.69,21.60,987.865,98.787,0.90,42.3,1.15,467
EBOOT CNC,TX-EBOOT,2026-03-13T01:58:14.187Z,404.7,399.3,401.1,15.12,16.38,17.68,19.75,951.751,95.175,0.93,53.6,1.79,439
SARA Mill,TX-SARA,2026-03-13T01:58:14.187Z,399.7,403.2,403.4,16.57,17.05,17.07,20.38,1018.154,101.815,0.94,46.5,0.24,414
Compressor Array,D-003,2026-03-13T01:58:14.187Z,399.4,404.5,395.2,19.27,15.71,19.38,21.71,911.696,91.170,0.85,40.6,1.32,495
JMS Industrial,TX-JMS,2026-03-13T02:03:14.187Z,397.7,404.8,399.1,16.48,18.98,18.41,21.59,989.664,98.966,0.88,66.1,0.33,414
EBOOT CNC,TX-EBOOT,2026-03-13T02:03:14.187Z,395.2,400.6,399.0,18.29,16.55,15.82,20.17,953.432,95.343,0.85,42.9,0.64,465
SARA Mill,TX-SARA,2026-03-13T02:03:14.187Z,397.1,402.9,402.2,16.67,19.32,19.86,22.39,1020.020,102.002,0.88,54.4,0.75,481
Compressor Array,D-003,2026-03-13T02:03:14.187Z,399.9,399.1,402.7,17.01,17.35,17.59,20.81,913.431,91.343,0.88,46.9,1.07,436
JMS Industrial,TX-JMS,2026-03-13T02:08:14.187Z,396.0,396.0,404.2,19.89,17.37,16.83,21.56,991.461,99.146,0.93,61.1,0.52,406
EBOOT CNC,TX-EBOOT,2026-03-13T02:08:14.187Z,404.5,403.3,403.5,15.15,15.57,19.01,20.08,955.105,95.510,0.89,52.8,0.88,420
SARA Mill,TX-SARA,2026-03-13T02:08:14.187Z,403.7,401.1,402.1,19.09,19.76,15.78,21.98,1021.851,102.185,0.89,58.9,1.75,450
Compressor Array,D-003,2026-03-13T02:08:14.187Z,401.6,396.6,395.7,16.86,16.92,19.10,21.04,915.184,91.518,0.86,41.3,1.34,406
JMS Industrial,TX-JMS,2026-03-13T02:13:14.187Z,404.6,399.8,397.4,15.05,15.03,17.23,18.95,993.040,99.304,0.91,58.5,1.20,417
EBOOT CNC,TX-EBOOT,2026-03-13T02:13:14.187Z,403.7,400.9,395.8,18.97,18.13,16.80,21.58,956.903,95.690,0.92,48.8,1.97,468
SARA Mill,TX-SARA,2026-03-13T02:13:14.187Z,403.2,404.5,396.8,16.63,18.52,19.53,21.95,1023.680,102.368,0.86,50.1,0.27,430
Compressor Array,D-003,2026-03-13T02:13:14.187Z,399.3,395.5,397.4,16.48,15.60,18.85,20.24,916.870,91.687,0.91,59.7,0.93,468
JMS Industrial,TX-JMS,2026-03-13T02:18:14.187Z,403.5,400.0,401.4,19.64,15.24,16.24,20.54,994.751,99.475,0.86,54.9,0.94,466
EBOOT CNC,TX-EBOOT,2026-03-13T02:18:14.187Z,402.2,399.0,401.7,15.88,16.88,17.70,20.23,958.589,95.859,0.92,56.6,1.77,500
SARA Mill,TX-SARA,2026-03-13T02:18:14.187Z,403.6,404.0,401.7,16.04,16.83,18.83,20.84,1025.416,102.542,0.92,63.5,0.69,424
Compressor Array,D-003,2026-03-13T02:18:14.187Z,404.3,404.1,404.5,18.36,15.54,16.78,20.49,918.578,91.858,0.86,56.9,2.11,498
JMS Industrial,TX-JMS,2026-03-13T02:23:14.187Z,397.5,402.0,401.1,18.55,19.15,19.41,22.86,996.656,99.666,0.95,60.3,2.09,486
EBOOT CNC,TX-EBOOT,2026-03-13T02:23:14.187Z,403.4,404.0,404.9,16.07,17.76,16.54,20.35,960.285,96.028,0.86,42.5,0.29,468
SARA Mill,TX-SARA,2026-03-13T02:23:14.187Z,401.3,396.9,401.4,19.13,15.44,16.93,20.60,1027.133,102.713,0.86,54.1,1.24,442
Compressor Array,D-003,2026-03-13T02:23:14.187Z,404.7,396.2,399.5,19.95,19.99,19.57,23.81,920.562,92.056,0.89,66.2,1.43,436
JMS Industrial,TX-JMS,2026-03-13T02:28:14.187Z,396.9,395.2,399.5,17.48,18.21,15.46,20.31,998.349,99.835,0.91,64.0,0.87,424
EBOOT CNC,TX-EBOOT,2026-03-13T02:28:14.187Z,396.8,401.3,400.2,18.27,17.51,16.87,21.03,962.037,96.204,0.86,65.9,0.86,402
SARA Mill,TX-SARA,2026-03-13T02:28:14.187Z,402.2,399.7,399.1,18.16,17.54,15.25,20.40,1028.833,102.883,0.93,45.0,0.63,433
Compressor Array,D-003,2026-03-13T02:28:14.187Z,402.8,396.7,397.0,15.90,18.77,17.47,20.78,922.294,92.229,0.93,63.1,0.31,487
JMS Industrial,TX-JMS,2026-03-13T02:33:14.187Z,399.3,403.9,402.1,18.42,16.69,16.47,20.72,1000.075,100.008,0.92,58.2,1.37,402
EBOOT CNC,TX-EBOOT,2026-03-13T02:33:14.187Z,395.8,397.9,405.0,18.54,16.94,15.59,20.39,963.736,96.374,0.91,52.1,0.59,408
SARA Mill,TX-SARA,2026-03-13T02:33:14.187Z,397.0,396.2,402.8,18.06,18.84,17.20,21.56,1030.630,103.063,0.86,55.2,0.88,437
Compressor Array,D-003,2026-03-13T02:33:14.187Z,398.4,402.9,395.2,17.33,15.72,16.53,19.77,923.941,92.394,0.93,41.0,0.46,436
JMS Industrial,TX-JMS,2026-03-13T02:38:14.187Z,402.7,399.6,398.9,15.62,15.79,16.86,19.33,1001.686,100.169,0.91,51.4,0.24,421
EBOOT CNC,TX-EBOOT,2026-03-13T02:38:14.187Z,400.1,398.5,395.4,17.27,18.23,16.66,20.76,965.467,96.547,0.93,60.4,1.08,442
SARA Mill,TX-SARA,2026-03-13T02:38:14.187Z,398.2,397.4,396.9,18.07,18.27,15.40,20.57,1032.344,103.234,0.93,47.9,1.31,453
Compressor Array,D-003,2026-03-13T02:38:14.187Z,403.4,404.4,401.9,18.56,16.24,19.59,21.93,925.769,92.577,0.91,56.7,1.72,447
JMS Industrial,TX-JMS,2026-03-13T02:43:14.187Z,395.6,397.1,398.0,18.05,16.30,15.10,19.63,1003.321,100.332,0.87,43.6,1.40,435
EBOOT CNC,TX-EBOOT,2026-03-13T02:43:14.187Z,397.8,400.8,403.0,16.31,19.99,19.59,22.39,967.333,96.733,0.94,55.7,2.02,433
SARA Mill,TX-SARA,2026-03-13T02:43:14.187Z,399.1,403.8,399.5,15.43,19.70,18.48,21.49,1034.135,103.413,0.87,64.3,0.85,420
Compressor Array,D-003,2026-03-13T02:43:14.187Z,403.6,396.3,400.6,16.44,16.34,18.88,20.68,927.492,92.749,0.93,52.3,1.30,437
JMS Industrial,TX-JMS,2026-03-13T02:48:14.187Z,396.9,402.4,404.5,16.31,19.99,19.68,22.48,1005.195,100.519,0.95,50.9,0.46,408
EBOOT CNC,TX-EBOOT,2026-03-13T02:48:14.187Z,402.2,403.9,395.6,19.15,16.68,16.00,20.77,969.064,96.906,0.92,57.3,1.67,415
SARA Mill,TX-SARA,2026-03-13T02:48:14.187Z,397.1,396.7,397.1,17.55,18.60,19.49,22.08,1035.975,103.598,0.94,66.0,2.08,465
Compressor Array,D-003,2026-03-13T02:48:14.187Z,396.2,401.4,401.0,15.92,17.90,16.88,20.26,929.180,92.918,0.91,54.1,0.67,489
JMS Industrial,TX-JMS,2026-03-13T02:53:14.187Z,403.5,401.3,402.3,16.22,18.53,19.43,21.80,1007.011,100.701,0.88,53.4,0.34,459
EBOOT CNC,TX-EBOOT,2026-03-13T02:53:14.187Z,396.6,402.5,398.8,16.34,17.88,17.45,20.63,970.783,97.078,0.85,69.2,1.98,434
SARA Mill,TX-SARA,2026-03-13T02:53:14.187Z,396.7,404.0,402.6,16.93,16.01,17.14,20.08,1037.649,103.765,0.94,60.4,0.83,426
Compressor Array,D-003,2026-03-13T02:53:14.187Z,402.5,400.1,395.9,18.54,19.84,19.67,23.19,931.112,93.111,0.92,57.5,0.73,417
JMS Industrial,TX-JMS,2026-03-13T02:58:14.187Z,398.7,401.8,401.3,19.65,18.22,19.55,23.00,1008.928,100.893,0.92,52.1,0.32,484
EBOOT CNC,TX-EBOOT,2026-03-13T02:58:14.187Z,403.6,401.1,403.6,17.66,15.43,17.51,20.38,972.482,97.248,0.92,58.0,0.91,450
SARA Mill,TX-SARA,2026-03-13T02:58:14.187Z,397.7,403.5,397.8,16.68,16.38,18.52,20.61,1039.366,103.937,0.86,43.9,1.09,453
Compressor Array,D-003,2026-03-13T02:58:14.187Z,399.3,397.2,400.7,17.67,19.56,17.34,21.78,932.927,93.293,0.94,68.9,1.98,452
JMS Industrial,TX-JMS,2026-03-13T03:03:14.187Z,397.9,395.5,395.5,16.09,19.76,15.21,20.23,1010.614,101.061,0.91,59.5,1.55,414
EBOOT CNC,TX-EBOOT,2026-03-13T03:03:14.187Z,397.0,404.7,400.5,17.51,19.41,15.52,21.02,974.233,97.423,0.92,41.4,2.17,428
SARA Mill,TX-SARA,2026-03-13T03:03:14.187Z,400.0,397.5,396.2,17.03,16.97,16.85,20.23,1041.053,104.105,0.86,69.1,0.65,421
Compressor Array,D-003,2026-03-13T03:03:14.187Z,401.1,400.9,395.9,16.75,19.20,16.70,21.03,934.679,93.468,0.92,60.7,1.51,417
JMS Industrial,TX-JMS,2026-03-13T03:08:14.187Z,404.5,404.1,402.1,15.19,16.75,17.20,19.83,1012.267,101.227,0.93,60.9,2.05,462
EBOOT CNC,TX-EBOOT,2026-03-13T03:08:14.187Z,402.6,397.4,399.3,19.32,17.11,19.47,22.35,976.096,97.610,0.90,45.1,1.09,435
SARA Mill,TX-SARA,2026-03-13T03:08:14.187Z,395.0,402.7,397.0,15.35,17.49,19.14,20.71,1042.778,104.278,0.90,69.2,0.21,447
Compressor Array,D-003,2026-03-13T03:08:14.187Z,395.9,399.0,400.3,18.35,19.61,17.60,22.13,936.524,93.652,0.92,67.6,0.91,440
JMS Industrial,TX-JMS,2026-03-13T03:13:14.187Z,404.4,402.0,397.5,18.30,18.35,19.89,22.68,1014.157,101.416,0.92,62.2,1.90,449
EBOOT CNC,TX-EBOOT,2026-03-13T03:13:14.187Z,401.8,404.0,400.1,19.41,18.29,17.64,22.24,977.950,97.795,0.87,52.4,1.76,439
SARA Mill,TX-SARA,2026-03-13T03:13:14.187Z,404.3,398.4,400.5,18.75,17.81,15.24,20.78,1044.510,104.451,0.93,50.5,0.68,419
Compressor Array,D-003,2026-03-13T03:13:14.187Z,395.5,398.5,397.2,16.05,19.75,15.61,20.42,938.226,93.823,0.88,42.9,1.93,449
JMS Industrial,TX-JMS,2026-03-13T03:18:14.187Z,400.8,404.2,396.3,18.78,15.85,19.86,21.80,1015.974,101.597,0.91,40.7,2.17,440
EBOOT CNC,TX-EBOOT,2026-03-13T03:18:14.187Z,401.5,404.8,401.5,15.31,16.07,18.18,19.95,979.612,97.961,0.86,51.4,1.77,476
SARA Mill,TX-SARA,2026-03-13T03:18:14.187Z,403.3,397.5,399.8,17.35,15.50,15.01,19.16,1046.107,104.611,0.95,60.6,0.36,438
Compressor Array,D-003,2026-03-13T03:18:14.187Z,400.8,404.1,404.7,17.75,18.92,17.92,22.01,940.060,94.006,0.88,57.4,0.63,498
JMS Industrial,TX-JMS,2026-03-13T03:23:14.187Z,402.4,398.5,400.3,18.70,19.35,17.57,22.27,1017.830,101.783,0.89,44.1,1.19,462
EBOOT CNC,TX-EBOOT,2026-03-13T03:23:14.187Z,397.1,403.3,399.9,17.68,15.96,17.60,20.49,981.320,98.132,0.86,45.1,2.01,403
SARA Mill,TX-SARA,2026-03-13T03:23:14.187Z,401.3,404.1,400.1,16.46,19.49,19.18,22.15,1047.953,104.795,0.94,60.9,0.96,490
Compressor Array,D-003,2026-03-13T03:23:14.187Z,403.7,404.4,400.4,15.78,15.77,19.17,20.42,941.762,94.176,0.86,41.2,0.43,438
JMS Industrial,TX-JMS,2026-03-13T03:28:14.187Z,398.4,400.6,398.3,19.23,18.44,17.07,21.85,1019.650,101.965,0.88,62.2,1.94,466
EBOOT CNC,TX-EBOOT,2026-03-13T03:28:14.187Z,396.6,400.4,398.7,16.43,15.47,16.60,19.33,982.931,98.293,0.93,69.1,0.28,475
SARA Mill,TX-SARA,2026-03-13T03:28:14.187Z,404.0,403.8,398.4,19.14,17.63,16.94,21.60,1049.753,104.975,0.86,45.1,0.58,461
Compressor Array,D-003,2026-03-13T03:28:14.187Z,404.1,399.9,396.6,18.90,18.50,18.82,22.50,943.637,94.364,0.86,52.7,0.72,467
JMS Industrial,TX-JMS,2026-03-13T03:33:14.187Z,399.9,397.3,395.8,18.52,19.80,16.18,21.67,1021.456,102.146,0.92,66.4,0.88,472
EBOOT CNC,TX-EBOOT,2026-03-13T03:33:14.187Z,400.4,399.1,398.8,15.69,16.30,17.52,19.78,984.579,98.458,0.86,62.9,1.86,410
SARA Mill,TX-SARA,2026-03-13T03:33:14.187Z,402.1,400.7,399.3,18.45,19.76,17.27,22.23,1051.605,105.161,0.92,61.4,1.08,432
Compressor Array,D-003,2026-03-13T03:33:14.187Z,399.4,402.5,400.5,16.64,19.95,17.50,21.68,945.444,94.544,0.89,59.2,2.05,425
JMS Industrial,TX-JMS,2026-03-13T03:38:14.187Z,399.8,398.2,399.4,16.16,19.14,15.15,20.14,1023.135,102.313,0.89,67.0,0.89,473
EBOOT CNC,TX-EBOOT,2026-03-13T03:38:14.187Z,402.1,401.2,400.4,18.49,19.95,16.74,22.14,986.424,98.642,0.93,54.6,1.40,494
SARA Mill,TX-SARA,2026-03-13T03:38:14.187Z,398.0,399.0,404.6,15.01,15.66,18.91,19.87,1053.261,105.326,0.88,57.6,0.28,461
Compressor Array,D-003,2026-03-13T03:38:14.187Z,396.5,401.3,400.6,17.31,17.91,18.54,21.48,947.233,94.723,0.88,48.1,2.02,482
JMS Industrial,TX-JMS,2026-03-13T03:43:14.187Z,398.2,401.0,399.9,19.70,15.21,18.17,21.21,1024.902,102.490,0.92,46.2,2.15,490
EBOOT CNC,TX-EBOOT,2026-03-13T03:43:14.187Z,401.9,398.6,402.5,17.48,16.76,17.94,20.93,988.168,98.817,0.89,66.7,0.86,489
SARA Mill,TX-SARA,2026-03-13T03:43:14.187Z,402.4,398.5,399.6,19.85,17.33,19.80,22.81,1055.162,105.516,0.93,67.9,0.20,477
Compressor Array,D-003,2026-03-13T03:43:14.187Z,397.6,402.7,403.3,17.35,18.46,17.52,21.40,949.016,94.902,0.87,52.8,0.73,406
JMS Industrial,TX-JMS,2026-03-13T03:48:14.187Z,404.6,400.9,397.2,18.48,15.25,18.93,21.11,1026.661,102.666,0.90,61.5,0.60,462
EBOOT CNC,TX-EBOOT,2026-03-13T03:48:14.187Z,395.1,401.8,397.8,19.13,19.34,17.63,22.35,990.030,99.003,0.88,63.1,1.41,453
SARA Mill,TX-SARA,2026-03-13T03:48:14.187Z,402.8,395.1,402.6,16.48,16.38,18.55,20.58,1056.877,105.688,0.90,53.7,1.90,420
Compressor Array,D-003,2026-03-13T03:48:14.187Z,398.2,402.3,398.5,17.50,16.66,18.71,21.13,950.777,95.078,0.91,53.7,0.87,460
JMS Industrial,TX-JMS,2026-03-13T03:53:14.187Z,398.9,395.7,396.3,17.72,16.24,15.80,19.75,1028.307,102.831,0.88,45.6,2.18,404
EBOOT CNC,TX-EBOOT,2026-03-13T03:53:14.187Z,401.0,399.4,403.5,16.43,15.08,18.77,20.18,991.712,99.171,0.88,48.1,1.74,454
SARA Mill,TX-SARA,2026-03-13T03:53:14.187Z,399.5,401.6,395.5,17.05,19.56,19.57,22.41,1058.744,105.874,0.92,50.9,1.75,447
Compressor Array,D-003,2026-03-13T03:53:14.187Z,400.9,399.1,396.9,15.43,18.09,19.30,21.07,952.533,95.253,0.88,49.5,1.12,437
JMS Industrial,TX-JMS,2026-03-13T03:58:14.187Z,403.8,403.0,401.0,16.66,19.26,17.17,21.38,1030.089,103.009,0.91,52.9,0.49,467
EBOOT CNC,TX-EBOOT,2026-03-13T03:58:14.187Z,404.3,404.6,402.5,15.04,19.13,19.70,21.75,993.525,99.353,0.89,51.4,0.46,492
SARA Mill,TX-SARA,2026-03-13T03:58:14.187Z,398.0,399.7,403.4,15.19,17.98,19.47,21.09,1060.501,106.050,0.93,68.5,0.49,413
Compressor Array,D-003,2026-03-13T03:58:14.187Z,396.1,397.0,395.4,16.59,16.33,19.33,20.70,954.257,95.426,0.95,50.0,0.87,479
JMS Industrial,TX-JMS,2026-03-13T04:03:14.187Z,400.1,399.9,395.0,19.88,19.71,16.39,22.31,1031.948,103.195,0.85,50.2,1.10,441
EBOOT CNC,TX-EBOOT,2026-03-13T04:03:14.187Z,404.8,397.3,396.4,16.57,15.23,15.37,18.85,995.096,99.510,0.89,52.2,1.24,455
SARA Mill,TX-SARA,2026-03-13T04:03:14.187Z,396.1,398.8,403.9,17.64,18.60,16.78,21.18,1062.266,106.227,0.87,49.3,2.13,430
Compressor Array,D-003,2026-03-13T04:03:14.187Z,396.4,397.1,403.6,17.24,15.55,19.08,20.71,955.983,95.598,0.93,52.4,1.71,494
JMS Industrial,TX-JMS,2026-03-13T04:08:14.187Z,400.4,400.2,403.7,18.13,18.87,18.04,22.09,1033.789,103.379,0.87,64.3,0.69,481
EBOOT CNC,TX-EBOOT,2026-03-13T04:08:14.187Z,396.9,396.4,402.8,17.56,15.80,16.57,19.91,996.755,99.676,0.86,61.5,1.18,438
SARA Mill,TX-SARA,2026-03-13T04:08:14.187Z,396.2,396.5,396.6,15.26,18.58,17.56,20.38,1063.965,106.396,0.85,50.9,1.19,408
Compressor Array,D-003,2026-03-13T04:08:14.187Z,395.6,402.5,404.6,18.97,16.24,19.16,21.79,957.799,95.780,0.95,54.2,1.39,401
JMS Industrial,TX-JMS,2026-03-13T04:13:14.187Z,396.8,399.5,396.9,15.12,16.95,19.55,20.53,1035.500,103.550,0.95,44.6,1.07,468
EBOOT CNC,TX-EBOOT,2026-03-13T04:13:14.187Z,404.6,397.8,404.6,15.42,18.87,18.80,21.35,998.534,99.853,0.88,49.1,1.47,411
SARA Mill,TX-SARA,2026-03-13T04:13:14.187Z,403.2,399.3,402.4,18.88,15.95,19.95,22.00,1065.798,106.580,0.88,64.3,1.83,424
Compressor Array,D-003,2026-03-13T04:13:14.187Z,403.0,395.9,402.9,16.84,17.99,18.08,21.19,959.565,95.957,0.90,43.2,2.15,445
JMS Industrial,TX-JMS,2026-03-13T04:18:14.187Z,396.5,397.2,403.7,17.69,17.41,15.43,20.16,1037.180,103.718,0.92,45.9,1.85,438
EBOOT CNC,TX-EBOOT,2026-03-13T04:18:14.187Z,398.4,402.7,401.5,17.56,19.53,18.90,22.45,1000.405,100.041,0.90,66.1,1.20,422
SARA Mill,TX-SARA,2026-03-13T04:18:14.187Z,402.0,398.9,404.9,16.93,15.21,17.35,19.90,1067.457,106.746,0.90,69.2,0.65,446
Compressor Array,D-003,2026-03-13T04:18:14.187Z,403.6,395.3,397.9,15.25,17.36,19.04,20.59,961.281,96.128,0.86,44.3,1.28,493
JMS Industrial,TX-JMS,2026-03-13T04:23:14.187Z,398.1,404.4,399.8,19.69,16.72,19.83,22.53,1039.057,103.906,0.90,64.0,0.63,403
EBOOT CNC,TX-EBOOT,2026-03-13T04:23:14.187Z,402.9,400.2,399.1,18.77,16.94,17.49,21.32,1002.182,100.218,0.93,49.9,0.49,483
SARA Mill,TX-SARA,2026-03-13T04:23:14.187Z,396.8,400.2,403.2,15.71,16.81,19.69,20.90,1069.199,106.920,0.93,49.5,0.96,424
Compressor Array,D-003,2026-03-13T04:23:14.187Z,395.6,404.6,395.5,17.66,18.37,15.48,20.54,962.993,96.299,0.90,43.6,0.50,494
JMS Industrial,TX-JMS,2026-03-13T04:28:14.187Z,403.9,397.6,399.3,19.05,15.16,16.98,20.50,1040.766,104.077,0.86,59.3,0.37,470
EBOOT CNC,TX-EBOOT,2026-03-13T04:28:14.187Z,401.8,403.4,399.1,17.24,15.50,19.82,21.09,1003.940,100.394,0.89,63.8,1.36,418
SARA Mill,TX-SARA,2026-03-13T04:28:14.187Z,399.5,403.8,401.6,16.75,17.41,17.64,20.81,1070.933,107.093,0.87,50.3,0.26,491
Compressor Array,D-003,2026-03-13T04:28:14.187Z,395.5,395.3,400.9,18.28,16.95,18.42,21.32,964.770,96.477,0.89,48.5,1.22,439
JMS Industrial,TX-JMS,2026-03-13T04:33:14.187Z,397.0,404.8,398.8,17.90,16.52,18.20,21.05,1042.520,104.252,0.92,42.4,1.73,445
EBOOT CNC,TX-EBOOT,2026-03-13T04:33:14.187Z,395.3,396.0,403.7,19.25,16.67,15.44,20.44,1005.643,100.564,0.92,65.7,1.52,433
SARA Mill,TX-SARA,2026-03-13T04:33:14.187Z,404.8,396.9,401.4,15.37,17.36,17.06,19.96,1072.596,107.260,0.94,44.1,2.07,428
Compressor Array,D-003,2026-03-13T04:33:14.187Z,398.3,397.4,399.7,16.34,19.92,19.43,22.19,966.619,96.662,0.94,57.1,0.52,432
JMS Industrial,TX-JMS,2026-03-13T04:38:14.187Z,399.5,402.2,401.8,18.42,17.14,16.45,20.86,1044.259,104.426,0.94,60.3,1.38,436
EBOOT CNC,TX-EBOOT,2026-03-13T04:38:14.187Z,403.7,399.6,402.4,15.25,16.05,19.63,20.47,1007.349,100.735,0.91,50.5,1.26,453
SARA Mill,TX-SARA,2026-03-13T04:38:14.187Z,396.9,401.6,404.5,19.63,15.33,19.77,21.94,1074.424,107.442,0.89,69.1,0.53,487
Compressor Array,D-003,2026-03-13T04:38:14.187Z,401.6,402.5,399.1,16.76,15.33,17.09,19.72,968.262,96.826,0.88,52.7,1.32,481
JMS Industrial,TX-JMS,2026-03-13T04:43:14.187Z,398.0,402.6,401.5,17.69,17.27,16.76,20.72,1045.985,104.599,0.86,56.1,0.66,420
EBOOT CNC,TX-EBOOT,2026-03-13T04:43:14.187Z,397.1,395.2,397.3,17.43,16.40,15.93,19.73,1008.993,100.899,0.87,49.2,1.50,489
SARA Mill,TX-SARA,2026-03-13T04:43:14.187Z,400.0,402.5,397.6,19.91,19.87,17.86,23.06,1076.346,107.635,0.90,63.0,1.21,451
Compressor Array,D-003,2026-03-13T04:43:14.187Z,402.2,404.3,395.6,17.74,15.97,19.67,21.37,970.043,97.004,0.86,44.0,0.93,404
JMS Industrial,TX-JMS,2026-03-13T04:48:14.187Z,403.0,402.6,401.8,15.42,19.63,16.31,20.67,1047.708,104.771,0.91,67.3,1.88,488
EBOOT CNC,TX-EBOOT,2026-03-13T04:48:14.187Z,395.6,401.5,403.6,16.41,16.03,18.74,20.49,1010.701,101.070,0.94,49.0,1.34,435
SARA Mill,TX-SARA,2026-03-13T04:48:14.187Z,395.7,396.2,403.5,18.08,17.72,18.29,21.55,1078.142,107.814,0.87,60.4,0.86,447
Compressor Array,D-003,2026-03-13T04:48:14.187Z,401.6,395.8,395.2,18.40,18.14,19.69,22.35,971.906,97.191,0.91,43.8,0.26,432
JMS Industrial,TX-JMS,2026-03-13T04:53:14.187Z,399.4,397.2,396.2,19.92,18.33,16.05,21.59,1049.508,104.951,0.90,48.6,0.74,476
EBOOT CNC,TX-EBOOT,2026-03-13T04:53:14.187Z,405.0,404.5,399.6,17.56,15.56,17.41,20.36,1012.397,101.240,0.93,57.3,1.37,475
SARA Mill,TX-SARA,2026-03-13T04:53:14.187Z,404.9,402.9,404.5,18.62,15.79,18.22,21.27,1079.914,107.991,0.91,40.1,0.57,474
Compressor Array,D-003,2026-03-13T04:53:14.187Z,404.8,395.8,401.9,15.43,16.61,18.65,20.31,973.599,97.360,0.87,47.8,1.88,442
JMS Industrial,TX-JMS,2026-03-13T04:58:14.187Z,395.2,397.0,400.8,19.68,18.48,15.31,21.25,1051.279,105.128,0.92,46.1,1.96,466
EBOOT CNC,TX-EBOOT,2026-03-13T04:58:14.187Z,395.7,398.0,400.3,17.38,17.78,19.23,21.65,1014.202,101.420,0.93,50.7,1.10,410
SARA Mill,TX-SARA,2026-03-13T04:58:14.187Z,395.5,399.9,402.9,16.32,17.30,18.04,20.64,1081.634,108.163,0.90,56.6,2.06,473
Compressor Array,D-003,2026-03-13T04:58:14.187Z,404.1,403.9,401.4,15.27,18.64,19.13,21.38,975.380,97.538,0.92,49.5,1.75,462
JMS Industrial,TX-JMS,2026-03-13T05:03:14.187Z,399.1,396.0,404.3,16.25,18.32,15.40,19.96,1052.942,105.294,0.92,58.1,0.93,497
EBOOT CNC,TX-EBOOT,2026-03-13T05:03:14.187Z,397.5,398.9,398.7,16.36,17.72,19.30,21.27,1015.974,101.597,0.89,54.6,2.12,478
SARA Mill,TX-SARA,2026-03-13T05:03:14.187Z,404.3,404.7,396.1,17.47,16.05,17.64,20.54,1083.346,108.335,0.85,68.5,1.56,405
Compressor Array,D-003,2026-03-13T05:03:14.187Z,404.6,399.4,399.3,16.69,18.98,15.82,20.65,977.101,97.710,0.93,64.4,0.49,481
JMS Industrial,TX-JMS,2026-03-13T05:08:14.187Z,400.1,396.1,403.2,18.31,16.18,17.04,20.60,1054.659,105.466,0.86,45.5,1.25,408
EBOOT CNC,TX-EBOOT,2026-03-13T05:08:14.187Z,402.8,395.7,398.0,15.57,16.40,16.80,19.45,1017.595,101.759,0.85,62.9,0.60,455
SARA Mill,TX-SARA,2026-03-13T05:08:14.187Z,403.4,396.6,403.6,16.39,16.10,16.89,19.82,1084.998,108.500,0.85,68.1,1.43,420
Compressor Array,D-003,2026-03-13T05:08:14.187Z,404.8,401.8,396.4,17.84,15.96,19.76,21.47,978.890,97.889,0.90,53.6,0.85,470
JMS Industrial,TX-JMS,2026-03-13T05:13:14.187Z,396.7,397.5,395.3,17.05,18.64,16.03,20.51,1056.368,105.637,0.86,46.8,0.98,448
EBOOT CNC,TX-EBOOT,2026-03-13T05:13:14.187Z,398.6,399.7,398.6,19.86,18.67,17.36,22.30,1019.453,101.945,0.87,65.3,1.42,400
SARA Mill,TX-SARA,2026-03-13T05:13:14.187Z,402.4,402.5,401.4,18.47,19.62,17.24,22.25,1086.852,108.685,0.85,40.8,1.37,485
Compressor Array,D-003,2026-03-13T05:13:14.187Z,398.3,397.2,401.7,19.35,17.28,17.61,21.65,980.694,98.069,0.92,69.3,1.45,471
JMS Industrial,TX-JMS,2026-03-13T05:18:14.187Z,395.2,402.4,404.8,16.72,15.76,18.68,20.51,1058.077,105.808,0.94,40.9,1.41,427
EBOOT CNC,TX-EBOOT,2026-03-13T05:18:14.187Z,400.7,403.0,402.2,19.62,15.01,15.79,20.26,1021.141,102.114,0.89,54.5,0.52,419
SARA Mill,TX-SARA,2026-03-13T05:18:14.187Z,403.2,400.9,396.5,16.86,17.07,16.19,20.06,1088.524,108.852,0.93,43.4,1.97,410
Compressor Array,D-003,2026-03-13T05:18:14.187Z,403.2,397.3,401.0,16.96,16.56,17.48,20.43,982.396,98.240,0.92,51.9,0.63,494
JMS Industrial,TX-JMS,2026-03-13T05:23:14.187Z,398.3,404.3,399.6,17.35,15.98,18.75,20.86,1059.816,105.982,0.86,57.1,0.69,418
EBOOT CNC,TX-EBOOT,2026-03-13T05:23:14.187Z,404.6,402.7,396.9,18.07,15.59,19.82,21.45,1022.929,102.293,0.89,58.1,0.21,401
SARA Mill,TX-SARA,2026-03-13T05:23:14.187Z,401.6,403.5,404.8,16.10,19.57,15.09,20.47,1090.230,109.023,0.88,55.4,0.31,483
Compressor Array,D-003,2026-03-13T05:23:14.187Z,395.7,399.6,399.1,17.52,16.38,17.06,20.29,984.087,98.409,0.93,69.8,1.22,493
JMS Industrial,TX-JMS,2026-03-13T05:28:14.187Z,396.2,403.0,398.9,15.45,17.52,16.72,19.85,1061.470,106.147,0.92,61.9,0.21,471
EBOOT CNC,TX-EBOOT,2026-03-13T05:28:14.187Z,398.0,400.8,404.0,19.44,15.74,15.16,20.17,1024.610,102.461,0.87,47.9,1.32,455
SARA Mill,TX-SARA,2026-03-13T05:28:14.187Z,400.2,395.4,402.1,17.61,18.83,15.63,20.78,1091.961,109.196,0.86,60.4,0.71,406
Compressor Array,D-003,2026-03-13T05:28:14.187Z,396.3,396.3,401.2,19.31,18.40,18.30,22.28,985.944,98.594,0.92,53.1,0.97,440
JMS Industrial,TX-JMS,2026-03-13T05:33:14.187Z,396.6,399.8,396.5,15.51,18.26,16.11,19.84,1063.123,106.312,0.87,66.4,0.40,450
EBOOT CNC,TX-EBOOT,2026-03-13T05:33:14.187Z,400.4,396.4,397.9,18.36,18.35,17.04,21.41,1026.394,102.639,0.91,43.2,1.15,480
SARA Mill,TX-SARA,2026-03-13T05:33:14.187Z,398.6,400.1,403.7,18.93,19.94,18.09,22.83,1093.863,109.386,0.94,69.6,1.35,458
Compressor Array,D-003,2026-03-13T05:33:14.187Z,396.1,400.2,397.8,15.30,18.05,15.26,19.36,987.557,98.756,0.92,50.9,1.23,450
JMS Industrial,TX-JMS,2026-03-13T05:38:14.187Z,403.3,401.7,399.1,16.58,16.89,15.35,19.60,1064.756,106.476,0.92,59.9,0.23,483
EBOOT CNC,TX-EBOOT,2026-03-13T05:38:14.187Z,401.4,400.7,402.4,16.55,16.60,16.43,19.91,1028.053,102.805,0.89,63.7,1.42,499
SARA Mill,TX-SARA,2026-03-13T05:38:14.187Z,405.0,397.2,404.4,17.93,17.67,15.92,20.72,1095.590,109.559,0.89,41.3,0.26,468
Compressor Array,D-003,2026-03-13T05:38:14.187Z,404.1,397.4,404.3,17.66,16.31,18.34,21.04,989.310,98.931,0.90,60.9,2.06,440
JMS Industrial,TX-JMS,2026-03-13T05:43:14.187Z,396.5,398.7,401.6,16.66,16.01,17.20,19.90,1066.415,106.641,0.92,45.4,0.34,443
EBOOT CNC,TX-EBOOT,2026-03-13T05:43:14.187Z,401.1,399.1,396.4,18.70,18.54,17.47,21.82,1029.872,102.987,0.88,64.2,2.05,454
SARA Mill,TX-SARA,2026-03-13T05:43:14.187Z,402.0,397.8,400.3,19.62,15.36,19.60,21.84,1097.410,109.741,0.91,68.6,0.28,411
Compressor Array,D-003,2026-03-13T05:43:14.187Z,396.1,404.9,404.4,15.61,19.98,18.67,21.82,991.129,99.113,0.94,48.6,1.72,476
JMS Industrial,TX-JMS,2026-03-13T05:48:14.187Z,398.4,403.1,400.1,17.00,16.22,16.62,19.96,1068.078,106.808,0.93,57.1,0.56,467
EBOOT CNC,TX-EBOOT,2026-03-13T05:48:14.187Z,396.7,395.7,404.7,19.47,18.56,18.51,22.56,1031.752,103.175,0.87,51.9,1.04,434
SARA Mill,TX-SARA,2026-03-13T05:48:14.187Z,404.2,400.7,399.9,18.49,16.53,19.10,21.74,1099.221,109.922,0.92,55.5,1.28,418
Compressor Array,D-003,2026-03-13T05:48:14.187Z,403.7,400.3,395.3,17.20,18.59,15.87,20.66,992.850,99.285,0.85,61.2,2.05,416
JMS Industrial,TX-JMS,2026-03-13T05:53:14.187Z,395.6,403.4,400.5,19.62,18.80,19.44,23.13,1070.005,107.001,0.93,68.8,0.36,467
EBOOT CNC,TX-EBOOT,2026-03-13T05:53:14.187Z,401.1,399.3,400.2,18.24,19.54,15.76,21.42,1033.537,103.354,0.85,41.8,0.67,488
SARA Mill,TX-SARA,2026-03-13T05:53:14.187Z,398.9,396.4,400.5,17.99,19.77,15.27,21.13,1100.982,110.098,0.86,43.0,0.83,425
Compressor Array,D-003,2026-03-13T05:53:14.187Z,398.8,397.8,403.9,16.15,17.86,18.72,21.10,994.608,99.461,0.90,55.4,1.28,488
JMS Industrial,TX-JMS,2026-03-13T05:58:14.187Z,400.0,399.3,402.4,17.09,15.96,15.93,19.62,1071.640,107.164,0.89,63.8,1.25,405
EBOOT CNC,TX-EBOOT,2026-03-13T05:58:14.187Z,402.2,397.0,396.5,18.68,18.78,16.17,21.38,1035.319,103.532,0.94,59.8,1.45,481
SARA Mill,TX-SARA,2026-03-13T05:58:14.187Z,404.2,395.1,400.4,17.27,17.81,18.24,21.32,1102.759,110.276,0.94,60.7,0.90,443
Compressor Array,D-003,2026-03-13T05:58:14.187Z,397.9,402.2,395.3,16.12,17.37,17.85,20.45,996.313,99.631,0.87,60.1,1.57,419
JMS Industrial,TX-JMS,2026-03-13T06:03:14.187Z,397.1,401.4,395.1,16.22,19.76,17.28,21.20,1073.407,107.341,0.94,67.5,0.84,455
EBOOT CNC,TX-EBOOT,2026-03-13T06:03:14.187Z,402.3,396.6,400.2,16.86,17.21,15.67,19.88,1036.975,103.698,0.89,49.8,1.33,445
SARA Mill,TX-SARA,2026-03-13T06:03:14.187Z,401.6,402.7,401.4,16.01,17.03,19.07,20.94,1104.504,110.450,0.89,41.1,1.61,434
Compressor Array,D-003,2026-03-13T06:03:14.187Z,404.7,403.3,400.2,16.54,16.63,17.06,20.23,997.999,99.800,0.91,53.3,0.73,404
JMS Industrial,TX-JMS,2026-03-13T06:08:14.187Z,402.3,395.8,403.2,17.69,15.84,15.23,19.52,1075.034,107.503,0.93,43.0,2.06,404
EBOOT CNC,TX-EBOOT,2026-03-13T06:08:14.187Z,401.7,399.1,399.1,15.66,16.71,16.02,19.35,1038.588,103.859,0.94,52.6,1.81,457
SARA Mill,TX-SARA,2026-03-13T06:08:14.187Z,396.3,397.8,398.0,17.86,15.55,15.22,19.32,1106.114,110.611,0.93,52.3,1.57,459
Compressor Array,D-003,2026-03-13T06:08:14.187Z,403.8,404.3,398.0,17.88,15.28,15.19,19.45,999.619,99.962,0.95,43.9,0.34,438
JMS Industrial,TX-JMS,2026-03-13T06:13:14.187Z,400.2,398.5,403.9,17.70,17.71,15.34,20.34,1076.729,107.673,0.95,50.3,0.56,431
EBOOT CNC,TX-EBOOT,2026-03-13T06:13:14.187Z,401.2,405.0,404.7,19.27,16.31,19.40,22.18,1040.437,104.044,0.94,48.1,0.65,474
SARA Mill,TX-SARA,2026-03-13T06:13:14.187Z,397.7,396.4,398.6,16.14,17.32,18.38,20.61,1107.832,110.783,0.88,69.4,0.78,477
Compressor Array,D-003,2026-03-13T06:13:14.187Z,398.1,400.9,395.9,18.09,18.77,18.64,22.11,1001.461,100.146,0.90,58.3,1.91,470
JMS Industrial,TX-JMS,2026-03-13T06:18:14.187Z,402.2,402.1,403.6,15.14,19.42,19.04,21.58,1078.527,107.853,0.93,50.2,1.22,482
EBOOT CNC,TX-EBOOT,2026-03-13T06:18:14.187Z,403.9,404.2,396.7,15.06,15.99,15.60,18.74,1041.998,104.200,0.91,61.8,2.11,441
SARA Mill,TX-SARA,2026-03-13T06:18:14.187Z,399.6,398.7,402.3,16.31,17.53,17.68,20.62,1109.550,110.955,0.92,43.5,0.24,454
Compressor Array,D-003,2026-03-13T06:18:14.187Z,395.9,401.8,403.1,16.12,16.60,18.19,20.38,1003.160,100.316,0.94,61.7,0.91,461
JMS Industrial,TX-JMS,2026-03-13T06:23:14.187Z,396.0,399.0,401.6,16.79,17.64,16.67,20.38,1080.225,108.023,0.86,59.5,1.18,485
EBOOT CNC,TX-EBOOT,2026-03-13T06:23:14.187Z,397.2,396.6,395.8,19.62,18.40,17.49,22.01,1043.833,104.383,0.89,64.6,1.84,437
SARA Mill,TX-SARA,2026-03-13T06:23:14.187Z,397.4,395.2,405.0,18.01,18.54,18.44,21.95,1111.379,111.138,0.89,64.7,1.92,475
Compressor Array,D-003,2026-03-13T06:23:14.187Z,401.2,399.7,399.7,16.27,16.27,17.30,19.94,1004.822,100.482,0.90,50.8,1.91,499
JMS Industrial,TX-JMS,2026-03-13T06:28:14.187Z,400.6,403.1,397.8,15.64,15.19,15.14,18.41,1081.760,108.176,0.89,52.5,1.55,434
EBOOT CNC,TX-EBOOT,2026-03-13T06:28:14.187Z,404.7,398.0,397.8,19.48,19.65,16.85,22.41,1045.700,104.570,0.89,57.0,1.90,449
SARA Mill,TX-SARA,2026-03-13T06:28:14.187Z,398.3,397.8,400.5,19.21,16.10,18.12,21.31,1113.155,111.316,0.91,51.2,1.61,484
Compressor Array,D-003,2026-03-13T06:28:14.187Z,397.4,403.2,403.1,15.41,18.24,15.15,19.58,1006.454,100.645,0.94,67.5,0.96,409
JMS Industrial,TX-JMS,2026-03-13T06:33:14.187Z,400.6,404.1,401.2,15.32,16.86,19.35,20.71,1083.486,108.349,0.87,48.5,1.45,466
EBOOT CNC,TX-EBOOT,2026-03-13T06:33:14.187Z,400.8,397.3,405.0,17.89,16.52,18.14,21.08,1047.456,104.746,0.89,64.9,0.22,409
SARA Mill,TX-SARA,2026-03-13T06:33:14.187Z,398.8,395.9,402.5,18.06,19.61,15.11,21.05,1114.909,111.491,0.94,51.1,0.68,479
Compressor Array,D-003,2026-03-13T06:33:14.187Z,404.9,403.7,402.6,17.77,15.80,16.46,20.20,1008.137,100.814,0.88,69.6,1.03,492
JMS Industrial,TX-JMS,2026-03-13T06:38:14.187Z,402.1,404.0,400.2,19.74,19.92,17.78,23.10,1085.411,108.541,0.86,41.8,0.85,491
EBOOT CNC,TX-EBOOT,2026-03-13T06:38:14.187Z,404.9,398.8,403.2,19.15,15.81,17.98,21.31,1049.232,104.923,0.91,52.2,1.26,489
SARA Mill,TX-SARA,2026-03-13T06:38:14.187Z,403.8,403.0,401.8,16.54,19.95,16.96,21.54,1116.704,111.670,0.91,56.8,2.04,497
Compressor Array,D-003,2026-03-13T06:38:14.187Z,404.7,397.8,403.8,18.69,18.47,15.93,21.35,1009.916,100.992,0.87,65.1,1.50,458
JMS Industrial,TX-JMS,2026-03-13T06:43:14.187Z,398.3,397.3,395.9,15.50,18.47,16.96,20.23,1087.096,108.710,0.90,67.8,1.69,436
EBOOT CNC,TX-EBOOT,2026-03-13T06:43:14.187Z,403.5,395.0,396.5,16.89,15.23,15.70,19.06,1050.820,105.082,0.95,54.5,2.15,496
SARA Mill,TX-SARA,2026-03-13T06:43:14.187Z,402.6,399.8,403.9,18.42,17.43,18.46,21.84,1118.524,111.852,0.86,67.8,1.48,450
Compressor Array,D-003,2026-03-13T06:43:14.187Z,395.7,395.2,397.0,15.35,15.02,15.42,18.13,1011.427,101.143,0.93,67.5,0.25,422
JMS Industrial,TX-JMS,2026-03-13T06:48:14.187Z,400.2,399.7,399.5,17.96,17.31,19.46,21.88,1088.919,108.892,0.95,55.0,0.63,438
EBOOT CNC,TX-EBOOT,2026-03-13T06:48:14.187Z,396.6,400.0,404.8,18.06,19.60,18.95,22.67,1052.709,105.271,0.91,65.9,2.07,442
SARA Mill,TX-SARA,2026-03-13T06:48:14.187Z,397.3,400.7,400.0,15.37,19.22,17.95,20.99,1120.273,112.027,0.90,47.7,0.84,423
Compressor Array,D-003,2026-03-13T06:48:14.187Z,401.7,400.2,396.7,19.87,16.75,15.38,20.79,1013.159,101.316,0.88,61.5,0.97,492
JMS Industrial,TX-JMS,2026-03-13T06:53:14.187Z,398.5,397.1,401.5,15.20,17.21,17.45,19.90,1090.578,109.058,0.93,51.3,0.58,426
EBOOT CNC,TX-EBOOT,2026-03-13T06:53:14.187Z,404.9,404.5,405.0,15.51,17.35,17.46,20.37,1054.406,105.441,0.95,66.4,0.81,423
SARA Mill,TX-SARA,2026-03-13T06:53:14.187Z,404.3,405.0,395.6,18.06,18.91,19.23,22.57,1122.153,112.215,0.93,52.0,0.29,409
Compressor Array,D-003,2026-03-13T06:53:14.187Z,404.0,396.1,404.2,15.10,17.09,15.98,19.33,1014.770,101.477,0.94,44.0,0.57,420
JMS Industrial,TX-JMS,2026-03-13T06:58:14.187Z,403.8,397.2,399.5,17.78,15.24,19.27,20.93,1092.322,109.232,0.92,53.0,1.27,487
EBOOT CNC,TX-EBOOT,2026-03-13T06:58:14.187Z,401.3,404.7,401.2,16.88,15.68,16.74,19.83,1056.059,105.606,0.90,62.9,1.82,413
SARA Mill,TX-SARA,2026-03-13T06:58:14.187Z,400.0,397.5,403.2,19.60,18.65,19.42,23.08,1124.077,112.408,0.90,53.1,0.65,485
Compressor Array,D-003,2026-03-13T06:58:14.187Z,401.3,402.8,402.7,16.60,16.58,18.12,20.64,1016.490,101.649,0.90,47.6,1.92,408
JMS Industrial,TX-JMS,2026-03-13T07:03:14.187Z,401.0,399.5,396.9,17.75,15.21,19.39,20.89,1094.063,109.406,0.86,59.4,0.23,432
EBOOT CNC,TX-EBOOT,2026-03-13T07:03:14.187Z,395.7,395.5,403.3,19.07,17.26,18.14,21.69,1057.867,105.787,0.86,60.9,0.28,415
SARA Mill,TX-SARA,2026-03-13T07:03:14.187Z,404.8,403.3,403.0,15.81,19.31,15.79,20.55,1125.790,112.579,0.95,55.8,0.94,446
Compressor Array,D-003,2026-03-13T07:03:14.187Z,401.7,401.8,402.0,16.82,18.76,18.59,21.77,1018.303,101.830,0.85,53.1,0.55,472
JMS Industrial,TX-JMS,2026-03-13T07:08:14.187Z,404.3,402.1,398.9,15.42,15.23,18.31,19.67,1095.702,109.570,0.89,65.3,0.61,476
EBOOT CNC,TX-EBOOT,2026-03-13T07:08:14.187Z,398.0,396.9,403.3,19.64,19.50,16.93,22.38,1059.732,105.973,0.94,63.4,0.58,466
SARA Mill,TX-SARA,2026-03-13T07:08:14.187Z,403.8,395.3,404.1,17.78,16.99,18.20,21.25,1127.561,112.756,0.91,52.4,0.52,421
Compressor Array,D-003,2026-03-13T07:08:14.187Z,399.5,402.4,398.6,18.86,17.24,19.99,22.44,1020.173,102.017,0.94,63.2,0.93,497
JMS Industrial,TX-JMS,2026-03-13T07:13:14.187Z,403.0,402.6,403.4,15.28,19.19,18.79,21.46,1097.491,109.749,0.92,63.3,2.03,490
EBOOT CNC,TX-EBOOT,2026-03-13T07:13:14.187Z,402.4,397.9,404.4,17.25,16.56,15.72,19.89,1061.389,106.139,0.92,41.4,2.01,456
SARA Mill,TX-SARA,2026-03-13T07:13:14.187Z,400.5,404.2,398.0,19.25,15.55,19.35,21.69,1129.368,112.937,0.93,61.2,1.38,437
Compressor Array,D-003,2026-03-13T07:13:14.187Z,400.9,396.8,402.9,15.76,18.77,15.48,20.00,1021.840,102.184,0.88,66.5,0.28,479
JMS Industrial,TX-JMS,2026-03-13T07:18:14.187Z,401.3,402.3,403.5,15.63,15.37,19.82,20.45,1099.195,109.920,0.89,54.1,1.89,448
EBOOT CNC,TX-EBOOT,2026-03-13T07:18:14.187Z,396.0,400.5,404.2,19.96,18.73,18.13,22.74,1063.284,106.328,0.88,46.4,2.14,435
SARA Mill,TX-SARA,2026-03-13T07:18:14.187Z,400.4,396.0,395.3,16.53,19.33,19.74,22.08,1131.208,113.121,0.94,63.7,1.67,410
Compressor Array,D-003,2026-03-13T07:18:14.187Z,396.4,399.7,404.3,18.98,18.13,15.79,21.15,1023.603,102.360,0.90,60.8,0.88,479
JMS Industrial,TX-JMS,2026-03-13T07:23:14.187Z,399.1,404.3,403.6,16.31,15.30,19.44,20.54,1100.907,110.091,0.92,61.7,1.34,497
EBOOT CNC,TX-EBOOT,2026-03-13T07:23:14.187Z,397.9,401.0,396.9,17.86,18.81,19.66,22.45,1065.155,106.515,0.91,65.1,1.64,495
SARA Mill,TX-SARA,2026-03-13T07:23:14.187Z,404.7,397.7,404.3,19.84,19.62,18.16,23.17,1133.139,113.314,0.90,42.5,0.33,437
Compressor Array,D-003,2026-03-13T07:23:14.187Z,400.2,399.8,396.7,19.62,16.55,15.35,20.56,1025.316,102.532,0.95,60.0,0.43,400
JMS Industrial,TX-JMS,2026-03-13T07:28:14.187Z,401.5,400.6,395.4,19.06,15.09,19.03,21.22,1102.676,110.268,0.90,51.8,1.52,441
EBOOT CNC,TX-EBOOT,2026-03-13T07:28:14.187Z,404.9,400.9,401.3,16.69,16.40,15.42,19.52,1066.781,106.678,0.93,63.6,1.36,443
SARA Mill,TX-SARA,2026-03-13T07:28:14.187Z,398.6,400.6,398.7,17.43,19.80,19.89,22.81,1135.040,113.504,0.94,58.7,1.17,418
Compressor Array,D-003,2026-03-13T07:28:14.187Z,400.9,404.4,398.9,15.11,19.68,18.74,21.50,1027.108,102.711,0.93,45.0,1.88,436
JMS Industrial,TX-JMS,2026-03-13T07:33:14.187Z,401.4,399.8,404.9,19.91,18.75,18.12,22.82,1104.578,110.458,0.87,67.0,1.64,469
EBOOT CNC,TX-EBOOT,2026-03-13T07:33:14.187Z,402.8,404.8,400.4,18.82,16.54,15.28,20.39,1068.481,106.848,0.89,54.5,0.24,423
SARA Mill,TX-SARA,2026-03-13T07:33:14.187Z,400.5,402.1,396.8,19.82,18.84,16.34,22.00,1136.873,113.687,0.93,69.1,2.11,463
Compressor Array,D-003,2026-03-13T07:33:14.187Z,397.4,399.3,399.0,19.03,16.99,16.97,21.12,1028.868,102.887,0.88,65.0,1.87,485
JMS Industrial,TX-JMS,2026-03-13T07:38:14.187Z,396.6,401.2,401.7,19.69,17.00,17.06,21.48,1106.368,110.637,0.92,62.0,0.40,444
EBOOT CNC,TX-EBOOT,2026-03-13T07:38:14.187Z,399.8,401.0,396.3,15.62,17.34,17.09,19.97,1070.145,107.015,0.90,48.8,1.07,445
SARA Mill,TX-SARA,2026-03-13T07:38:14.187Z,395.3,401.9,403.5,16.10,16.67,17.08,19.96,1138.536,113.854,0.94,55.1,1.77,491
Compressor Array,D-003,2026-03-13T07:38:14.187Z,400.3,403.8,403.3,18.45,15.22,19.06,21.22,1030.636,103.064,0.95,69.2,0.43,419
JMS Industrial,TX-JMS,2026-03-13T07:43:14.187Z,397.0,396.9,401.3,15.09,19.53,18.42,21.13,1108.129,110.813,0.89,69.8,0.39,439
EBOOT CNC,TX-EBOOT,2026-03-13T07:43:14.187Z,403.4,400.0,404.3,16.56,15.61,17.40,19.96,1071.808,107.181,0.86,68.9,1.27,433
SARA Mill,TX-SARA,2026-03-13T07:43:14.187Z,403.7,403.8,399.2,15.63,19.69,18.76,21.75,1140.348,114.035,0.86,63.7,1.86,496
Compressor Array,D-003,2026-03-13T07:43:14.187Z,402.5,398.6,395.6,18.52,15.95,17.92,20.90,1032.378,103.238,0.94,59.4,1.10,423
JMS Industrial,TX-JMS,2026-03-13T07:48:14.187Z,400.1,403.9,395.8,18.51,16.65,19.14,21.71,1109.938,110.994,0.91,53.5,1.30,445
EBOOT CNC,TX-EBOOT,2026-03-13T07:48:14.187Z,403.1,404.3,403.0,18.83,15.15,16.05,20.18,1073.490,107.349,0.92,54.8,0.66,480
SARA Mill,TX-SARA,2026-03-13T07:48:14.187Z,400.0,400.5,395.8,15.72,16.33,16.29,19.27,1141.955,114.195,0.91,66.4,1.46,406
Compressor Array,D-003,2026-03-13T07:48:14.187Z,400.0,405.0,399.4,17.00,15.21,19.69,20.83,1034.113,103.411,0.90,44.1,0.51,422
JMS Industrial,TX-JMS,2026-03-13T07:53:14.187Z,399.0,399.1,395.7,16.01,15.01,18.44,19.68,1111.577,111.158,0.92,68.9,1.02,402
EBOOT CNC,TX-EBOOT,2026-03-13T07:53:14.187Z,398.6,396.2,398.6,18.50,18.64,16.43,21.31,1075.266,107.527,0.89,59.5,0.20,463
SARA Mill,TX-SARA,2026-03-13T07:53:14.187Z,399.6,402.6,397.1,19.84,17.46,17.15,21.77,1143.769,114.377,0.86,51.4,0.50,450
Compressor Array,D-003,2026-03-13T07:53:14.187Z,400.3,404.9,395.6,16.05,16.35,15.05,19.00,1035.696,103.570,0.90,50.5,1.88,444
JMS Industrial,TX-JMS,2026-03-13T07:58:14.187Z,403.5,398.6,398.0,18.60,17.90,18.99,22.20,1113.427,111.343,0.86,68.9,1.63,498
EBOOT CNC,TX-EBOOT,2026-03-13T07:58:14.187Z,403.8,401.8,402.0,17.60,15.43,16.79,20.05,1076.937,107.694,0.87,48.2,0.42,453
SARA Mill,TX-SARA,2026-03-13T07:58:14.187Z,399.4,397.2,401.2,18.35,17.84,16.84,21.17,1145.533,114.553,0.94,51.0,0.77,482
Compressor Array,D-003,2026-03-13T07:58:14.187Z,401.9,402.3,400.7,16.10,17.25,19.24,21.12,1037.456,103.746,0.93,65.2,1.74,425
JMS Industrial,TX-JMS,2026-03-13T08:03:14.187Z,397.3,404.7,398.0,19.36,16.51,16.30,20.86,1115.166,111.517,0.87,66.8,0.55,472
EBOOT CNC,TX-EBOOT,2026-03-13T08:03:14.187Z,404.9,401.3,400.5,19.26,16.77,17.26,21.44,1078.724,107.872,0.90,53.3,2.14,441
SARA Mill,TX-SARA,2026-03-13T08:03:14.187Z,401.1,395.6,395.4,18.07,17.85,16.25,20.73,1147.261,114.726,0.85,52.3,0.96,429
Compressor Array,D-003,2026-03-13T08:03:14.187Z,404.9,398.9,400.1,18.30,15.84,19.82,21.66,1039.261,103.926,0.94,45.9,1.46,487
JMS Industrial,TX-JMS,2026-03-13T08:08:14.187Z,401.9,404.7,397.0,16.06,18.16,17.87,20.90,1116.907,111.691,0.92,64.4,1.28,412
EBOOT CNC,TX-EBOOT,2026-03-13T08:08:14.187Z,397.2,395.7,397.0,19.59,15.22,18.41,21.11,1080.483,108.048,0.93,66.7,1.81,436
SARA Mill,TX-SARA,2026-03-13T08:08:14.187Z,396.2,402.1,399.2,17.52,17.78,17.17,20.94,1149.006,114.901,0.94,52.7,0.89,446
Compressor Array,D-003,2026-03-13T08:08:14.187Z,398.0,404.3,403.1,18.76,18.93,16.03,21.58,1041.060,104.106,0.94,41.6,0.70,459
JMS Industrial,TX-JMS,2026-03-13T08:13:14.187Z,402.6,403.6,397.6,15.14,17.79,15.04,19.26,1118.512,111.851,0.89,61.9,1.77,434
EBOOT CNC,TX-EBOOT,2026-03-13T08:13:14.187Z,404.4,404.7,395.5,19.73,16.29,15.29,20.61,1082.201,108.220,0.87,55.3,0.91,405
SARA Mill,TX-SARA,2026-03-13T08:13:14.187Z,400.6,402.5,397.7,16.31,15.79,17.85,19.99,1150.672,115.067,0.94,65.6,1.05,411
Compressor Array,D-003,2026-03-13T08:13:14.187Z,397.8,396.6,399.8,18.89,19.07,19.33,22.81,1042.961,104.296,0.90,41.9,0.68,437
JMS Industrial,TX-JMS,2026-03-13T08:18:14.187Z,399.9,396.7,403.6,15.05,19.58,17.90,21.01,1120.263,112.026,0.91,53.0,1.94,490
EBOOT CNC,TX-EBOOT,2026-03-13T08:18:14.187Z,400.8,402.8,402.7,15.56,18.43,19.59,21.55,1083.997,108.400,0.90,51.8,0.55,452
SARA Mill,TX-SARA,2026-03-13T08:18:14.187Z,395.4,395.2,395.1,19.72,18.15,17.41,21.85,1152.493,115.249,0.86,47.6,0.71,457
Compressor Array,D-003,2026-03-13T08:18:14.187Z,401.6,402.8,395.7,15.01,16.41,16.30,19.09,1044.551,104.455,0.94,51.3,1.99,467
JMS Industrial,TX-JMS,2026-03-13T08:23:14.187Z,401.0,400.6,404.3,19.98,16.94,15.67,21.14,1122.024,112.202,0.86,47.2,1.86,408
EBOOT CNC,TX-EBOOT,2026-03-13T08:23:14.187Z,400.9,402.5,403.7,16.18,18.60,15.08,20.06,1085.668,108.567,0.89,47.8,1.46,484
SARA Mill,TX-SARA,2026-03-13T08:23:14.187Z,403.2,403.9,404.4,17.79,19.37,19.31,22.81,1154.393,115.439,0.95,60.9,1.93,438
Compressor Array,D-003,2026-03-13T08:23:14.187Z,403.4,398.8,396.4,16.71,18.95,15.21,20.33,1046.246,104.625,0.91,69.0,2.07,461
JMS Industrial,TX-JMS,2026-03-13T08:28:14.187Z,395.4,400.3,399.9,18.57,15.80,17.95,20.85,1123.761,112.376,0.91,51.3,1.06,495
EBOOT CNC,TX-EBOOT,2026-03-13T08:28:14.187Z,403.5,396.1,402.3,18.16,18.26,17.23,21.50,1087.460,108.746,0.90,51.2,0.36,437
SARA Mill,TX-SARA,2026-03-13T08:28:14.187Z,404.7,401.0,404.6,17.17,18.41,18.38,21.77,1156.207,115.621,0.86,54.4,0.22,432
Compressor Array,D-003,2026-03-13T08:28:14.187Z,400.9,401.7,397.7,18.76,19.24,18.17,22.47,1048.118,104.812,0.94,54.1,2.09,407
JMS Industrial,TX-JMS,2026-03-13T08:33:14.187Z,400.0,400.1,397.2,18.80,19.21,18.56,22.58,1125.643,112.564,0.89,58.4,0.23,444
EBOOT CNC,TX-EBOOT,2026-03-13T08:33:14.187Z,404.0,402.8,395.9,18.03,17.41,19.22,21.91,1089.285,108.929,0.95,52.3,1.26,422
SARA Mill,TX-SARA,2026-03-13T08:33:14.187Z,397.8,400.3,401.0,19.55,15.63,19.65,21.92,1158.033,115.803,0.93,43.2,0.72,409
Compressor Array,D-003,2026-03-13T08:33:14.187Z,401.0,402.3,398.8,18.36,19.88,18.58,22.77,1050.016,105.002,0.87,52.6,2.12,480
JMS Industrial,TX-JMS,2026-03-13T08:38:14.187Z,397.4,403.7,403.0,17.66,17.77,15.23,20.33,1127.337,112.734,0.88,51.8,0.46,402
EBOOT CNC,TX-EBOOT,2026-03-13T08:38:14.187Z,399.7,395.7,401.5,17.49,18.11,17.51,21.19,1091.051,109.105,0.87,42.7,1.30,445
SARA Mill,TX-SARA,2026-03-13T08:38:14.187Z,402.5,398.2,402.2,16.92,15.72,15.32,19.23,1159.636,115.964,0.89,47.3,1.25,440
Compressor Array,D-003,2026-03-13T08:38:14.187Z,404.2,396.2,399.1,16.21,18.82,15.98,20.39,1051.715,105.171,0.86,59.9,0.89,494